Pfam	domain_name	5mSIPHEX1_0	5mSIPHEX1_1	5mSIPHEX1_10	5mSIPHEX1_11	5mSIPHEX1_13	5mSIPHEX1_15	5mSIPHEX1_18	5mSIPHEX1_19	5mSIPHEX1_2	5mSIPHEX1_25	5mSIPHEX1_26	5mSIPHEX1_32	5mSIPHEX1_33	5mSIPHEX1_37	5mSIPHEX1_8	5mSIPHEX1_9	5mSIPHEX2_10	5mSIPHEX2_14	5mSIPHEX2_16	5mSIPHEX2_18	5mSIPHEX2_25	5mSIPHEX2_3	5mSIPHEX2_5	5mSIPHEX2_7	700mSIPHEX1_0	700mSIPHEX1_1	700mSIPHEX1_12	700mSIPHEX1_15	700mSIPHEX1_17	700mSIPHEX1_18	700mSIPHEX1_2	700mSIPHEX1_20	700mSIPHEX1_3	700mSIPHEX1_8	700mSIPHEX2_13	700mSIPHEX2_14	700mSIPHEX2_16	700mSIPHEX2_21	700mSIPHEX2_22	700mSIPHEX2_23	700mSIPHEX2_24	700mSIPHEX2_9
PF00005	ABC transporter	74	42	76	30	54	21	28	26	27	30	20	28	21	61	100	20	69	78	16	31	91	60	29	54	41	98	36	29	29	36	32	33	76	44	44	29	36	29	33	34	34	83
PF08352	Oligopeptide/dipeptide transporter, C-terminal region	13	4	3	1	7	1	1	0	0	1	0	1	1	6	10	0	12	3	0	1	8	6	0	7	6	11	1	1	1	1	1	1	3	3	3	1	1	1	1	1	2	10
PF06242	Transcriptional cell cycle regulator TrcR	1	1	0	0	1	1	0	0	0	0	0	0	0	1	1	0	1	0	0	0	1	1	0	1	0	1	0	0	0	0	0	0	0	0	0	0	0	0	0	0	0	1
PF00586	AIR synthase related protein, N-terminal domain	3	1	2	3	2	4	3	1	3	3	2	4	2	2	2	2	3	2	1	3	2	2	2	2	1	3	3	3	2	3	2	3	2	0	0	2	3	3	2	3	2	3
PF02769	AIR synthase related protein, C-terminal domain	3	1	3	3	2	4	4	1	3	3	2	4	2	2	2	3	3	3	2	3	2	2	2	2	2	3	4	4	3	4	3	3	3	0	0	3	4	4	3	4	3	3
PF02021	Uncharacterised protein family UPF0102	1	1	1	1	1	1	1	1	1	1	0	1	1	1	1	1	1	2	1	1	1	1	1	1	0	1	1	1	1	1	1	1	1	1	1	1	1	1	1	1	1	1
PF01654	Cytochrome bd terminal oxidase subunit I	1	0	1	1	0	0	0	1	0	1	0	1	1	0	0	2	1	1	0	1	0	0	1	0	1	2	0	1	1	2	3	1	1	0	0	1	2	1	3	0	1	2
PF00528	Binding-protein-dependent transport system inner membrane component	54	30	39	10	31	3	7	8	4	10	0	9	2	40	78	2	53	39	0	10	67	36	9	31	31	59	2	6	2	8	6	12	39	29	29	2	8	6	7	2	18	52
PF00920	Dehydratase family	4	2	3	2	2	2	2	2	2	2	0	2	0	2	5	2	4	3	0	3	4	2	1	2	2	3	1	2	1	2	2	2	3	1	1	1	2	2	2	1	2	3
PF01458	SUF system FeS cluster assembly, SufBD	2	2	2	2	2	2	4	0	2	2	2	2	2	0	2	0	2	2	2	2	2	0	2	2	1	2	2	2	2	0	2	2	2	0	0	2	0	2	2	2	0	2
PF19295	SufBD protein N-terminal region	1	0	1	1	2	1	4	0	1	1	2	1	1	0	1	0	1	1	2	1	1	0	2	2	1	1	2	2	2	0	2	1	1	0	0	2	0	2	2	2	0	1
PF00359	Phosphoenolpyruvate-dependent sugar phosphotransferase system, EIIA 2	1	1	2	1	1	1	1	1	1	1	0	1	1	1	1	1	1	2	0	1	1	1	2	1	0	1	0	1	0	1	1	1	2	1	1	0	1	1	1	0	1	1
PF00926	3,4-dihydroxy-2-butanone 4-phosphate synthase	2	0	1	1	1	1	1	1	1	1	1	1	0	0	1	1	2	1	1	2	1	0	2	1	1	1	1	1	2	1	1	1	1	0	0	2	1	1	1	1	1	1
PF00925	GTP cyclohydrolase II	3	1	2	1	2	1	2	2	2	1	0	1	0	1	2	2	3	2	2	2	2	1	3	2	1	3	2	2	1	2	2	1	2	1	1	1	2	2	2	2	2	3
PF03054	tRNA methyl transferase HUP domain	2	1	1	2	1	1	1	1	1	2	0	1	1	0	2	1	2	1	1	2	2	0	1	1	1	1	1	1	1	1	1	2	1	0	0	1	1	1	1	1	1	1
PF00958	GMP synthase C terminal domain	1	1	1	1	1	1	0	1	1	1	0	1	0	0	1	1	1	2	1	2	1	0	1	1	1	0	1	1	1	1	1	1	1	0	0	1	1	1	1	1	1	0
PF00117	Glutamine amidotransferase class-I	6	8	6	6	9	7	5	7	5	7	3	7	3	3	8	3	6	6	3	7	8	3	7	9	2	6	5	6	5	6	6	7	6	2	2	5	6	6	6	5	3	6
PF01406	tRNA synthetases class I (C) catalytic domain	1	0	1	1	1	1	0	1	1	1	1	1	1	0	2	2	1	1	1	1	2	0	1	1	1	1	1	1	1	1	1	1	1	0	0	1	1	1	1	1	1	1
PF01262	Alanine dehydrogenase/PNT, C-terminal domain	1	1	2	1	2	2	1	2	1	1	0	3	0	1	1	0	1	2	1	1	1	1	2	2	1	3	1	2	1	1	2	1	2	1	0	1	1	2	2	1	0	3
PF05222	Alanine dehydrogenase/PNT, N-terminal domain	1	2	2	1	3	2	1	2	1	1	0	3	0	2	2	0	1	2	1	1	2	2	2	3	2	3	2	2	2	1	2	1	2	2	1	2	1	2	2	2	0	3
PF12769	4TM region of pyridine nucleotide transhydrogenase, mitoch	1	1	1	1	1	1	0	1	0	1	0	1	0	1	1	0	1	1	0	1	1	1	1	1	0	1	0	0	0	0	1	1	1	1	0	0	0	0	1	0	0	1
PF01546	Peptidase family M20/M25/M40	8	7	2	4	13	3	3	3	5	1	4	4	2	10	13	1	8	2	3	1	13	10	3	13	12	11	6	3	4	2	7	2	2	2	2	4	2	3	7	6	1	11
PF07687	Peptidase dimerisation domain	7	6	2	3	11	3	3	3	5	1	4	4	2	9	11	1	7	2	3	1	12	9	3	11	10	9	6	3	4	2	7	2	2	2	2	4	2	3	7	6	1	8
PF00171	Aldehyde dehydrogenase family	14	11	16	8	14	6	6	7	10	8	3	11	8	8	22	8	13	16	2	9	21	6	6	14	10	10	7	6	10	9	10	9	15	5	5	10	9	6	9	7	4	10
PF00814	tRNA N6-adenosine threonylcarbamoyltransferase	2	2	2	2	2	2	1	2	2	2	1	2	1	1	2	3	2	2	2	1	2	1	2	2	2	2	2	2	2	2	2	2	2	0	0	2	2	2	1	2	1	2
PF00697	N-(5'phosphoribosyl)anthranilate (PRA) isomerase	1	0	0	1	1	1	1	1	1	1	1	1	1	1	1	1	1	0	1	1	2	0	1	1	1	1	1	1	1	1	1	1	0	0	0	1	1	1	1	1	0	1
PF01725	Ham1 family	1	1	1	1	1	1	1	1	1	1	1	1	1	0	1	1	1	1	1	1	1	0	1	1	0	1	1	1	1	1	1	1	1	0	0	1	1	1	1	1	0	1
PF01925	Sulfite exporter TauE/SafE	4	4	4	4	7	3	3	6	2	3	2	4	1	1	7	4	4	4	2	3	6	1	6	7	2	4	5	3	1	5	6	4	4	0	1	1	5	3	6	5	2	4
PF07969	Amidohydrolase family	1	1	0	1	4	1	0	0	3	1	0	4	3	4	7	2	1	1	0	1	7	4	0	4	2	2	2	0	1	2	4	1	0	2	2	1	2	0	4	2	0	1
PF00664	ABC transporter transmembrane region	5	2	7	2	7	4	3	3	7	1	3	5	3	7	11	3	5	7	2	1	9	8	3	7	4	6	5	3	4	6	8	2	7	5	5	4	6	3	8	5	5	5
PF06850	PHB de-polymerase C-terminus	1	2	0	0	1	1	1	1	0	0	0	2	1	1	1	1	1	0	0	0	1	1	1	1	0	1	0	1	0	1	0	0	0	1	1	0	1	1	0	0	0	1
PF13975	gag-polyprotein putative aspartyl protease	1	0	0	0	1	1	0	0	0	0	0	1	0	1	1	1	1	0	0	0	1	1	0	1	1	1	0	0	0	1	3	0	0	1	1	0	1	0	3	0	0	1
PF01135	Protein-L-isoaspartate(D-aspartate) O-methyltransferase (PCMT)	2	1	1	1	2	2	1	1	1	1	1	2	1	2	2	1	2	1	1	1	2	2	1	2	1	2	1	1	1	1	1	1	1	1	1	1	1	1	1	1	1	2
PF02913	FAD linked oxidases, C-terminal domain	6	2	3	2	4	1	1	1	2	2	1	1	1	2	4	1	6	3	1	2	6	2	1	4	3	2	1	1	1	1	0	2	3	2	2	1	1	1	0	1	2	2
PF01565	FAD binding domain	9	3	4	4	7	2	1	2	3	4	2	4	2	2	7	1	9	4	2	4	8	2	2	7	3	4	2	2	2	5	3	4	4	4	4	2	5	2	3	2	3	4
PF00425	chorismate binding enzyme	1	1	2	2	1	2	1	2	2	2	1	2	1	2	1	1	1	2	2	2	1	2	2	1	0	2	3	2	3	2	2	2	2	2	2	3	2	2	2	3	1	2
PF04715	Anthranilate synthase component I, N terminal region	1	1	1	1	1	2	1	1	2	1	0	2	1	1	1	2	1	1	1	1	1	1	1	1	0	1	1	1	2	2	2	1	1	1	1	2	2	1	2	1	0	1
PF04055	Radical SAM superfamily	10	6	12	13	10	10	8	11	9	11	6	14	9	7	11	7	10	12	9	12	10	7	10	10	6	10	13	9	10	11	11	11	12	6	6	10	11	9	11	13	6	10
PF13458	Periplasmic binding protein	4	4	8	2	5	1	0	0	0	0	0	1	1	9	6	0	4	8	0	0	5	8	0	5	5	6	1	0	0	0	0	2	8	7	7	0	0	0	0	1	1	6
PF00725	3-hydroxyacyl-CoA dehydrogenase, C-terminal domain	3	3	5	4	4	3	2	3	3	2	2	2	2	3	7	3	3	5	1	1	7	3	3	4	5	3	3	3	2	4	3	3	5	2	2	2	4	3	4	3	3	3
PF00378	Enoyl-CoA hydratase/isomerase	5	10	13	10	14	14	4	5	6	8	4	21	11	11	20	8	5	13	4	7	15	11	6	14	10	10	5	5	5	8	8	11	13	15	15	5	8	5	9	5	6	10
PF02737	3-hydroxyacyl-CoA dehydrogenase, NAD binding domain	3	3	5	4	5	3	2	3	4	2	1	2	2	3	6	3	3	5	1	1	6	3	3	5	5	3	3	3	2	4	3	3	5	2	2	2	4	3	4	3	3	3
PF02600	Disulfide bond formation protein DsbB	1	1	1	1	2	1	1	1	1	1	0	1	1	0	1	1	1	1	0	1	1	0	1	2	2	1	0	1	0	1	1	1	1	0	0	0	1	1	1	0	0	1
PF07103	Protein of unknown function (DUF1365)	1	2	1	1	1	1	1	1	1	0	0	1	0	1	1	2	1	1	0	0	1	1	1	1	0	0	0	1	0	1	1	1	1	1	1	0	1	1	1	0	1	0
PF05013	N-formylglutamate amidohydrolase	1	1	0	0	3	1	0	0	0	0	0	2	1	3	4	1	1	0	0	0	4	3	0	3	1	2	1	0	1	1	0	0	0	1	1	1	1	0	0	1	0	2
PF02310	B12 binding domain	3	3	2	1	3	3	1	1	1	1	3	3	2	2	5	1	3	2	3	1	3	2	1	3	3	3	3	1	3	1	1	1	2	2	2	3	1	1	1	3	2	3
PF02607	B12 binding domain	1	0	1	1	1	1	1	1	1	1	2	1	0	1	2	1	1	1	2	1	1	1	1	1	1	1	2	1	2	1	1	1	1	1	1	2	1	1	1	2	1	1
PF01970	Tripartite tricarboxylate transporter TctA family	12	1	0	0	2	0	0	0	0	0	0	0	0	3	3	0	10	0	0	0	3	2	0	2	2	4	0	0	0	0	0	0	0	0	0	0	0	0	0	0	0	3
PF07331	Tripartite tricarboxylate transporter TctB family	12	0	1	0	2	0	0	0	0	0	0	0	0	0	3	0	10	1	0	0	2	0	0	2	0	2	0	0	0	0	0	0	1	0	0	0	0	0	0	0	1	2
PF16976	Flp pilus assembly protein RcpC/CpaB	1	0	0	1	1	1	0	0	0	1	0	2	1	0	1	0	1	1	0	1	1	0	0	1	0	0	0	0	0	0	0	1	0	0	0	0	0	0	0	0	0	0
PF01261	Xylose isomerase-like TIM barrel	3	3	1	1	1	0	0	1	0	1	0	1	0	1	9	0	3	1	0	1	8	1	1	1	0	12	4	1	0	0	0	2	1	1	1	0	0	1	0	4	0	9
PF00817	impB/mucB/samB family	2	0	2	2	2	4	2	1	2	2	2	3	0	2	3	1	2	2	2	2	2	2	1	2	1	2	2	3	3	2	3	2	2	2	2	3	2	3	3	2	2	2
PF11799	impB/mucB/samB family C-terminal domain	2	0	1	2	2	4	2	0	1	2	2	3	0	2	3	1	2	1	2	2	2	2	0	2	1	2	2	3	3	1	2	2	1	2	2	3	1	3	3	2	1	2
PF13932	tRNA modifying enzyme MnmG/GidA C-terminal helical bundle	1	0	1	1	1	1	1	1	1	1	1	1	0	0	1	0	1	1	1	1	1	0	1	1	0	1	1	1	1	1	1	1	1	0	0	1	1	1	1	1	0	1
PF01134	Glucose inhibited division protein A	2	1	1	1	2	2	1	1	1	1	1	2	1	0	2	0	2	1	2	1	1	0	1	2	1	2	1	1	1	1	1	1	1	0	0	1	1	1	1	1	0	2
PF21680	tRNA modifying enzyme MnmG/GidA C-terminal helical domain	1	0	1	1	1	1	1	1	1	1	1	1	0	0	1	0	1	1	1	1	1	0	1	1	0	1	1	1	1	1	1	1	1	0	0	1	1	1	1	1	0	1
PF13561	Enoyl-(Acyl carrier protein) reductase	19	12	11	9	14	16	8	7	7	10	1	29	15	11	23	7	17	12	1	10	22	11	5	14	8	20	8	8	9	11	7	10	11	11	11	9	11	8	7	7	8	19
PF13522	Glutamine amidotransferase domain	1	1	2	2	1	1	2	2	2	2	2	1	1	0	2	2	1	2	2	2	2	0	2	1	0	1	2	2	1	2	2	2	2	0	0	1	2	2	3	2	1	1
PF01380	SIS domain	2	2	3	2	2	2	3	3	6	2	2	3	2	1	7	2	2	3	3	2	7	1	3	2	1	3	3	3	3	4	5	2	3	1	1	3	4	3	5	3	2	2
PF05378	Hydantoinase/oxoprolinase N-terminal region	2	3	0	1	1	0	1	1	0	1	0	0	0	0	3	0	1	0	0	1	4	0	1	1	0	0	0	1	0	0	0	1	0	0	0	0	0	1	0	0	0	0
PF01968	Hydantoinase/oxoprolinase	2	4	0	1	1	0	1	1	0	1	0	0	0	0	3	0	1	0	0	1	5	0	1	1	0	0	0	1	0	0	0	1	0	0	0	0	0	1	0	0	0	0
PF00072	Response regulator receiver domain	30	15	67	41	24	24	47	45	26	41	18	39	23	37	33	52	27	73	16	41	29	39	46	24	24	41	35	54	34	81	72	41	67	24	24	34	81	54	75	35	38	38
PF00486	Transcriptional regulatory protein, C terminal	6	5	12	10	9	7	4	6	6	11	2	9	7	9	9	11	5	15	2	13	7	9	6	9	8	14	5	6	3	15	10	10	12	7	7	3	15	6	13	5	7	12
PF01351	Ribonuclease HII	1	1	1	1	1	1	2	0	1	1	1	1	1	1	1	1	1	1	1	1	1	1	1	1	0	1	1	1	1	1	1	1	1	1	1	1	1	1	1	1	1	1
PF05099	Tellurite resistance protein TerB	4	2	2	2	3	4	1	2	2	2	0	2	2	3	4	1	4	2	0	2	4	3	2	3	2	3	1	2	1	2	2	2	2	3	3	1	2	2	2	1	2	3
PF04290	Tripartite ATP-independent periplasmic transporters, DctQ component	14	9	10	3	7	1	2	2	1	3	0	3	2	8	25	2	14	10	0	4	15	8	2	7	7	9	0	2	0	2	0	3	10	8	8	0	2	2	0	0	2	9
PF06199	Phage tail tube protein	2	0	0	0	1	0	0	0	0	0	0	1	0	1	1	1	2	0	0	0	1	1	0	1	2	2	0	0	0	1	0	0	0	1	1	0	1	0	0	0	0	2
PF02653	Branched-chain amino acid transport system / permease component	17	13	19	6	12	0	3	5	0	4	0	0	0	18	20	0	14	19	0	3	17	18	5	12	11	24	0	4	1	0	0	3	19	10	10	1	0	4	0	0	1	23
PF01979	Amidohydrolase family	10	5	11	3	8	7	2	4	7	5	4	10	6	4	16	8	10	11	4	6	16	4	6	8	7	8	11	2	7	11	7	3	11	1	1	7	10	2	7	11	3	9
PF00449	Urease alpha-subunit, N-terminal domain	1	1	1	0	1	0	0	1	0	1	0	0	0	0	1	0	1	1	0	1	1	0	1	1	0	1	0	0	0	0	0	0	1	0	0	0	0	0	0	0	0	1
PF04280	Tim44-like domain	1	1	0	0	1	1	0	1	0	0	0	1	1	1	1	0	1	0	0	0	1	1	1	1	1	1	0	1	0	0	0	0	0	1	1	0	0	1	0	0	0	1
PF02308	MgtC family	1	0	1	1	0	0	1	0	0	1	1	1	1	0	0	0	1	1	1	1	0	0	1	0	1	0	0	0	1	0	0	1	1	0	0	1	0	0	0	0	0	0
PF05698	Bacterial trigger factor protein (TF) C-terminus	1	1	1	1	1	1	1	1	1	1	0	1	0	1	1	1	1	1	1	1	1	1	1	1	1	1	1	1	1	1	1	1	1	1	1	1	1	1	1	1	1	1
PF05697	Bacterial trigger factor protein (TF)	1	1	1	1	1	1	1	1	1	1	0	1	0	1	1	1	1	1	1	1	1	1	1	1	1	1	1	1	1	1	1	1	1	1	1	1	1	1	1	1	1	1
PF00254	FKBP-type peptidyl-prolyl cis-trans isomerase	1	1	7	5	2	4	6	6	6	5	2	3	2	1	2	4	1	6	2	4	2	1	4	2	1	1	3	6	4	5	6	5	6	1	1	4	5	6	5	3	5	1
PF00004	ATPase family associated with various cellular activities (AAA)	7	7	8	11	6	10	7	10	7	11	3	6	6	5	12	6	6	9	4	12	9	5	9	6	6	7	7	9	6	8	7	12	8	4	3	6	8	9	7	7	6	7
PF00459	Inositol monophosphatase family	5	3	3	2	4	5	2	2	1	2	0	4	3	2	6	2	5	3	0	2	6	2	2	4	3	5	1	2	0	3	3	2	3	1	1	0	3	2	3	1	2	5
PF06347	Bacterial SH3 domain	1	1	1	0	1	1	0	0	0	1	0	1	1	1	1	0	1	1	1	1	1	1	0	1	1	1	0	0	0	0	0	1	1	1	1	0	0	0	0	0	1	1
PF13704	Glycosyl transferase family 2	4	1	0	0	6	0	0	1	0	0	0	0	0	8	4	0	4	0	0	0	5	8	1	6	3	4	0	1	0	0	0	0	0	6	6	0	0	1	0	0	0	4
PF02954	Bacterial regulatory protein, Fis family	4	4	13	4	5	5	5	7	5	5	1	5	3	4	8	8	4	13	1	5	6	4	8	5	2	7	2	6	2	10	7	5	13	3	3	2	10	6	7	2	8	7
PF00158	Sigma-54 interaction domain	4	2	13	3	2	4	5	5	5	3	1	4	2	3	3	10	3	13	2	3	3	3	5	2	2	4	3	5	4	13	9	3	13	2	2	4	13	5	9	3	9	4
PF00313	'Cold-shock' DNA-binding domain	3	2	5	5	3	3	4	3	5	5	3	3	3	4	4	1	3	6	2	5	4	3	3	3	2	3	2	4	4	3	3	4	5	4	4	4	3	4	3	2	4	3
PF05239	PRC-barrel domain	6	2	1	1	1	1	1	1	1	2	0	3	2	0	2	1	6	1	0	2	1	0	1	1	4	3	0	1	1	1	2	1	1	0	0	1	1	1	2	0	1	3
PF03668	P-loop ATPase protein family	1	0	1	1	1	0	1	1	1	1	0	0	0	1	1	1	1	1	0	1	1	1	2	1	1	1	0	1	0	1	1	1	1	1	1	0	1	1	1	0	1	1
PF00149	Calcineurin-like phosphoesterase	7	4	9	5	3	2	4	6	4	7	4	4	3	2	8	4	6	10	6	9	6	1	6	3	8	6	5	6	5	5	6	8	9	1	1	5	5	6	6	5	5	6
PF09550	Phage tail assembly chaperone protein, TAC	1	0	0	0	1	0	0	0	0	0	0	1	0	0	1	0	1	0	0	0	1	0	0	1	0	1	0	0	0	0	0	0	0	0	0	0	0	0	0	0	0	1
PF00108	Thiolase, N-terminal domain	4	5	11	9	5	4	3	5	5	8	2	7	5	7	9	3	4	11	2	7	7	7	5	5	4	5	3	5	2	4	4	8	11	6	6	2	4	5	5	3	5	5
PF02803	Thiolase, C-terminal domain	4	5	11	9	5	4	3	5	5	8	1	6	5	7	9	3	4	12	2	7	6	7	5	5	3	5	3	5	2	4	4	8	11	6	6	2	4	5	5	3	5	5
PF03918	Cytochrome C biogenesis protein	1	1	2	1	1	1	1	1	1	1	0	1	1	1	1	1	1	2	0	1	1	1	1	1	1	1	0	1	0	1	1	1	2	0	0	0	1	1	1	0	2	1
PF00034	Cytochrome c	10	6	3	0	9	4	2	2	2	1	2	5	2	3	10	1	10	3	2	1	10	3	1	9	6	1	3	3	2	4	2	1	3	3	3	2	4	3	2	3	0	1
PF00116	Cytochrome C oxidase subunit II, periplasmic domain	2	1	1	2	1	1	0	0	1	2	0	2	0	1	1	1	2	1	0	2	1	1	0	1	2	2	0	0	0	2	1	2	1	1	1	0	2	0	1	0	0	3
PF01619	Proline dehydrogenase	1	1	2	0	1	1	0	1	1	0	1	1	1	0	1	1	1	2	0	0	1	1	0	1	1	1	1	0	1	1	1	0	2	0	0	1	1	0	1	1	2	1
PF18327	Proline utilization A proline dehydrogenase N-terminal domain	1	0	2	0	1	0	0	0	0	0	0	0	0	0	0	1	1	2	0	0	0	0	0	1	0	0	0	0	0	1	1	0	2	0	0	0	1	0	1	0	2	0
PF14850	DNA-binding domain of Proline dehydrogenase	1	1	2	0	1	1	0	1	1	0	0	1	1	0	1	1	1	2	0	0	1	1	0	1	1	1	0	0	0	1	1	0	2	0	0	0	1	0	1	0	2	1
PF01266	FAD dependent oxidoreductase	8	19	9	6	19	3	5	3	5	4	3	4	4	9	25	1	8	9	2	3	25	8	3	19	12	9	3	4	2	2	3	4	9	5	5	2	2	4	3	3	6	8
PF04851	Type III restriction enzyme, res subunit	2	1	4	3	1	2	5	4	1	1	0	1	1	0	3	1	2	4	1	4	1	0	3	1	0	1	2	5	2	3	3	2	4	0	0	2	3	5	2	2	4	1
PF14890	Intein splicing domain	1	0	0	0	0	0	0	0	0	0	0	0	0	0	0	0	1	0	0	0	0	0	0	0	0	0	0	0	0	0	0	0	0	0	0	0	0	0	0	0	0	0
PF00271	Helicase conserved C-terminal domain	11	6	14	16	10	11	14	17	13	16	9	9	8	5	13	8	11	15	9	18	10	5	13	10	5	11	13	20	14	18	19	15	14	2	2	14	18	20	18	13	10	11
PF03737	Aldolase/RraA	4	0	1	1	0	0	1	1	1	1	0	0	0	0	1	1	4	1	0	1	1	0	1	0	1	1	0	1	0	1	2	1	1	0	0	0	1	1	2	0	1	0
PF04198	Putative sugar-binding domain	1	0	0	0	0	0	0	0	0	0	0	0	0	0	0	0	1	0	0	0	0	0	0	0	0	3	0	0	0	0	0	0	0	0	0	0	0	0	0	0	0	3
PF02625	XdhC and CoxI family	1	2	3	0	2	1	0	1	0	0	0	0	0	2	6	1	1	3	0	0	4	2	1	2	2	1	0	0	1	1	1	0	3	1	1	1	1	0	1	0	1	1
PF13478	XdhC Rossmann domain	2	2	3	0	2	1	0	1	0	0	0	0	0	2	5	1	2	3	0	0	4	2	1	2	1	1	0	0	1	1	1	0	3	1	1	1	1	0	1	0	1	1
PF00884	Sulfatase	7	2	1	3	6	2	0	1	1	2	2	2	0	2	10	0	7	1	2	2	6	2	1	6	0	1	0	0	1	3	0	2	1	1	1	1	3	0	0	0	1	1
PF04442	Cytochrome c oxidase assembly protein CtaG/Cox11	1	1	0	1	1	1	0	0	0	1	0	1	1	1	1	1	1	0	0	1	1	1	0	1	1	1	0	0	0	1	1	1	0	1	1	0	1	0	1	0	0	1
PF00294	pfkB family carbohydrate kinase	6	4	3	2	3	2	1	2	1	2	1	5	3	3	9	3	5	3	1	2	8	3	1	3	1	9	3	1	3	4	4	2	3	0	0	3	4	1	4	3	1	6
PF13773	Domain of unknown function (DUF4170)	1	0	0	0	0	1	0	0	0	0	0	1	0	0	1	0	1	0	0	0	1	0	0	0	0	1	0	0	0	0	0	0	0	0	0	0	0	0	0	0	0	1
PF02592	Putative vitamin uptake transporter	1	1	0	0	1	0	0	0	1	0	1	0	0	1	1	0	1	0	1	0	1	1	0	1	1	1	1	0	1	0	0	0	0	1	1	1	0	0	0	1	0	1
PF01145	SPFH domain / Band 7 family	3	2	4	1	3	3	3	4	3	6	1	3	3	2	3	1	3	6	3	8	3	2	4	3	3	2	2	5	2	3	4	3	4	1	1	2	3	5	4	2	2	2
PF07896	Protein of unknown function (DUF1674)	1	0	0	0	1	1	0	0	0	0	0	1	0	1	1	0	1	0	0	0	1	1	0	1	2	1	0	0	0	0	0	0	0	1	1	0	0	0	0	0	0	1
PF13380	CoA binding domain	1	2	2	0	2	0	1	0	0	0	1	0	0	1	2	0	1	2	1	0	2	1	0	2	1	1	1	1	1	0	0	0	2	2	2	1	0	1	0	1	1	1
PF00270	DEAD/DEAH box helicase	9	6	10	13	8	9	8	14	12	14	7	8	7	5	10	7	9	10	10	13	9	5	11	8	7	9	11	14	13	16	18	14	10	2	2	13	16	14	17	11	7	9
PF00570	HRDC domain	2	2	2	2	2	2	1	1	1	2	0	2	1	1	3	2	2	3	1	2	2	1	1	2	1	2	2	1	2	2	2	2	2	0	0	2	2	1	2	2	2	2
PF16124	RecQ zinc-binding	1	1	1	2	1	1	0	1	0	2	0	1	1	0	1	1	1	1	2	2	1	0	0	1	1	1	3	1	2	1	2	2	1	0	0	2	1	1	2	3	1	1
PF09382	RQC domain	1	1	1	1	1	1	0	0	0	1	0	1	1	0	1	1	1	1	1	1	1	0	0	1	1	1	2	0	1	1	1	1	1	0	0	1	1	0	1	2	1	1
PF06041	Bacterial protein of unknown function (DUF924)	1	1	1	1	1	1	0	1	0	1	0	1	1	1	2	0	1	1	0	1	2	1	1	1	0	1	0	1	0	0	0	1	1	1	1	0	0	1	0	0	1	1
PF14833	NAD-binding of NADP-dependent 3-hydroxyisobutyrate dehydrogenase	2	6	4	3	3	2	1	2	2	3	0	3	2	1	11	2	2	4	0	3	9	2	2	3	1	4	0	2	0	3	3	3	4	2	2	0	3	2	3	0	2	4
PF03446	NAD binding domain of 6-phosphogluconate dehydrogenase	2	8	4	3	4	2	1	2	3	3	0	3	2	2	13	2	2	4	0	3	12	3	2	4	2	5	1	2	0	4	4	3	4	3	3	0	4	2	4	1	2	5
PF16901	C-terminal domain of alpha-glycerophosphate oxidase	1	1	2	0	1	0	1	1	0	1	0	1	1	1	1	0	1	2	0	1	1	1	1	1	0	3	1	1	0	1	1	0	2	0	0	0	1	1	1	1	2	2
PF03725	3' exoribonuclease family, domain 2	2	2	1	2	2	2	0	1	2	2	0	2	2	2	3	2	2	1	1	2	2	2	0	2	2	2	1	1	1	2	2	2	1	2	2	1	2	1	2	1	0	2
PF00013	KH domain	1	1	0	1	1	1	0	0	1	1	1	1	1	1	1	1	1	0	2	1	1	1	0	1	1	1	2	1	2	1	1	1	0	1	1	2	1	1	1	2	0	1
PF01138	3' exoribonuclease family, domain 1	2	3	1	2	2	2	0	1	2	2	0	2	2	2	2	2	2	1	1	2	2	2	0	2	2	2	1	1	1	2	2	2	1	2	2	1	2	1	2	1	0	2
PF00575	S1 RNA binding domain	3	3	7	6	3	4	3	4	6	6	2	5	3	3	2	4	3	8	4	7	3	3	5	3	4	4	4	7	4	7	6	6	7	3	3	4	7	7	6	4	4	4
PF03726	Polyribonucleotide nucleotidyltransferase, RNA binding domain	1	1	0	1	1	1	0	0	1	1	0	1	1	1	1	1	1	0	1	1	1	1	0	1	1	1	1	1	1	1	1	1	0	1	1	1	1	1	1	1	0	1
PF09517	Eco29kI restriction endonuclease	1	0	0	0	0	0	0	0	0	0	0	0	0	0	0	0	0	0	0	0	0	0	0	0	0	0	0	0	0	0	0	0	0	0	0	0	0	0	0	0	0	0
PF05116	Sucrose-6F-phosphate phosphohydrolase	1	0	0	0	0	0	1	1	0	0	0	0	0	0	0	0	1	0	0	0	0	0	1	0	0	1	0	1	0	0	0	0	0	0	0	0	0	1	0	0	0	1
PF13614	AAA domain	4	0	6	3	2	3	1	3	2	6	2	4	4	5	4	3	2	9	3	6	2	5	4	2	0	3	3	3	4	4	5	4	6	1	1	4	4	3	4	3	4	2
PF00903	Glyoxalase/Bleomycin resistance protein/Dioxygenase superfamily	8	7	6	7	6	13	5	2	9	5	2	14	11	6	19	3	9	6	1	5	15	6	2	6	6	12	10	4	7	10	11	8	6	5	5	7	10	4	11	10	2	11
PF01578	Cytochrome C assembly protein	2	2	4	3	2	2	3	3	3	3	0	2	2	1	2	2	2	5	1	3	2	2	3	2	0	2	1	3	1	3	3	3	4	1	1	1	3	3	3	1	4	2
PF02597	ThiS family	2	1	2	2	2	2	2	2	0	2	1	2	0	1	2	1	2	2	1	2	2	1	1	2	1	2	1	2	0	2	2	2	2	1	1	0	2	2	2	1	0	2
PF11164	Protein of unknown function (DUF2948)	1	1	0	0	1	1	0	0	0	0	0	1	1	1	1	0	1	0	0	0	1	1	0	1	1	1	0	0	0	0	0	0	0	1	1	0	0	0	0	0	0	1
PF04364	DNA polymerase III chi subunit, HolC	1	1	1	1	1	1	1	1	1	1	0	1	0	0	1	0	1	1	0	0	1	0	1	1	1	1	0	1	0	1	1	1	1	0	0	0	1	1	1	0	1	1
PF06904	Extensin-like protein C-terminus	1	0	0	0	1	1	0	0	0	0	0	1	1	1	1	0	1	0	0	0	1	1	0	1	1	1	0	0	0	0	0	0	0	1	1	0	0	0	0	0	0	1
PF00438	S-adenosylmethionine synthetase, N-terminal domain	1	1	1	1	1	1	1	1	1	1	0	1	1	0	1	1	1	1	1	1	1	0	1	1	0	1	1	1	1	1	1	1	1	0	0	1	1	1	1	1	0	1
PF02772	S-adenosylmethionine synthetase, central domain	1	1	1	1	1	1	1	1	1	1	1	1	1	0	1	1	1	1	1	1	1	0	1	1	0	1	1	1	1	1	1	1	1	0	0	1	1	1	1	1	0	1
PF02773	S-adenosylmethionine synthetase, C-terminal domain	1	1	1	1	1	1	1	1	1	1	1	1	1	0	1	1	1	1	1	1	1	0	1	1	0	1	1	1	1	1	1	1	1	0	0	1	1	1	1	1	0	1
PF01467	Cytidylyltransferase-like	2	2	2	3	2	2	2	3	2	4	2	2	3	2	2	5	2	2	2	3	2	2	3	2	1	2	2	2	2	5	4	3	2	1	1	2	5	2	4	2	1	2
PF03143	Elongation factor Tu C-terminal domain	2	1	2	2	2	1	0	2	2	2	1	2	0	1	2	0	1	2	1	2	2	1	2	2	0	2	1	0	1	2	1	2	2	2	2	1	2	1	1	1	2	2
PF00009	Elongation factor Tu GTP binding domain	7	5	8	7	7	7	4	7	9	7	6	7	3	6	6	4	6	8	6	7	8	4	7	7	2	8	6	6	7	9	6	7	8	4	4	7	9	6	6	6	7	8
PF03144	Elongation factor Tu domain 2	5	4	6	6	6	4	3	7	6	6	4	2	1	4	5	2	4	6	4	5	5	3	7	4	2	5	5	5	5	6	5	6	6	4	4	5	7	6	6	5	6	5
PF03358	NADPH-dependent FMN reductase	4	0	4	2	2	0	5	2	3	4	0	3	3	1	3	2	4	4	0	4	2	1	3	2	2	2	2	4	1	3	3	4	4	1	1	1	3	4	3	2	2	2
PF09424	Yqey-like protein	1	1	1	1	1	1	0	1	1	1	1	2	0	1	1	1	1	1	1	0	1	1	1	1	0	1	1	1	1	1	1	1	1	1	1	1	1	1	1	1	1	1
PF03734	L,D-transpeptidase catalytic domain	7	4	3	1	5	1	2	2	0	1	0	3	2	4	6	0	7	4	1	1	5	4	1	6	5	6	0	3	0	0	0	1	3	3	3	0	0	3	0	0	1	6
PF00297	Ribosomal protein L3	1	1	1	1	1	1	1	1	1	1	1	1	1	1	1	1	1	1	1	1	2	1	1	1	0	1	1	1	1	1	0	1	1	1	1	1	1	1	1	1	1	1
PF00462	Glutaredoxin	4	2	2	5	2	2	4	3	2	3	0	3	2	2	2	2	4	2	0	3	2	2	3	2	3	3	0	5	1	3	4	2	2	2	2	1	3	5	4	0	2	2
PF01379	Porphobilinogen deaminase, dipyromethane cofactor binding domain	1	1	1	1	1	1	1	1	1	1	1	1	0	0	2	1	1	1	1	1	1	0	2	1	1	1	1	1	1	1	1	1	1	0	0	1	1	1	1	1	0	1
PF03900	Porphobilinogen deaminase, C-terminal domain	1	1	1	1	1	1	1	1	1	1	1	1	0	0	2	1	1	1	1	1	1	0	2	1	1	1	1	1	1	1	1	1	1	0	0	1	1	1	1	1	0	1
PF04325	Protein of unknown function (DUF465)	2	2	1	1	3	2	1	1	0	1	0	2	2	3	3	0	2	1	0	1	3	3	1	3	0	2	0	1	0	0	0	1	1	3	3	0	0	1	0	0	1	2
PF02620	Large ribosomal RNA subunit accumulation protein YceD	1	1	1	1	1	0	1	1	1	1	1	0	0	0	1	0	1	1	1	1	1	0	1	1	0	1	1	1	1	1	0	1	1	0	0	1	1	1	0	1	1	1
PF13416	Bacterial extracellular solute-binding protein	3	1	2	0	4	1	0	1	1	1	0	0	0	4	9	1	3	2	0	1	7	4	1	4	3	6	0	0	0	1	2	1	2	4	4	0	1	0	2	0	1	6
PF02574	Homocysteine S-methyltransferase	1	1	1	1	2	1	1	1	2	1	1	1	0	2	2	2	1	1	1	1	2	2	1	2	1	2	1	1	1	2	3	1	1	2	2	1	2	1	3	1	1	2
PF02746	Mandelate racemase / muconate lactonizing enzyme, N-terminal domain	4	0	2	0	2	0	0	0	0	0	1	7	1	1	4	1	4	2	1	0	4	1	0	2	3	1	0	0	0	1	1	0	2	1	1	0	1	0	1	0	1	1
PF13378	Enolase C-terminal domain-like	5	1	2	0	2	0	0	0	0	0	2	8	1	1	4	1	5	2	0	0	4	1	0	2	3	1	1	0	1	1	1	0	2	1	1	1	1	0	1	1	1	1
PF03450	CO dehydrogenase flavoprotein C-terminal domain	5	0	2	0	3	0	0	1	0	0	0	0	0	0	3	0	6	2	0	0	2	0	1	3	2	3	0	0	1	0	1	0	2	0	0	1	0	0	1	0	0	2
PF00941	FAD binding domain in molybdopterin dehydrogenase	6	1	3	0	3	0	0	1	0	0	0	0	0	1	4	0	7	3	0	0	3	1	1	3	4	3	0	0	1	0	1	0	3	1	1	1	0	0	1	0	0	2
PF01315	Aldehyde oxidase and xanthine dehydrogenase, a/b hammerhead domain	7	3	3	0	3	0	0	1	0	0	0	0	0	3	5	0	7	3	0	0	4	3	1	3	3	3	0	0	1	0	1	0	3	1	1	1	0	0	1	0	0	2
PF20256	Molybdopterin cofactor-binding domain	7	3	5	0	4	2	0	1	0	0	0	0	0	4	6	1	8	5	0	0	5	4	1	4	5	5	0	0	1	1	1	0	5	1	1	1	1	0	1	0	2	4
PF02738	Molybdopterin cofactor-binding domain	7	3	5	0	4	2	0	1	0	0	0	0	0	4	6	1	7	5	0	0	5	4	1	4	4	5	0	0	1	1	1	0	5	1	1	1	1	0	1	0	2	4
PF17827	PrmC N-terminal domain	1	1	1	1	1	1	1	1	1	1	1	1	1	0	1	0	1	1	1	1	1	0	1	1	0	1	1	1	1	1	1	1	1	0	0	1	1	1	1	1	1	1
PF05175	Methyltransferase small domain	3	4	4	4	3	1	4	3	4	4	2	2	2	0	4	1	3	4	3	4	3	0	4	3	1	3	2	4	2	4	5	4	4	0	0	2	4	4	6	2	4	3
PF07045	Domain of unknown function (DUF1330)	1	2	1	1	4	4	1	1	0	0	0	1	0	5	4	0	1	1	0	0	3	5	1	4	1	3	0	1	0	0	0	1	1	5	5	0	0	1	0	0	1	3
PF01202	Shikimate kinase	1	1	3	1	1	1	1	1	1	1	1	1	1	1	2	1	1	3	1	1	2	1	1	1	1	1	2	1	1	1	1	1	3	1	1	1	1	1	0	2	2	1
PF02518	Histidine kinase-, DNA gyrase B-, and HSP90-like ATPase	21	8	44	30	20	21	33	35	20	29	13	27	16	25	26	29	20	52	14	29	20	27	33	20	20	36	28	41	29	47	51	30	44	11	11	29	47	41	53	28	27	32
PF00512	His Kinase A (phospho-acceptor) domain	14	7	29	19	16	15	23	22	14	21	7	21	10	20	20	22	12	34	9	22	17	22	19	16	12	22	15	27	16	36	32	22	29	9	9	16	36	27	34	15	18	20
PF00174	Oxidoreductase molybdopterin binding domain	3	1	0	0	2	0	1	1	0	0	0	0	0	0	3	0	3	0	0	0	2	0	1	2	1	3	0	1	0	2	1	0	0	0	0	0	2	1	1	0	0	3
PF13361	UvrD-like helicase C-terminal domain	2	2	5	4	2	2	3	5	4	4	2	2	0	1	3	3	2	7	2	5	2	1	4	2	1	2	2	3	3	4	3	5	4	0	0	3	4	3	3	2	0	2
PF21196	PcrA/UvrD tudor domain	1	1	1	1	1	0	1	1	1	1	1	0	0	0	0	1	1	1	1	1	0	0	1	1	0	0	1	1	1	1	1	1	1	0	0	1	1	1	1	1	0	0
PF00580	UvrD/REP helicase N-terminal domain	2	2	5	5	2	2	4	5	4	3	2	3	0	1	3	3	2	6	2	4	3	1	4	2	0	2	2	3	3	4	3	5	4	0	0	3	4	3	3	2	0	2
PF02826	D-isomer specific 2-hydroxyacid dehydrogenase, NAD binding domain	10	5	6	4	4	4	2	3	3	4	3	4	2	4	10	1	9	6	2	4	11	4	3	4	4	7	4	2	3	4	5	4	6	1	1	3	4	2	5	3	4	6
PF13413	Helix-turn-helix domain	1	1	1	1	1	1	0	0	1	1	0	1	1	0	1	1	1	1	0	1	1	0	0	1	0	1	0	0	0	1	1	1	1	0	0	0	1	0	1	0	1	1
PF13464	RodZ C-terminal domain	1	1	1	1	1	1	0	0	1	1	0	0	1	0	1	1	1	1	0	1	1	0	0	1	1	1	0	0	0	1	1	1	1	0	0	0	1	0	1	0	1	1
PF13419	Haloacid dehalogenase-like hydrolase	3	1	4	3	2	2	4	3	2	4	1	2	2	0	4	1	3	5	1	3	4	0	4	2	1	3	3	3	3	2	3	3	4	0	0	3	2	3	4	3	2	3
PF06082	Exopolysaccharide biosynthesis protein YbjH	1	1	0	0	1	0	0	0	1	0	0	0	0	2	1	0	0	0	0	0	1	1	0	1	1	1	0	0	0	0	1	0	0	0	0	0	0	0	1	0	0	1
PF04295	D-galactarate dehydratase/Altronate hydrolase, second domain	2	2	0	0	0	0	0	0	0	0	0	1	0	0	1	0	2	0	0	0	1	0	0	0	0	2	0	0	0	0	0	0	0	0	0	0	0	0	0	0	0	2
PF08666	SAF domain	1	2	0	1	1	1	0	0	0	1	1	3	1	0	2	1	1	1	1	1	2	0	0	1	0	3	1	1	0	1	1	1	0	0	0	0	1	1	1	1	0	3
PF20629	D-galactarate/Altronate dehydratase, C-terminal	2	1	0	0	0	0	0	0	0	0	0	1	0	0	1	0	2	0	0	0	1	0	0	0	0	2	0	0	0	0	0	0	0	0	0	0	0	0	0	0	0	2
PF02685	Glucokinase	1	1	1	0	0	1	0	0	0	0	0	1	0	0	1	1	1	1	0	0	1	0	0	0	1	1	0	0	0	1	1	0	1	0	0	0	1	0	1	0	1	1
PF02880	Phosphoglucomutase/phosphomannomutase, alpha/beta/alpha domain III	2	0	4	2	2	2	3	3	3	3	2	2	1	2	3	2	2	4	2	4	3	2	3	2	2	2	2	4	2	3	4	3	4	1	1	2	3	4	5	2	0	2
PF02878	Phosphoglucomutase/phosphomannomutase, alpha/beta/alpha domain I	2	0	4	2	2	2	3	3	3	3	2	2	1	2	3	1	2	4	2	3	3	2	3	2	2	2	2	4	2	3	4	3	4	1	1	2	3	4	5	2	0	2
PF02879	Phosphoglucomutase/phosphomannomutase, alpha/beta/alpha domain II	2	0	4	2	2	2	3	3	3	3	2	2	1	2	3	1	2	4	2	3	3	2	3	2	2	2	2	4	2	3	4	3	4	1	1	2	3	4	4	2	0	2
PF00408	Phosphoglucomutase/phosphomannomutase, C-terminal domain	2	0	4	2	2	2	3	3	3	3	0	2	1	2	2	2	2	4	1	4	2	2	3	2	2	2	1	4	1	3	5	3	4	1	1	1	3	4	5	1	0	2
PF01255	Putative undecaprenyl diphosphate synthase	1	1	1	1	1	1	2	0	1	1	1	1	0	0	1	1	1	1	1	1	1	0	1	1	1	1	1	1	1	1	1	1	1	0	0	1	1	1	1	1	1	1
PF02616	Segregation and condensation protein ScpA	1	1	1	1	1	1	2	0	1	1	0	1	0	0	1	1	1	1	0	1	1	0	1	1	0	1	0	1	0	1	1	1	1	0	0	0	1	1	1	0	1	1
PF00795	Carbon-nitrogen hydrolase	4	3	6	4	4	4	5	6	3	6	3	5	4	1	5	3	4	6	2	6	5	0	6	4	5	4	3	4	2	5	4	6	6	0	0	2	5	4	4	3	6	4
PF02416	mttA/Hcf106 family	2	2	2	4	2	2	0	2	2	2	2	1	1	0	2	0	2	6	2	2	2	0	2	2	2	2	2	2	2	2	2	4	2	0	0	2	2	2	2	2	0	2
PF04909	Amidohydrolase	4	1	0	1	1	0	0	0	1	1	0	5	1	1	3	1	3	0	0	1	3	1	0	1	0	1	2	0	1	1	1	5	0	0	0	1	1	0	1	2	0	1
PF04376	Arginine-tRNA-protein transferase, N terminus	1	1	1	1	1	1	1	1	1	1	0	1	1	0	1	0	1	1	0	1	1	0	1	1	1	1	0	1	0	1	1	1	1	0	0	0	1	1	1	0	1	1
PF04377	Arginine-tRNA-protein transferase, C terminus	1	1	1	1	1	1	1	1	1	1	0	1	1	0	1	0	1	1	0	1	1	0	1	1	0	1	0	1	0	1	1	1	1	0	0	0	1	1	1	0	1	1
PF05275	Copper resistance protein B precursor (CopB)	1	0	2	1	0	0	0	0	0	3	0	2	0	0	0	0	1	2	0	3	0	0	0	0	0	0	0	1	0	1	0	2	2	0	0	0	1	1	1	0	1	0
PF01180	Dihydroorotate dehydrogenase	2	1	1	1	1	1	1	1	1	1	1	1	1	1	3	0	2	2	1	1	2	1	1	1	2	2	1	1	1	1	1	1	1	1	1	1	1	1	1	1	1	2
PF19576	Acyltransferase	1	0	0	0	2	1	2	0	0	0	1	0	0	0	1	2	1	0	1	0	1	0	1	2	1	0	1	1	1	2	1	0	0	0	0	1	2	1	1	1	0	0
PF02873	UDP-N-acetylenolpyruvoylglucosamine reductase, C-terminal domain	1	1	1	1	1	1	0	1	1	1	1	1	1	0	1	0	1	1	1	1	1	0	1	1	0	1	1	1	1	1	0	1	1	0	0	1	1	1	0	1	1	1
PF00749	tRNA synthetases class I (E and Q), catalytic domain	3	3	3	3	3	3	2	3	3	3	2	3	2	0	3	3	3	3	2	3	3	0	3	3	3	3	2	3	2	3	3	3	3	1	1	2	3	3	3	2	2	3
PF19269	Anticodon binding domain	2	1	1	1	1	2	1	1	1	1	1	2	1	0	2	1	2	1	1	1	2	0	1	1	2	2	1	1	1	1	1	1	1	1	1	1	1	1	1	1	1	2
PF04542	Sigma-70 region 2	8	2	15	6	4	9	4	7	5	6	5	11	8	5	7	9	8	15	7	6	6	5	7	4	4	10	24	6	19	15	11	7	15	2	2	19	15	6	11	23	7	8
PF08281	Sigma-70, region 4	4	0	8	3	2	5	3	3	2	4	4	9	7	3	4	5	4	8	4	4	4	3	3	2	3	8	19	2	14	10	7	5	8	1	1	14	10	2	7	18	3	6
PF00293	NUDIX domain	9	8	6	10	9	7	8	8	7	11	3	9	6	6	11	4	9	7	4	11	10	6	8	9	7	7	4	7	6	6	9	10	6	4	4	6	6	7	9	4	6	7
PF09296	NADH pyrophosphatase-like rudimentary NUDIX domain	1	1	0	1	1	1	0	0	0	1	0	1	1	1	1	0	1	0	0	1	1	1	0	1	1	0	0	0	0	0	0	1	0	1	1	0	0	0	0	0	0	0
PF09297	NADH pyrophosphatase zinc ribbon domain	1	1	1	1	1	1	0	0	1	1	0	1	1	1	1	1	1	2	0	1	1	1	0	1	1	0	0	0	0	1	1	1	1	1	1	0	1	0	1	0	1	0
PF13202	EF hand	1	0	0	0	4	3	0	0	0	0	0	4	2	0	3	1	1	0	0	0	3	0	0	4	1	0	0	0	4	2	1	0	0	0	0	4	2	0	1	0	0	0
PF13730	Helix-turn-helix domain	1	0	0	0	0	0	0	0	0	0	0	0	0	2	1	0	0	1	0	0	0	2	0	0	1	0	0	0	0	0	1	0	0	0	0	0	0	0	1	0	0	0
PF04138	GtrA-like protein	1	0	0	0	0	1	0	0	0	0	0	2	1	0	0	0	0	0	0	0	0	0	0	0	0	0	0	0	0	1	0	0	0	0	0	0	1	0	0	0	0	0
PF01256	Carbohydrate kinase	1	0	1	1	1	0	1	1	1	1	1	1	0	1	1	1	1	1	2	1	1	1	1	1	1	1	1	1	1	1	1	1	1	0	0	1	1	1	1	1	1	1
PF03853	YjeF-related protein N-terminus	1	0	1	1	1	0	1	1	1	1	0	1	0	1	1	1	1	1	0	1	1	1	1	1	0	1	1	1	1	1	1	1	1	0	0	1	1	1	1	1	1	1
PF03740	Pyridoxal phosphate biosynthesis protein PdxJ	1	1	1	1	1	1	1	0	1	1	1	1	1	0	1	1	1	1	1	1	1	0	0	1	0	1	1	1	1	1	1	1	1	0	0	1	1	1	1	1	1	1
PF00656	Caspase domain	1	0	0	0	0	0	0	1	0	0	0	4	5	2	2	0	1	0	0	0	0	2	0	0	1	0	1	0	0	0	0	0	0	0	0	0	0	0	0	1	0	0
PF00392	Bacterial regulatory proteins, gntR family	18	9	10	4	12	0	2	4	4	4	0	3	1	19	24	8	18	10	0	4	21	16	4	12	7	25	0	2	2	9	4	5	10	13	12	2	9	2	4	0	6	20
PF07729	FCD domain	14	6	8	4	9	0	1	3	2	4	0	2	1	13	18	5	14	8	0	4	16	11	3	9	3	20	0	1	1	5	3	4	8	10	9	1	5	1	3	0	4	14
PF01042	Endoribonuclease L-PSP	2	0	3	1	2	1	1	1	2	1	1	1	1	3	8	1	2	3	1	2	7	3	1	2	1	3	3	1	2	2	2	1	3	3	3	2	2	1	2	3	0	3
PF10502	Signal peptidase, peptidase S26	1	1	2	1	1	2	0	1	1	1	1	2	3	1	1	1	1	2	1	1	1	1	1	1	0	1	1	0	1	1	2	1	2	1	1	1	1	0	2	1	1	1
PF03309	Type III pantothenate kinase	1	0	1	1	1	1	1	1	1	1	1	1	0	1	1	0	1	1	1	1	1	1	0	1	0	1	1	1	1	1	0	1	1	1	1	1	1	1	0	1	1	1
PF00471	Ribosomal protein L33	1	1	1	1	1	1	1	1	1	1	1	1	0	1	1	1	1	2	1	1	1	1	1	1	0	1	1	1	1	1	1	1	1	1	1	1	1	1	2	1	0	1
PF03237	Terminase large subunit, T4likevirus-type, N-terminal	1	0	0	0	1	0	0	0	0	0	0	1	1	0	1	0	1	1	0	0	1	0	0	1	0	1	0	0	0	0	0	0	0	0	0	0	0	0	0	0	0	1
PF17289	Terminase RNaseH-like domain	1	0	0	0	1	0	0	0	0	0	0	1	1	0	1	0	1	1	0	0	1	0	0	1	0	1	0	0	0	0	0	0	0	0	0	0	0	0	0	0	0	1
PF10003	Integral membrane protein (DUF2244)	1	1	1	0	1	1	0	0	1	0	0	1	0	0	1	1	1	1	0	0	1	0	0	1	0	1	0	0	0	1	1	0	1	0	0	0	1	0	1	0	1	1
PF00156	Phosphoribosyl transferase domain	6	4	5	4	5	4	4	8	4	5	4	5	3	5	6	3	6	6	6	5	6	5	7	5	2	4	7	6	7	4	4	4	5	4	4	7	4	6	4	6	2	4
PF14486	Domain of unknown function (DUF4432)	2	0	0	0	0	0	0	0	0	0	0	0	0	0	0	0	1	0	0	0	0	0	0	0	0	0	0	0	0	0	0	0	0	0	0	0	0	0	0	0	0	0
PF05128	Domain of unknown function (DUF697)	1	1	0	0	1	0	0	0	1	0	0	1	1	0	1	0	1	0	0	0	1	0	0	1	0	1	0	0	0	0	1	0	0	0	0	0	0	0	1	0	0	1
PF00496	Bacterial extracellular solute-binding proteins, family 5 Middle	12	6	2	2	7	1	3	2	0	2	0	2	1	3	15	0	10	3	0	2	11	3	2	7	8	10	1	2	1	1	1	2	2	1	1	1	1	2	1	1	1	10
PF09356	Phage conserved hypothetical protein BR0599	1	0	0	0	1	0	0	0	0	0	0	1	0	0	1	0	1	0	0	0	1	0	0	1	0	1	0	0	0	0	0	0	0	0	0	0	0	0	0	0	0	1
PF09931	Uncharacterized conserved protein (DUF2163)	1	0	0	0	1	0	0	0	0	0	0	1	0	0	1	0	1	0	0	0	1	0	0	1	0	1	0	0	0	0	0	0	0	0	0	0	0	0	0	0	0	1
PF04234	CopC domain	1	0	0	0	0	0	0	0	0	0	0	0	0	0	0	0	1	0	0	0	0	0	0	0	0	0	0	0	0	1	0	0	0	0	0	0	1	0	0	0	0	0
PF09130	Domain of unknown function (DUF1932)	1	0	0	0	0	0	0	0	0	0	0	0	0	0	0	0	1	0	0	0	0	0	0	0	0	0	0	0	0	0	0	0	0	0	0	0	0	0	0	0	0	0
PF01648	4'-phosphopantetheinyl transferase superfamily	1	1	0	0	1	1	1	1	0	0	1	2	2	1	1	1	1	0	1	0	1	0	1	1	0	2	1	1	1	1	1	1	0	1	1	1	1	1	1	1	0	1
PF01795	MraW methylase family	1	1	1	1	1	1	1	1	1	1	0	1	1	1	1	1	1	1	1	1	1	1	1	1	1	1	1	1	1	1	1	1	1	0	0	1	1	1	1	1	1	1
PF13412	Winged helix-turn-helix DNA-binding	7	5	3	1	6	4	0	1	7	1	2	2	2	12	7	2	7	3	4	1	6	10	1	6	5	10	3	0	3	4	4	1	3	10	10	3	4	0	3	3	3	10
PF01037	Lrp/AsnC ligand binding domain	9	6	3	1	12	4	0	1	7	1	2	2	2	19	10	2	8	3	3	1	10	17	1	12	7	17	5	0	4	6	3	1	3	17	17	4	6	0	3	5	3	16
PF21342	SoxA/TsdA, cytochrome c domain	1	1	0	0	1	1	0	0	0	0	0	0	0	0	1	0	1	0	0	0	1	0	0	1	1	0	0	0	0	0	0	0	0	0	0	0	0	0	0	0	0	0
PF01799	[2Fe-2S] binding domain	6	1	5	0	4	2	0	1	0	0	0	0	0	2	5	1	7	5	0	0	4	2	1	4	5	5	0	0	1	1	1	0	5	2	2	1	1	0	1	0	2	4
PF00111	2Fe-2S iron-sulfur cluster binding domain	7	5	11	6	7	3	5	5	1	4	1	4	1	6	9	3	8	12	2	4	8	6	5	7	7	6	3	4	3	7	4	5	11	5	6	3	7	4	5	3	4	4
PF03561	Allantoicase repeat	1	0	1	0	0	0	0	1	0	0	0	0	0	0	0	0	1	1	0	0	0	0	1	0	0	0	0	0	0	0	0	0	1	0	0	0	0	0	0	0	0	0
PF00115	Cytochrome C and Quinol oxidase polypeptide I	3	1	2	3	2	2	1	1	2	3	2	4	2	2	2	1	3	2	1	3	2	2	0	2	1	3	3	1	2	3	2	3	2	2	2	2	3	1	2	3	1	3
PF03480	Bacterial extracellular solute-binding protein, family 7	17	10	12	3	7	1	2	2	1	3	0	4	2	9	24	2	13	12	0	4	15	9	3	7	7	9	0	2	0	2	0	3	12	11	11	0	2	2	0	0	3	9
PF06808	Tripartite ATP-independent periplasmic transporter, DctM component	21	8	15	4	9	1	4	5	1	4	0	3	2	9	26	2	20	15	0	6	18	8	5	9	11	12	0	4	0	2	0	5	15	5	5	0	2	4	0	0	5	11
PF04143	Sulphur transport	3	2	0	0	6	1	0	0	1	0	0	0	0	2	3	0	3	0	2	0	2	2	0	6	2	1	2	0	2	0	1	1	0	2	2	2	0	0	1	2	0	1
PF03588	Leucyl/phenylalanyl-tRNA protein transferase	1	2	1	1	1	1	1	1	1	1	1	1	0	1	1	0	1	1	1	1	1	1	1	1	0	1	1	1	1	1	1	1	1	0	0	1	1	1	1	1	1	1
PF00562	RNA polymerase Rpb2, domain 6	1	1	1	1	1	1	0	0	1	1	1	0	0	0	1	2	0	1	1	1	1	0	1	1	0	1	1	0	1	1	0	1	1	0	0	1	1	0	1	1	1	1
PF04561	RNA polymerase Rpb2, domain 2	1	1	1	1	1	1	0	0	1	1	1	0	0	0	1	1	0	1	1	1	1	0	1	1	0	1	1	0	1	1	0	1	1	0	0	1	1	0	1	1	1	1
PF04560	RNA polymerase Rpb2, domain 7	1	0	1	1	1	1	0	0	1	1	2	0	0	0	1	2	0	1	1	1	1	0	1	1	0	1	1	0	1	1	0	1	1	0	0	1	1	0	1	1	1	1
PF04563	RNA polymerase beta subunit	1	1	1	1	1	1	0	0	1	1	1	0	0	0	1	1	0	1	1	1	1	0	1	1	0	1	1	0	1	1	0	1	1	0	0	1	1	0	1	1	1	1
PF10385	RNA polymerase beta subunit external 1 domain	1	1	1	1	1	1	0	0	1	1	1	0	0	0	1	2	0	1	1	1	1	0	1	1	0	1	1	0	1	1	0	1	1	0	0	1	1	0	1	1	1	1
PF04565	RNA polymerase Rpb2, domain 3	1	1	1	1	1	1	0	0	1	1	1	0	0	0	1	2	0	1	1	1	1	0	1	1	0	1	1	0	1	1	0	1	1	0	0	1	1	0	1	1	1	1
PF00232	Glycosyl hydrolase family 1	1	1	0	0	0	0	0	0	0	0	0	0	0	0	1	0	1	0	0	0	1	0	0	0	0	1	0	0	0	0	1	0	0	0	0	0	0	0	1	0	0	1
PF05114	Protein of unknown function (DUF692)	1	0	2	1	1	0	1	1	1	1	0	0	0	1	1	0	1	2	0	1	1	1	1	1	0	1	0	1	0	1	1	1	2	0	0	0	1	1	0	0	2	1
PF00348	Polyprenyl synthetase	2	3	2	2	2	2	2	2	2	2	1	2	2	1	3	1	2	2	2	3	2	1	2	2	1	1	3	2	2	2	2	2	2	1	1	2	2	2	2	3	2	1
PF13406	Transglycosylase SLT domain	3	1	2	2	4	1	1	1	1	2	0	1	0	2	4	2	3	2	0	2	5	2	1	4	4	1	0	1	0	2	2	2	2	0	0	0	2	1	2	0	1	1
PF01471	Putative peptidoglycan binding domain	7	3	4	1	6	7	1	2	0	1	0	6	5	4	12	2	7	4	1	1	11	4	1	6	4	4	0	1	0	2	1	1	4	1	1	0	2	1	1	0	3	3
PF01032	FecCD transport family	3	0	7	1	1	1	2	1	1	1	1	1	0	2	2	1	3	8	1	1	2	2	1	1	0	8	1	2	1	1	1	1	7	0	0	1	1	2	1	1	4	5
PF20291	ABC-three component (ABC-3C) system Middle Component 5	1	0	0	0	0	0	0	0	0	0	0	0	0	0	0	0	0	0	0	0	0	0	0	0	0	0	0	0	0	0	0	0	0	0	0	0	0	0	0	0	0	0
PF00238	Ribosomal protein L14p/L23e	1	1	1	1	1	1	1	1	1	0	1	0	0	1	1	1	1	1	1	0	1	1	1	1	1	1	1	1	1	1	1	1	1	1	1	1	1	1	1	1	1	1
PF08264	Anticodon-binding domain of tRNA ligase	3	1	4	3	3	3	2	3	3	3	2	3	2	1	3	3	3	3	3	2	3	1	3	3	2	3	3	2	3	3	3	3	3	0	0	3	3	2	3	3	3	3
PF10458	Valyl tRNA synthetase tRNA binding arm	1	1	1	1	1	1	0	2	1	1	1	1	0	1	1	0	1	1	1	1	1	1	2	1	1	1	1	2	1	1	1	1	1	0	0	1	1	2	1	1	1	1
PF00133	tRNA synthetases class I (I, L, M and V)	3	1	4	3	3	3	4	3	3	3	2	3	2	1	3	3	3	3	3	2	3	1	3	3	3	3	2	2	3	3	3	3	3	0	0	3	3	2	3	2	3	3
PF01425	Amidase	3	5	4	5	4	3	3	3	1	4	0	5	3	2	6	1	3	5	0	4	5	2	3	4	1	5	0	3	0	1	3	5	4	2	2	0	1	3	3	0	3	5
PF06844	Protein of unknown function (DUF1244)	1	1	1	1	1	1	1	1	0	1	0	0	0	1	1	0	1	1	0	1	1	1	2	1	1	0	0	1	0	1	1	1	1	1	1	0	1	1	1	0	1	0
PF10658	Protein of unknown function (DUF2484)	1	0	0	0	1	0	0	0	0	0	0	0	0	0	2	0	1	0	0	0	2	0	0	1	0	1	0	0	0	0	0	0	0	0	0	0	0	0	0	0	0	1
PF09923	Uncharacterized protein conserved in bacteria (DUF2155)	1	1	0	0	1	1	0	0	0	0	0	1	0	1	1	0	1	0	0	0	1	1	0	1	0	1	0	0	0	0	0	0	0	1	1	0	0	0	0	0	0	1
PF08402	TOBE domain	7	4	4	2	5	0	0	1	0	1	0	1	1	4	14	1	7	5	0	1	12	4	1	5	5	9	0	0	0	1	1	1	4	3	3	0	1	0	1	0	3	7
PF07690	Major Facilitator Superfamily	16	11	17	12	13	11	7	11	12	12	2	24	12	9	20	6	16	18	2	11	18	9	11	12	7	15	8	10	8	13	13	13	17	4	4	8	13	10	13	7	11	16
PF02602	Uroporphyrinogen-III synthase HemD	1	0	1	1	1	1	1	1	1	1	2	1	1	0	1	1	1	1	2	1	1	0	2	1	0	1	2	1	2	1	1	1	1	0	0	2	1	1	1	2	0	1
PF17757	UvrB interaction domain	2	2	2	2	2	2	2	1	2	2	0	2	1	1	2	1	2	2	2	3	2	1	0	2	1	2	2	2	2	2	2	2	2	0	0	2	2	2	2	2	2	2
PF02559	CarD-like/TRCF RID domain	2	1	1	1	2	2	1	1	1	1	0	1	2	2	2	1	2	1	1	1	2	2	0	2	2	2	1	1	1	1	1	1	1	1	1	1	1	1	1	1	1	2
PF03461	TRCF domain	1	1	1	1	1	1	1	1	1	1	1	1	0	1	1	0	1	1	1	1	1	1	0	1	1	1	1	1	1	1	1	1	1	0	0	1	1	1	1	1	1	1
PF00216	Bacterial DNA-binding protein	4	3	4	4	4	3	6	3	3	4	1	5	3	4	4	0	4	4	2	3	4	4	3	4	1	3	3	4	2	3	3	4	4	3	3	2	3	4	3	3	3	3
PF02073	Thermophilic metalloprotease (M29)	1	0	0	0	0	0	0	0	0	0	0	0	0	0	0	0	1	0	0	0	0	0	0	0	0	0	0	0	0	0	0	0	0	0	0	0	0	0	0	0	0	0
PF00857	Isochorismatase family	5	2	5	1	1	0	0	1	0	0	0	1	1	2	3	1	5	5	0	0	2	2	1	1	2	2	0	0	1	1	1	0	5	1	1	1	1	0	1	0	3	1
PF06776	Invasion associated locus B (IalB) protein	2	1	0	0	2	1	0	0	0	0	0	1	1	1	2	0	2	0	0	0	2	1	0	2	2	2	0	0	0	0	0	0	0	1	1	0	0	0	0	0	0	2
PF12146	Serine aminopeptidase, S33	1	0	4	8	3	4	0	4	1	5	0	3	2	5	3	4	1	5	0	5	3	5	5	3	2	1	3	3	3	4	4	6	4	1	1	3	4	3	4	3	3	1
PF07940	Heparinase II/III-like protein	1	1	0	0	1	1	0	0	0	0	0	1	1	1	1	1	1	0	0	0	1	1	0	1	2	0	0	0	2	1	1	0	0	0	0	2	1	0	1	0	0	0
PF05726	Pirin C-terminal cupin domain	1	1	3	2	1	1	2	1	1	1	0	2	0	0	1	1	1	3	0	1	1	0	2	1	0	1	2	2	0	2	1	1	3	0	0	0	2	2	1	2	2	1
PF02678	Pirin	1	1	3	3	1	2	2	2	1	1	0	2	1	0	1	1	1	3	0	1	1	0	3	1	0	1	2	2	1	2	2	1	3	0	0	1	2	2	2	2	2	1
PF04079	Segregation and condensation complex subunit ScpB	1	1	1	1	1	1	2	0	1	1	0	1	0	0	2	1	1	1	0	1	1	0	1	1	1	1	0	1	0	1	1	1	1	0	0	0	1	1	1	0	1	1
PF01814	Hemerythrin HHE cation binding domain	1	0	0	1	1	0	1	0	0	0	0	1	1	1	2	1	1	0	0	0	1	1	0	1	2	1	2	0	1	3	1	0	0	1	1	1	3	0	1	2	0	1
PF00557	Metallopeptidase family M24	7	6	4	2	6	3	3	2	4	2	2	3	2	2	8	4	7	4	3	2	8	2	4	6	5	4	3	4	2	4	7	2	4	2	2	2	4	4	7	3	2	3
PF01321	Creatinase/Prolidase N-terminal domain	4	4	1	0	5	2	1	1	0	0	0	1	0	1	6	0	4	1	0	0	6	1	1	5	2	2	0	1	0	0	2	0	1	1	1	0	0	1	2	0	1	2
PF00383	Cytidine and deoxycytidylate deaminase zinc-binding region	3	1	2	2	2	2	1	1	2	1	2	2	1	2	5	2	3	2	3	1	5	2	1	2	2	2	3	2	4	2	2	1	2	2	2	4	2	2	2	3	1	2
PF06339	Ectoine synthase	1	0	2	1	1	0	0	1	0	1	0	0	0	1	0	0	1	2	0	1	0	1	1	1	2	1	0	2	0	0	0	1	2	0	0	0	0	2	0	0	1	1
PF14759	Reductase C-terminal	1	0	1	1	1	1	0	0	0	1	0	1	2	1	1	0	1	1	0	1	1	1	0	1	1	1	0	0	0	0	0	1	1	1	1	0	0	0	0	0	1	1
PF07992	Pyridine nucleotide-disulphide oxidoreductase	15	8	17	13	14	10	12	11	9	16	3	11	7	9	17	8	14	18	8	16	15	9	11	14	9	15	10	13	11	12	12	15	18	6	6	11	12	13	12	8	10	13
PF03807	NADP oxidoreductase coenzyme F420-dependent	2	1	1	1	2	1	1	1	1	1	1	1	1	1	2	1	2	1	2	1	2	1	1	2	1	2	0	1	3	1	1	1	1	0	0	3	1	1	1	0	0	2
PF14748	Pyrroline-5-carboxylate reductase dimerisation	2	1	1	1	1	1	1	1	1	1	0	2	1	0	1	1	2	1	1	1	1	0	1	1	1	1	0	1	2	1	1	1	1	0	0	2	1	1	1	0	0	1
PF12911	N-terminal TM domain of oligopeptide transport permease C	7	4	2	0	3	1	0	0	0	1	0	1	1	2	6	0	6	2	0	1	5	2	0	3	3	9	1	0	1	1	1	1	2	1	1	1	1	0	1	1	1	8
PF12706	Beta-lactamase superfamily domain	4	1	2	3	2	4	3	1	1	3	2	3	0	4	2	3	4	2	2	3	2	4	0	2	1	2	2	3	2	3	2	3	2	3	3	2	3	3	2	2	1	2
PF07521	Zn-dependent metallo-hydrolase RNA specificity domain	2	0	2	1	1	1	1	3	1	2	0	2	0	0	1	0	2	4	0	4	1	0	3	1	1	1	2	3	2	2	2	0	2	0	0	2	2	3	2	1	1	1
PF06463	Molybdenum Cofactor Synthesis C	1	1	1	1	1	1	1	1	0	1	0	1	0	1	1	0	1	1	0	1	1	1	1	1	0	1	1	1	0	2	1	1	1	1	1	0	2	1	1	1	0	1
PF13353	4Fe-4S single cluster domain	1	2	2	2	2	1	2	2	1	2	0	2	1	1	1	0	1	2	0	2	1	1	2	2	1	1	4	2	0	5	2	2	2	1	1	0	5	2	2	3	1	1
PF10134	Replication initiator protein A	3	0	0	0	0	0	0	0	0	0	0	1	0	3	0	0	0	0	0	1	1	2	0	0	0	0	0	0	0	0	0	0	0	1	1	0	0	0	0	0	0	0
PF07702	UTRA domain	3	2	0	0	1	0	0	0	1	0	0	1	0	1	5	1	3	0	0	0	5	1	0	1	1	3	0	0	0	1	0	0	0	0	0	0	1	0	0	0	0	3
PF08502	LeuA allosteric (dimerisation) domain	2	2	2	2	2	1	1	2	1	2	0	1	1	0	2	1	2	2	0	1	2	0	2	3	1	1	0	2	0	1	1	2	2	0	0	0	1	2	1	0	2	1
PF00682	HMGL-like	3	6	6	3	4	2	3	4	3	4	1	3	2	2	4	4	3	7	1	4	4	2	4	4	1	4	2	4	2	4	3	5	6	1	1	2	4	4	3	2	4	4
PF06055	Exopolysaccharide synthesis, ExoD	3	0	2	0	0	2	0	0	0	0	0	3	3	0	1	0	3	2	0	0	1	0	0	0	1	1	0	0	0	0	0	0	2	0	0	0	0	0	0	0	0	1
PF01494	FAD binding domain	6	4	3	5	7	3	1	2	3	4	2	4	3	3	7	3	6	3	4	4	7	3	4	7	2	4	3	3	1	3	4	7	3	1	1	1	3	3	4	3	0	4
PF01782	RimM N-terminal domain	1	1	1	1	1	1	1	1	1	1	1	1	1	0	1	1	1	1	1	1	1	0	1	1	1	1	1	1	1	1	1	1	1	0	0	1	1	1	1	1	1	1
PF00126	Bacterial regulatory helix-turn-helix protein, lysR family	26	2	31	16	20	9	20	15	6	14	0	20	8	29	28	11	26	32	1	14	22	30	14	20	7	23	3	20	3	17	23	17	31	17	17	3	17	20	23	2	18	23
PF03466	LysR substrate binding domain	26	2	31	16	20	11	20	15	6	14	0	20	8	30	27	12	26	33	1	14	21	30	14	20	7	23	3	20	3	17	23	17	31	17	18	3	17	20	23	2	18	22
PF06684	Amino acid synthesis	2	1	0	0	1	0	0	0	0	0	0	0	0	1	1	0	2	0	0	0	1	1	0	1	0	0	0	0	0	0	0	0	0	1	1	0	0	0	0	0	0	0
PF17645	Arylmalonate decarboxylase	1	1	1	0	1	0	0	0	0	0	1	0	0	0	4	0	1	1	0	0	2	0	0	1	1	1	0	1	0	0	0	0	1	0	0	0	0	1	0	0	1	1
PF02729	Aspartate/ornithine carbamoyltransferase, carbamoyl-P binding domain	2	1	2	3	2	1	1	2	2	2	1	2	1	1	2	2	2	3	1	2	2	1	2	2	1	2	1	0	2	2	2	2	2	1	1	2	2	0	2	1	1	2
PF00185	Aspartate/ornithine carbamoyltransferase, Asp/Orn binding domain	2	1	2	3	2	1	1	2	2	2	1	2	1	1	2	2	2	3	1	2	2	1	2	2	1	2	1	0	2	2	2	2	2	1	1	2	2	0	2	1	1	2
PF11367	Protein of unknown function (DUF3168)	2	0	0	0	1	0	0	0	0	0	0	2	0	0	1	0	2	0	0	0	1	0	0	1	2	3	0	0	0	0	0	0	0	0	0	0	0	0	0	0	0	3
PF11015	Protein of unknown function (DUF2853)	1	0	0	0	1	2	0	0	0	0	0	2	2	0	1	0	1	0	0	0	1	0	0	1	1	0	1	0	1	0	0	0	0	0	0	1	0	0	0	1	0	0
PF01243	Pyridoxamine 5'-phosphate oxidase	2	2	1	1	2	3	1	2	1	1	0	2	1	2	4	1	2	1	1	1	4	2	2	2	1	1	2	1	1	1	1	2	1	1	1	1	1	1	1	2	0	1
PF10590	Pyridoxine 5'-phosphate oxidase C-terminal dimerisation region	1	0	1	1	1	1	1	1	1	1	0	1	1	1	1	1	1	1	0	1	1	1	1	1	1	1	1	1	1	1	1	1	1	1	1	1	1	1	1	1	0	1
PF08669	Glycine cleavage T-protein C-terminal barrel domain	3	11	2	1	12	1	1	1	1	1	0	1	1	4	16	1	3	2	1	1	14	4	1	12	2	4	1	1	1	1	1	1	2	3	3	1	1	1	1	1	2	4
PF13510	2Fe-2S iron-sulfur cluster binding domain	2	3	1	0	4	1	0	0	0	0	0	1	0	2	6	0	2	1	0	0	5	2	0	4	4	3	0	0	0	0	0	0	1	1	1	0	0	0	0	0	0	3
PF17806	Sarcosine oxidase A3 domain	1	3	0	0	2	0	0	0	0	0	0	0	0	1	4	0	1	0	0	0	3	1	0	2	2	1	0	0	0	0	0	0	0	1	1	0	0	0	0	0	0	1
PF01571	Aminomethyltransferase folate-binding domain	4	16	3	1	13	2	2	2	2	1	0	2	2	4	16	1	4	3	1	1	15	4	2	13	3	4	1	2	1	1	2	1	2	3	3	1	1	2	2	1	2	4
PF08443	RimK-like ATP-grasp domain	2	0	3	2	1	0	2	4	0	2	1	2	2	1	1	1	2	3	1	2	1	1	3	1	1	0	1	3	1	3	4	3	3	1	1	1	3	3	3	1	2	0
PF00440	Bacterial regulatory proteins, tetR family	11	5	24	28	8	18	15	16	9	20	2	22	11	12	17	4	11	27	2	19	13	11	15	8	8	9	7	16	9	8	11	39	24	8	8	9	8	16	11	6	9	7
PF00756	Putative esterase	2	0	1	1	1	3	1	1	2	1	1	1	1	1	2	3	1	1	2	1	1	1	1	1	1	2	1	1	3	3	2	1	1	1	1	3	3	1	2	1	0	2
PF20501	MBH, subunit E	1	0	1	2	1	1	1	0	1	1	0	1	0	0	1	2	1	1	0	1	1	0	0	1	1	2	0	1	0	2	1	1	1	0	0	0	2	1	1	0	1	2
PF04039	Domain related to MnhB subunit of Na+/H+ antiporter	1	0	1	2	1	1	1	0	1	1	0	1	1	0	1	2	1	1	0	1	1	0	0	1	1	2	0	1	0	2	1	1	1	0	0	0	2	1	1	0	1	2
PF00361	Proton-conducting membrane transporter	5	3	8	4	5	6	2	1	3	5	1	7	4	1	5	5	5	8	1	5	5	1	1	5	6	8	0	2	0	5	3	2	8	0	0	0	5	2	3	0	8	8
PF00662	NADH-Ubiquinone oxidoreductase (complex I), chain 5 N-terminus	2	1	3	2	2	1	1	0	1	2	1	1	0	1	2	1	2	3	1	2	2	1	0	2	2	3	0	1	0	1	1	1	3	0	0	0	1	1	1	0	3	3
PF13244	MBH, subunit D	1	0	1	2	1	1	1	0	1	1	0	1	0	0	1	2	1	1	0	1	1	0	0	1	1	2	0	1	0	2	1	1	1	0	0	0	2	1	1	0	1	2
PF18011	C-terminal domain found in long catalases	1	0	0	0	0	0	0	0	0	0	0	1	1	0	0	0	1	0	0	0	0	0	0	0	0	1	0	0	0	0	0	0	0	0	0	0	0	0	0	0	0	1
PF00199	Catalase	2	0	0	0	0	0	0	0	0	1	0	1	1	0	0	0	2	0	0	1	0	0	0	0	0	1	1	0	0	1	2	1	0	0	0	0	1	0	2	0	0	1
PF06628	Catalase-related immune-responsive	2	0	0	0	0	0	0	0	0	1	0	1	1	0	0	0	2	0	0	1	0	0	0	0	0	1	1	0	0	0	1	1	0	0	0	0	0	0	1	0	0	1
PF01472	PUA domain	1	0	1	1	1	1	1	1	1	1	0	2	1	0	1	1	1	1	0	1	1	0	1	1	0	1	0	1	0	1	1	1	1	0	0	0	1	1	1	0	1	1
PF00696	Amino acid kinase family	5	2	6	5	4	4	5	5	6	5	3	5	3	3	4	6	5	6	3	6	4	3	6	4	3	5	3	6	6	7	7	5	6	2	2	6	7	6	6	3	3	5
PF13481	AAA domain	2	1	1	1	1	1	1	1	1	1	1	1	1	1	2	1	2	1	1	2	1	1	1	1	1	2	2	1	1	1	1	1	1	2	2	1	1	1	1	2	1	2
PF09832	Uncharacterized protein conserved in bacteria (DUF2059)	1	1	1	0	1	0	0	0	0	1	0	0	1	0	2	1	1	1	0	1	2	0	0	1	1	0	1	0	1	1	0	1	1	0	0	1	1	0	0	1	1	0
PF03061	Thioesterase superfamily	4	5	12	9	9	13	4	5	5	8	3	10	10	4	9	2	4	14	3	7	8	4	3	9	4	5	5	6	5	3	3	11	12	6	6	5	3	6	3	5	6	5
PF05704	Capsular polysaccharide synthesis protein	1	0	0	0	0	0	0	0	0	0	0	0	0	0	0	0	1	0	0	0	0	0	0	0	0	0	0	0	0	0	0	0	0	0	0	0	0	0	0	0	0	0
PF14691	Dihydroprymidine dehydrogenase domain II, 4Fe-4S cluster	2	1	1	1	1	1	1	1	1	1	0	1	1	1	2	1	2	1	0	1	2	1	1	1	3	2	0	1	1	1	1	1	1	1	1	1	1	1	1	0	1	2
PF00166	Chaperonin 10 Kd subunit	1	1	1	1	1	1	1	1	0	1	1	1	0	1	1	1	1	1	1	1	1	1	1	1	1	1	1	1	1	1	1	1	1	1	1	1	1	1	1	1	1	1
PF06108	Protein of unknown function (DUF952)	1	1	0	0	1	1	0	0	0	0	0	1	1	1	1	0	1	0	0	0	1	1	0	1	1	1	0	0	0	0	0	0	0	1	1	0	0	0	0	0	0	1
PF02417	Chromate transporter	1	1	1	2	1	0	0	1	1	1	0	0	1	0	1	0	1	1	0	1	1	0	1	1	0	1	0	0	1	1	0	1	1	0	0	1	1	0	0	0	0	1
PF05198	Translation initiation factor IF-3, N-terminal domain	1	1	0	1	0	1	1	0	1	1	0	1	1	1	1	0	1	0	0	1	1	1	0	0	0	1	0	0	1	1	1	1	0	1	1	1	1	0	1	0	0	1
PF00707	Translation initiation factor IF-3, C-terminal domain	1	1	1	1	0	1	1	0	1	1	1	1	1	1	1	0	1	1	1	1	1	1	0	0	0	1	1	0	1	1	1	1	1	1	1	1	1	0	1	1	1	1
PF04760	Translation initiation factor IF-2, N-terminal region	1	1	1	1	1	1	0	1	1	1	1	1	1	0	1	0	1	1	1	2	2	0	1	1	0	1	1	1	1	1	1	1	1	0	0	1	1	1	1	1	0	1
PF08364	Bacterial translation initiation factor IF-2 associated region	1	1	1	1	1	1	0	1	1	1	0	1	1	0	1	0	1	1	0	1	2	0	1	1	1	1	0	1	0	1	1	1	1	0	0	0	1	1	1	0	0	1
PF11987	Translation-initiation factor 2	1	0	1	1	1	1	0	1	1	1	1	1	1	0	1	0	1	1	1	1	1	0	1	1	0	1	1	1	1	1	1	1	1	0	0	1	1	1	1	1	0	1
PF01048	Phosphorylase superfamily	3	3	1	1	3	2	0	1	1	1	2	2	1	2	3	2	3	1	2	1	3	2	0	3	1	2	3	1	3	2	2	1	1	2	2	3	2	1	2	3	1	2
PF10423	Bacterial AMP nucleoside phosphorylase N-terminus	1	1	0	0	1	1	0	0	0	0	0	1	1	0	1	0	1	0	0	0	1	0	0	1	0	1	0	0	0	0	0	0	0	0	0	0	0	0	0	0	0	1
PF02151	UvrB/uvrC motif	2	2	2	2	2	2	2	1	2	2	2	2	1	0	2	0	2	2	1	3	2	0	1	2	1	2	2	2	2	2	2	2	2	0	0	2	2	2	2	2	2	2
PF12344	Ultra-violet resistance protein B	1	0	1	1	1	1	1	0	1	1	1	1	1	0	1	0	1	1	1	2	1	0	0	1	0	1	1	1	1	1	1	1	1	0	0	1	1	1	1	1	1	1
PF02843	Phosphoribosylglycinamide synthetase, C domain	1	1	1	1	1	1	1	1	1	1	1	1	1	0	1	1	1	1	1	1	1	0	1	1	1	1	1	1	1	1	1	1	1	0	0	1	1	1	1	1	0	1
PF01071	Phosphoribosylglycinamide synthetase, ATP-grasp (A) domain	1	1	1	1	1	1	1	1	1	1	1	1	1	0	1	1	1	1	1	1	1	0	1	1	1	1	1	1	1	1	1	1	1	0	0	1	1	1	1	1	0	1
PF02844	Phosphoribosylglycinamide synthetase, N domain	1	1	1	1	1	1	1	1	1	1	1	1	1	0	1	1	1	1	1	1	1	0	1	1	1	1	1	1	1	1	1	1	1	0	0	1	1	1	1	1	0	1
PF09339	IclR helix-turn-helix domain	9	3	3	1	1	0	0	0	0	0	0	2	1	3	5	0	8	3	0	1	4	2	0	1	4	7	0	0	0	0	0	1	3	1	1	0	0	0	0	0	0	7
PF01625	Peptide methionine sulfoxide reductase	1	1	2	2	2	2	1	1	2	2	1	2	2	1	2	0	1	2	0	2	2	1	1	2	0	2	2	1	2	1	2	2	2	1	1	2	1	1	2	2	0	2
PF01225	Mur ligase family, catalytic domain	3	3	3	2	3	2	3	4	4	4	5	3	3	3	3	4	3	3	5	4	3	3	4	2	1	3	4	3	4	4	4	4	3	1	1	4	4	3	4	4	3	3
PF08245	Mur ligase middle domain	5	4	4	4	4	5	6	6	5	6	7	5	4	4	5	8	5	4	6	6	5	4	6	3	1	5	6	6	6	8	8	6	4	1	1	6	8	6	8	6	4	5
PF02875	Mur ligase family, glutamate ligase domain	4	3	4	3	4	4	3	5	5	5	5	4	3	3	4	7	4	4	4	5	4	3	5	3	1	4	6	4	4	7	7	5	4	1	1	4	7	4	7	6	4	4
PF00180	Isocitrate/isopropylmalate dehydrogenase	4	1	2	4	1	2	1	1	2	4	0	2	1	0	3	2	4	2	0	4	3	1	1	1	1	4	2	1	1	2	2	4	2	0	0	1	2	1	2	2	2	4
PF13453	Transcription factor zinc-finger	1	0	0	0	1	0	0	1	0	1	0	0	0	0	0	0	1	0	0	1	0	0	1	1	0	0	0	0	0	1	1	0	0	1	0	0	1	0	2	0	0	0
PF00933	Glycosyl hydrolase family 3 N terminal domain	1	1	0	1	1	3	1	0	1	1	0	7	2	1	1	3	2	1	1	1	1	1	0	1	0	1	2	1	3	4	3	1	0	1	1	3	4	1	3	2	0	1
PF01634	ATP phosphoribosyltransferase	1	1	1	1	1	1	1	1	1	1	0	1	1	1	2	1	1	1	0	1	1	1	1	1	1	1	1	1	1	1	1	2	1	1	1	1	1	1	1	1	1	1
PF01553	Acyltransferase	4	2	10	12	4	5	4	6	8	9	3	3	4	1	6	6	4	11	6	11	6	1	6	4	3	3	5	5	4	7	5	11	9	1	1	4	7	5	5	5	7	3
PF01740	STAS domain	4	2	4	3	3	2	4	4	3	3	0	2	1	4	4	1	5	4	0	3	3	4	3	3	3	5	1	4	3	3	4	2	4	4	4	3	3	4	3	1	3	4
PF02912	Aminoacyl tRNA synthetase class II, N-terminal domain	1	1	1	1	1	1	2	0	1	1	1	2	1	0	1	0	1	1	1	1	1	0	0	1	0	1	1	1	1	1	1	1	1	0	0	1	1	1	1	1	1	1
PF01409	tRNA synthetases class II core domain (F)	1	2	1	1	1	1	2	0	1	1	1	2	1	0	1	0	1	1	1	1	1	0	0	1	1	1	1	1	1	1	1	1	1	0	0	1	1	1	1	1	1	1
PF02580	D-Tyr-tRNA(Tyr) deacylase	1	0	1	1	1	0	1	1	1	1	1	0	0	1	1	1	1	1	1	1	1	1	1	1	1	1	1	1	1	1	1	1	1	1	1	1	1	1	1	1	1	1
PF01965	DJ-1/PfpI family	2	1	5	3	4	5	2	1	2	4	0	3	2	5	6	1	1	5	0	4	6	5	1	4	2	3	5	2	2	1	4	4	5	1	1	2	1	2	4	5	3	3
PF02464	Competence-damaged protein	2	1	1	1	1	2	1	1	1	1	1	2	1	1	1	1	2	2	1	1	1	1	1	2	0	1	1	1	1	1	1	1	1	1	1	1	1	1	1	1	1	1
PF04273	Beta-lactamase hydrolase-like protein, phosphatase-like domain	3	1	1	1	1	1	0	1	2	2	0	2	1	0	1	2	3	1	0	1	1	0	1	1	1	2	0	0	0	2	1	1	1	0	0	0	2	0	1	0	1	2
PF01464	Transglycosylase SLT domain	5	0	3	4	6	1	4	4	3	5	2	1	1	3	6	3	5	5	2	5	6	3	4	5	3	5	2	5	2	3	4	5	3	2	2	2	3	5	4	2	2	5
PF00816	H-NS histone family	1	0	1	1	0	0	0	0	0	1	0	0	0	0	1	0	1	1	0	1	1	0	0	0	0	1	0	0	0	0	1	1	1	0	0	0	0	0	1	0	1	1
PF21337	M17 aminopeptidase, N-terminal domain	1	1	0	0	1	1	1	1	0	0	0	1	1	0	1	0	1	0	0	0	1	0	1	1	1	1	0	1	0	0	0	0	0	0	0	0	0	1	0	0	0	1
PF00883	Cytosol aminopeptidase family, catalytic domain	2	2	1	1	2	2	2	1	1	1	0	2	1	0	2	2	2	1	0	1	2	0	1	2	2	2	0	2	0	4	2	1	1	0	0	0	4	2	2	0	1	2
PF03448	MgtE intracellular N domain	1	1	1	1	1	2	2	1	1	1	1	1	1	0	1	1	1	1	1	1	1	0	2	1	0	2	1	2	1	2	2	1	1	0	0	1	2	2	2	1	1	2
PF00571	CBS domain	6	4	12	9	6	6	10	10	6	9	10	5	5	4	7	5	6	12	9	9	6	6	11	6	4	9	10	12	11	9	11	10	12	4	4	11	9	12	11	10	10	8
PF01769	Divalent cation transporter	1	1	2	1	1	1	2	1	1	1	1	1	1	0	1	1	1	2	1	1	1	0	2	1	0	1	1	2	1	2	2	1	2	0	0	1	2	2	2	1	2	1
PF04303	PrpF protein	1	0	1	1	0	0	1	0	1	1	0	0	0	0	1	1	1	2	0	1	1	0	0	0	1	1	0	1	0	1	1	1	1	1	1	0	1	1	1	0	1	0
PF00120	Glutamine synthetase, catalytic domain	4	4	3	1	4	1	3	2	3	1	0	1	0	3	6	1	3	3	1	1	6	4	3	4	1	3	2	3	2	1	1	2	3	2	2	2	1	3	1	2	1	3
PF03951	Glutamine synthetase, beta-Grasp domain	1	1	1	1	1	1	0	1	1	1	0	1	0	1	1	1	1	1	0	1	1	1	1	1	0	1	1	1	1	1	1	1	1	1	1	1	1	1	1	1	1	1
PF00300	Histidine phosphatase superfamily (branch 1)	1	1	4	6	4	7	2	3	5	6	0	8	3	2	7	1	1	5	1	7	6	2	3	4	4	3	2	3	1	3	4	6	4	1	1	1	3	3	4	2	2	3
PF17267	Family of unknown function (DUF5333)	1	1	0	0	1	0	0	0	0	0	0	0	0	1	1	0	1	0	0	0	1	1	0	1	1	1	0	0	0	0	0	0	0	1	1	0	0	0	0	0	0	1
PF13177	DNA polymerase III, delta subunit	2	1	2	2	2	2	2	2	2	2	2	2	1	0	2	1	2	2	1	2	2	0	2	2	2	2	2	2	2	2	2	2	2	0	0	2	2	2	2	2	2	2
PF07228	Stage II sporulation protein E (SpoIIE)	1	0	2	0	1	0	2	2	1	0	0	0	0	1	2	0	1	2	0	0	2	1	2	1	2	1	0	2	0	1	1	0	2	1	1	0	1	2	1	0	2	1
PF20432	Antitoxin Xre-like helix-turn-helix domain	1	0	1	1	0	0	0	0	0	1	0	1	1	0	0	0	1	2	0	1	0	0	0	0	0	0	0	0	0	0	0	2	1	0	0	0	0	0	0	0	1	0
PF09722	Antitoxin Xre/MbcA/ParS C-terminal toxin-binding domain	1	0	1	1	0	0	0	0	1	1	0	1	1	0	0	0	1	2	0	1	0	0	0	0	0	0	0	0	0	0	0	2	1	0	0	0	0	0	0	0	0	0
PF04551	GcpE protein	1	1	1	1	1	1	1	1	1	1	0	1	1	1	1	1	1	1	0	1	1	1	1	1	1	1	0	1	0	1	1	1	1	1	1	0	1	1	1	0	1	1
PF03641	Possible lysine decarboxylase	2	1	2	2	2	1	1	1	2	1	0	1	1	2	2	1	2	2	0	1	2	2	1	2	2	1	3	1	1	1	1	2	2	2	2	1	1	1	1	2	0	1
PF00950	ABC 3 transport family	3	1	1	1	3	0	1	1	1	1	0	0	0	1	3	0	3	1	0	1	3	1	1	3	0	3	2	1	2	0	0	1	1	1	1	2	0	1	0	2	0	3
PF12806	Acetyl-CoA dehydrogenase C-terminal like	2	2	4	3	2	2	4	6	3	4	0	2	2	1	2	3	2	5	0	4	2	1	5	2	0	1	0	4	0	3	3	4	4	0	0	0	3	4	4	0	3	1
PF00441	Acyl-CoA dehydrogenase, C-terminal domain	4	7	23	26	12	24	6	11	10	24	4	37	15	10	18	9	4	27	4	21	12	10	8	12	7	10	4	9	4	11	11	29	23	9	9	4	11	9	12	4	9	10
PF02771	Acyl-CoA dehydrogenase, N-terminal domain	5	6	21	23	12	24	7	10	10	21	4	38	15	10	18	9	5	23	4	17	12	10	8	12	5	7	4	8	4	11	10	25	21	9	9	4	11	8	11	4	8	7
PF02770	Acyl-CoA dehydrogenase, middle domain	4	6	21	26	12	22	6	10	10	22	4	30	14	9	17	9	4	25	4	19	11	9	7	12	6	8	4	8	4	10	10	28	21	7	7	4	10	8	10	4	8	8
PF13603	Leucyl-tRNA synthetase, editing domain	1	0	1	1	1	1	1	1	1	1	1	1	1	0	1	1	1	1	1	0	1	0	1	1	0	1	1	0	1	1	1	1	1	0	0	1	1	0	1	1	1	1
PF09334	tRNA synthetases class I (M)	2	1	2	2	2	1	1	2	2	2	1	2	2	0	2	2	2	2	2	1	2	0	2	2	1	1	2	1	1	2	2	2	2	0	0	1	2	1	2	2	2	1
PF00128	Alpha amylase, catalytic domain	9	1	4	0	0	0	2	2	5	0	0	1	0	0	5	4	9	4	0	0	6	0	1	0	0	11	4	2	5	10	9	0	4	0	0	5	10	2	9	4	3	9
PF00389	D-isomer specific 2-hydroxyacid dehydrogenase, catalytic domain	7	4	5	4	3	3	2	3	3	4	2	3	1	2	7	1	6	5	2	4	7	2	3	3	2	6	4	2	3	3	4	4	5	1	1	3	3	2	4	3	4	4
PF12840	Helix-turn-helix domain	2	0	1	1	2	2	2	1	0	3	0	2	3	3	5	0	2	1	0	2	5	3	1	2	1	2	0	2	0	0	0	2	1	2	2	0	0	2	0	0	0	1
PF03567	Sulfotransferase family	2	0	1	0	4	2	0	0	0	1	0	0	0	0	2	0	2	1	0	3	2	0	0	4	0	1	0	0	0	0	1	0	1	0	0	0	0	0	1	0	1	1
PF00809	Pterin binding enzyme	2	2	2	2	2	2	2	2	2	2	1	3	0	2	2	2	2	2	2	2	2	2	2	2	1	2	2	2	2	2	2	2	2	2	2	2	2	2	2	2	1	3
PF05853	beta-keto acid cleavage enzyme	2	2	0	0	3	0	0	0	1	0	0	0	0	1	4	0	2	0	0	0	4	1	0	3	2	1	0	0	0	0	0	0	0	0	0	0	0	0	0	0	0	1
PF14572	Phosphoribosyl synthetase-associated domain	1	0	1	1	1	1	1	1	1	2	1	1	1	0	0	0	1	1	1	2	0	0	1	1	0	1	1	1	1	1	1	1	1	0	0	1	1	1	1	1	1	1
PF13793	N-terminal domain of ribose phosphate pyrophosphokinase	1	1	1	1	1	1	1	2	1	2	1	2	1	1	1	0	1	1	1	2	1	1	2	1	0	1	2	2	2	1	1	1	1	1	1	2	1	2	1	1	1	1
PF03069	Acetamidase/Formamidase family	1	0	0	0	0	0	1	1	0	1	0	2	0	0	1	0	1	0	0	0	1	0	1	0	0	1	0	1	0	0	0	0	0	0	0	0	0	1	0	0	0	0
PF13505	Outer membrane protein beta-barrel domain	2	0	5	14	0	3	8	3	3	10	0	2	3	0	3	3	2	7	1	10	3	0	5	0	1	2	7	10	7	3	5	15	5	0	0	7	3	10	5	8	3	2
PF10431	C-terminal, D2-small domain, of ClpB protein	3	3	4	3	3	3	3	5	4	4	3	4	2	3	2	2	3	4	1	4	3	3	4	3	2	3	3	4	3	3	3	3	4	2	2	3	3	4	3	3	4	3
PF02861	Clp amino terminal domain, pathogenicity island component	2	1	1	2	2	2	2	3	2	2	2	2	2	2	2	2	2	1	1	2	2	2	2	2	3	2	2	3	2	2	2	2	1	2	2	2	2	3	2	2	1	2
PF17871	AAA lid domain	2	2	2	2	2	2	2	3	2	2	2	2	2	3	2	2	2	2	1	2	2	3	2	2	2	2	2	3	2	2	2	2	2	2	2	2	2	3	2	2	2	2
PF07724	AAA domain (Cdc48 subfamily)	4	4	4	4	4	4	4	6	4	5	3	5	2	3	3	4	4	4	1	5	4	4	5	4	3	4	3	5	3	4	4	4	4	2	2	3	4	5	4	3	4	4
PF02401	LytB protein	1	0	2	1	1	1	1	1	1	1	0	1	1	1	1	0	1	1	0	0	1	1	1	1	2	1	0	1	0	1	1	1	1	0	0	0	1	1	1	0	1	1
PF13385	Concanavalin A-like lectin/glucanases superfamily	1	0	1	1	0	0	0	0	0	1	1	0	0	0	0	2	1	1	1	1	0	0	0	0	0	0	2	0	6	2	0	1	1	0	0	6	2	0	0	2	1	0
PF08439	Oligopeptidase F	1	0	0	0	1	0	0	0	0	0	0	0	0	0	1	0	1	0	0	0	1	1	0	1	0	1	0	0	0	0	0	0	0	0	0	0	0	0	0	0	0	1
PF01432	Peptidase family M3	2	1	1	1	2	1	0	1	2	1	1	1	1	1	2	3	2	1	1	1	2	2	1	2	1	2	1	1	2	2	2	1	1	0	0	2	2	1	2	1	0	2
PF06094	Gamma-glutamyl cyclotransferase, AIG2-like	1	1	0	1	1	0	0	1	0	1	0	1	0	1	2	0	1	0	0	1	2	1	1	1	0	0	0	0	0	0	1	1	0	0	0	0	0	0	1	0	0	0
PF07722	Peptidase C26	2	1	2	1	1	0	0	1	1	0	0	0	0	1	1	0	2	3	0	0	1	1	1	1	0	0	0	0	0	0	0	0	2	0	0	0	0	0	0	0	2	0
PF03100	CcmE	1	0	1	1	1	1	1	1	1	1	0	1	1	1	1	1	1	1	0	1	1	1	1	1	0	1	0	1	0	1	1	1	1	1	1	0	1	1	1	0	1	1
PF01127	Succinate dehydrogenase/Fumarate reductase transmembrane subunit	2	2	1	2	2	2	4	0	1	2	0	2	2	1	2	1	2	1	0	2	2	1	0	2	0	2	0	2	0	1	2	2	1	1	1	0	1	2	1	0	1	2
PF01207	Dihydrouridine synthase (Dus)	2	2	3	3	2	2	3	3	3	3	2	2	1	3	2	2	2	3	2	3	2	3	3	2	0	2	1	3	2	3	3	3	3	2	2	2	3	3	3	1	2	2
PF01938	TRAM domain	1	0	2	2	1	1	1	2	1	2	1	1	1	1	0	0	1	2	1	2	0	1	2	1	1	1	2	1	1	1	1	2	2	1	1	1	1	1	1	2	2	1
PF00919	Uncharacterized protein family UPF0004	3	1	2	2	3	3	1	2	1	1	1	3	3	3	3	1	3	2	1	1	3	3	1	3	2	2	3	1	2	2	2	1	2	3	3	2	2	1	2	3	2	2
PF13365	Trypsin-like peptidase domain	4	1	1	3	4	5	2	2	5	3	1	5	4	3	7	3	4	1	1	3	7	3	2	4	2	1	1	2	1	3	3	3	1	3	3	1	3	2	3	1	1	1
PF00205	Thiamine pyrophosphate enzyme, central domain	6	4	4	2	4	2	1	1	3	2	0	1	1	3	7	1	5	5	0	1	8	3	1	4	1	3	2	1	1	3	2	2	4	2	2	1	3	1	2	2	2	2
PF02776	Thiamine pyrophosphate enzyme, N-terminal TPP binding domain	7	5	4	2	4	3	1	1	3	2	0	2	2	3	8	2	6	5	0	1	8	3	1	4	2	3	3	1	2	4	2	2	4	2	2	2	4	1	2	3	2	2
PF02775	Thiamine pyrophosphate enzyme, C-terminal TPP binding domain	6	7	4	2	6	4	1	1	3	2	0	3	3	4	9	2	6	5	0	1	10	5	1	6	2	3	3	1	2	4	2	2	4	3	3	2	4	1	2	3	2	2
PF00892	EamA-like transporter family	13	18	13	4	28	8	9	6	4	6	6	8	9	13	31	5	13	13	6	6	29	11	5	28	9	11	6	6	8	9	8	5	13	7	7	8	8	6	9	6	7	9
PF01551	Peptidase family M23	3	1	4	6	6	7	4	5	5	5	5	8	6	1	3	4	3	4	5	5	3	1	5	6	3	3	8	5	6	5	6	7	4	1	1	6	5	5	6	8	2	3
PF02367	Threonylcarbamoyl adenosine biosynthesis protein TsaE	1	0	1	1	1	1	0	1	1	1	0	1	1	0	1	1	1	1	1	1	1	0	1	1	1	1	1	0	1	1	1	1	1	0	0	1	1	0	1	1	1	1
PF00886	Ribosomal protein S16	1	1	1	1	1	1	1	1	1	1	1	1	1	1	1	1	1	1	1	1	1	1	1	1	0	1	1	1	1	1	1	1	1	1	1	1	1	1	1	1	1	1
PF00266	Aminotransferase class-V	6	4	3	5	7	4	5	2	7	5	5	5	4	4	8	4	6	3	4	4	7	4	3	7	8	8	6	5	5	5	7	5	3	0	0	5	5	5	7	6	2	7
PF00583	Acetyltransferase (GNAT) family	11	3	7	7	11	11	7	8	9	9	7	14	10	7	22	7	11	7	5	8	21	7	7	11	4	13	7	8	11	10	12	7	7	4	4	11	10	8	12	7	5	11
PF00044	Glyceraldehyde 3-phosphate dehydrogenase, NAD binding domain	3	2	4	3	2	1	0	2	3	3	2	1	1	2	3	4	3	4	3	3	3	2	1	2	1	2	3	1	3	3	3	3	4	2	2	3	3	1	3	3	2	2
PF02800	Glyceraldehyde 3-phosphate dehydrogenase, C-terminal domain	3	3	4	3	2	1	0	2	3	3	2	1	1	2	3	3	3	4	2	3	3	2	1	2	1	2	4	1	4	3	3	3	4	2	2	4	3	1	3	3	2	2
PF13417	Glutathione S-transferase, N-terminal domain	2	3	6	5	3	9	1	4	2	4	0	6	5	2	6	4	2	7	0	4	7	2	4	3	0	3	0	4	0	4	5	6	6	1	1	0	4	4	5	0	3	3
PF09523	Protein of unknown function (DUF2390)	1	0	1	1	0	0	0	1	1	1	0	0	0	0	0	0	0	1	0	1	0	0	1	0	0	0	0	1	0	1	1	1	1	0	0	0	1	1	1	0	0	0
PF04608	Phosphatidylglycerophosphatase A	1	1	1	1	1	0	1	1	1	1	0	0	0	1	1	1	1	1	0	2	1	1	1	1	0	1	0	1	0	1	1	1	1	1	1	0	1	1	1	0	1	1
PF00585	C-terminal regulatory domain of Threonine dehydratase	1	1	1	1	1	0	1	1	1	1	0	0	0	1	1	1	1	1	0	1	1	1	1	1	0	1	1	1	1	1	1	1	1	1	1	1	1	1	1	1	0	1
PF00291	Pyridoxal-phosphate dependent enzyme	5	7	7	5	9	6	4	6	5	5	2	7	4	5	11	5	5	7	4	6	9	4	6	9	1	5	6	4	7	7	7	6	7	3	3	7	7	4	7	6	4	5
PF17092	Penicillin-binding protein OB-like domain	1	1	1	1	1	1	1	1	1	1	0	1	1	1	1	1	1	1	0	1	1	1	1	1	0	1	0	1	0	1	1	1	1	1	1	0	1	1	1	0	1	1
PF00905	Penicillin binding protein transpeptidase domain	4	4	3	3	5	5	4	4	4	5	3	6	6	4	5	5	4	3	2	4	5	4	3	5	2	4	4	4	5	5	4	5	3	3	3	5	5	4	4	4	2	4
PF00912	Transglycosylase	3	2	3	2	4	4	2	3	2	4	2	4	4	3	4	4	3	3	2	3	4	3	2	4	2	3	2	2	4	3	2	4	3	2	2	4	3	2	2	2	2	3
PF05673	Protein of unknown function (DUF815)	1	1	1	0	1	0	0	0	0	1	0	0	0	0	1	0	1	2	0	1	1	0	0	1	1	0	0	0	0	0	0	1	1	0	0	0	0	0	0	0	1	0
PF00588	SpoU rRNA Methylase family	2	0	4	4	2	6	6	5	6	5	2	5	3	1	3	7	2	4	5	6	2	1	5	2	2	2	8	6	8	6	6	4	4	1	1	8	6	6	6	8	3	2
PF18693	TRAM domain	1	0	1	1	1	1	1	1	0	0	0	1	1	1	1	0	1	1	0	0	1	1	0	1	1	1	1	1	1	1	1	0	1	1	1	1	1	1	1	1	1	1
PF13379	NMT1-like family	1	0	2	1	0	0	2	2	0	3	0	3	0	0	2	2	1	2	0	5	2	0	4	0	0	2	0	2	0	2	1	2	2	0	0	0	2	2	1	0	0	0
PF00329	Respiratory-chain NADH dehydrogenase, 30 Kd subunit	1	1	1	0	1	1	0	0	0	0	0	1	0	0	1	0	1	1	0	0	1	0	0	1	1	1	0	0	0	0	0	0	1	0	0	0	0	0	0	0	1	1
PF00255	Glutathione peroxidase	1	0	1	2	0	0	2	1	2	1	0	1	1	0	1	2	1	1	0	1	1	0	2	0	0	1	1	2	1	2	2	2	1	0	0	1	2	2	2	1	1	1
PF00107	Zinc-binding dehydrogenase	10	9	10	6	13	13	3	4	5	4	0	12	12	6	18	6	9	12	0	4	19	6	4	12	6	13	1	4	2	6	8	8	10	3	3	2	6	4	10	1	7	13
PF08240	Alcohol dehydrogenase GroES-like domain	11	8	10	8	12	10	3	4	5	7	0	10	10	6	18	4	9	13	0	7	16	6	4	12	6	12	1	4	4	4	8	12	10	2	2	4	4	4	9	1	6	10
PF00239	Resolvase, N terminal domain	1	1	0	0	0	0	0	1	1	2	1	1	1	6	10	0	0	1	1	0	8	3	1	0	1	1	0	0	0	3	3	1	0	3	2	0	2	0	3	0	0	1
PF02796	Helix-turn-helix domain of resolvase	1	0	0	0	0	0	0	0	0	0	0	0	0	3	7	0	0	0	0	0	6	0	0	0	0	0	0	0	0	3	1	1	0	1	0	0	2	0	1	0	0	0
PF03328	HpcH/HpaI aldolase/citrate lyase family	5	2	1	0	3	2	0	0	1	0	0	2	2	1	4	0	5	1	0	0	3	1	0	3	4	2	0	0	0	0	0	0	1	0	0	0	0	0	0	0	1	2
PF06226	Protein of unknown function (DUF1007)	1	0	0	0	1	0	0	0	0	0	0	0	0	1	2	0	1	0	0	0	2	1	0	1	1	1	0	0	0	0	0	0	0	0	0	0	0	0	0	0	0	1
PF01783	Ribosomal L32p protein family	1	1	1	1	1	1	1	1	1	1	1	1	0	1	1	0	1	1	1	1	1	1	1	1	0	1	1	1	1	1	1	1	1	1	1	1	1	1	1	1	1	1
PF06568	Domain of unknown function (DUF1127)	4	2	0	0	2	0	0	0	0	0	0	0	0	3	3	0	4	0	0	0	3	3	0	2	5	3	0	0	0	0	0	0	0	2	2	0	0	0	0	0	0	3
PF03050	Transposase IS66 family	1	0	0	0	0	0	0	3	0	1	0	1	0	0	1	0	1	0	0	1	2	0	3	0	1	0	0	1	0	1	2	0	0	0	0	0	1	1	2	0	0	0
PF06724	Domain of Unknown Function (DUF1206)	1	0	0	0	0	0	0	0	0	0	0	1	1	0	0	0	1	0	0	0	1	0	0	0	1	1	0	0	0	0	1	0	0	0	0	0	0	0	1	0	0	0
PF01220	Dehydroquinase class II	1	1	1	1	1	1	0	1	1	1	1	1	0	0	1	1	1	1	1	1	1	0	1	1	0	1	1	0	1	1	1	1	1	0	0	1	1	0	1	1	0	1
PF01638	HxlR-like helix-turn-helix	1	0	1	2	0	5	0	1	0	1	1	5	1	2	1	0	1	1	0	1	1	2	0	0	0	2	0	1	3	0	1	3	1	0	0	3	0	1	1	0	0	2
PF13525	Outer membrane lipoprotein	1	2	2	2	2	1	1	1	1	2	0	1	1	1	1	1	1	2	1	2	1	1	1	2	0	1	1	1	1	1	1	2	2	1	1	1	1	1	1	1	2	1
PF00581	Rhodanese-like domain	4	3	3	7	6	3	5	5	7	8	2	6	6	5	5	3	4	4	3	8	4	4	5	6	1	4	10	5	8	6	7	8	3	1	1	8	6	5	7	10	0	4
PF07732	Multicopper oxidase	2	0	3	1	1	2	0	0	0	3	0	1	0	1	2	1	2	3	0	4	4	1	0	1	2	0	1	1	1	1	0	1	3	1	1	1	1	1	1	0	2	0
PF07731	Multicopper oxidase	2	0	3	1	1	1	0	0	0	3	0	1	0	0	2	0	2	3	0	3	4	1	0	1	2	0	1	1	1	1	0	1	3	0	0	1	1	1	1	0	2	0
PF04127	DNA / pantothenate metabolism flavoprotein	1	1	1	1	1	1	1	1	1	1	1	1	1	0	1	1	1	1	1	1	1	0	1	1	1	1	1	1	1	1	1	1	1	0	0	1	1	1	1	1	0	1
PF02441	Flavoprotein	1	1	2	2	1	1	2	2	2	2	1	1	1	0	1	2	1	2	1	2	1	0	2	1	1	1	1	2	1	2	2	2	2	0	0	1	2	2	2	1	1	1
PF01113	Dihydrodipicolinate reductase, N-terminus	1	1	1	1	1	1	1	1	1	1	1	1	1	0	1	0	1	1	1	1	1	0	1	1	1	0	2	1	2	1	1	1	1	0	0	2	1	1	1	1	0	0
PF05173	Dihydrodipicolinate reductase, C-terminus	1	1	1	1	1	1	1	1	1	1	1	1	1	0	1	0	1	1	1	1	1	0	1	1	1	0	1	1	1	1	1	1	1	0	0	1	1	1	1	1	0	0
PF02812	Glu/Leu/Phe/Val dehydrogenase, dimerisation domain	1	0	1	2	1	1	0	0	1	2	4	1	0	1	1	2	1	1	3	3	1	1	0	1	0	2	3	0	4	2	2	1	1	0	0	4	2	0	2	3	1	2
PF00208	Glutamate/Leucine/Phenylalanine/Valine dehydrogenase	1	0	1	2	1	1	0	0	1	3	3	1	0	1	2	2	1	1	3	4	1	1	0	1	0	2	3	0	4	2	2	1	1	0	0	4	2	0	2	3	1	2
PF02590	Predicted SPOUT methyltransferase	1	0	1	1	1	1	1	1	1	1	0	1	1	0	1	0	1	1	0	1	1	0	1	1	0	1	1	1	1	1	1	1	1	0	0	1	1	1	1	1	1	1
PF00672	HAMP domain	2	1	19	9	2	3	13	13	2	7	0	6	3	13	6	10	2	20	0	8	6	13	14	2	2	7	0	15	1	17	16	8	19	8	8	1	16	15	16	0	8	6
PF00483	Nucleotidyl transferase	6	0	4	2	2	4	3	4	3	3	2	6	3	3	5	3	4	5	3	4	5	3	2	2	2	5	4	4	4	3	2	3	4	1	1	4	3	4	3	4	2	5
PF01050	Mannose-6-phosphate isomerase	1	0	2	0	0	1	0	1	1	1	0	1	1	1	1	1	0	3	0	1	0	1	1	0	0	1	0	1	0	1	0	0	2	0	0	0	1	1	1	0	1	1
PF01878	EVE domain	1	1	1	1	1	1	0	1	1	1	0	1	1	0	1	1	1	1	0	1	1	0	2	2	1	1	0	1	0	1	1	1	1	0	0	0	1	1	1	0	0	1
PF18912	Double zinc ribbon domain	1	0	0	0	0	0	0	0	0	0	0	0	0	0	1	0	1	0	0	0	1	0	0	0	1	1	0	0	0	0	0	0	0	0	0	0	0	0	0	0	0	1
PF00206	Lyase	7	4	3	3	4	3	3	3	2	3	0	3	2	3	4	2	7	3	1	2	4	3	4	4	2	5	2	3	2	3	3	3	3	2	2	2	3	3	3	2	1	5
PF10415	Fumarase C C-terminus	2	1	1	1	1	1	1	1	0	1	0	1	1	0	1	1	2	1	0	0	1	0	1	1	0	1	1	1	0	1	1	1	1	0	0	0	1	1	1	1	0	1
PF01936	NYN domain	2	0	2	2	1	2	1	1	0	2	0	0	0	2	2	1	2	2	0	3	2	1	1	1	3	1	0	3	1	1	1	2	2	2	2	1	1	3	1	0	1	1
PF12872	OST-HTH/LOTUS domain	1	0	1	1	0	0	0	0	0	1	0	0	0	1	1	0	1	1	0	2	1	0	0	0	1	0	0	2	1	0	0	1	1	0	0	1	0	2	0	0	0	0
PF02627	Carboxymuconolactone decarboxylase family	4	3	2	0	5	3	0	2	0	0	1	6	2	3	5	0	4	2	2	0	5	2	2	5	0	2	4	0	5	1	0	1	2	2	2	5	1	0	0	4	1	2
PF13421	SPFH domain-Band 7 family	1	0	0	0	1	0	0	0	0	0	0	0	0	1	1	0	1	0	0	0	1	1	0	1	1	1	1	0	0	0	0	0	0	1	1	0	0	0	0	1	0	1
PF14237	GYF domain 2	1	0	0	1	1	0	0	0	0	0	0	0	0	1	1	0	1	1	0	0	1	1	0	1	1	1	1	0	0	0	0	1	0	1	1	0	0	0	0	1	0	1
PF00137	ATP synthase subunit C	1	0	1	1	1	1	0	1	1	1	1	1	1	1	1	0	1	1	1	1	1	1	2	1	1	1	1	1	1	0	1	1	1	1	1	1	0	1	1	1	0	1
PF10397	Adenylosuccinate lyase C-terminus	3	0	0	0	1	1	0	0	0	0	0	1	0	1	1	0	3	0	0	0	1	1	0	1	1	1	0	0	0	0	0	0	0	1	1	0	0	0	0	0	0	1
PF13404	AsnC-type helix-turn-helix domain	3	2	0	0	5	0	0	0	0	0	0	0	0	5	4	0	3	0	0	0	4	5	0	5	2	6	2	0	1	2	1	0	0	4	4	1	2	0	1	2	0	5
PF00873	AcrB/AcrD/AcrF family	5	4	10	10	2	6	8	11	6	14	5	8	3	3	5	26	5	16	3	17	4	3	9	2	3	7	6	11	13	22	14	14	10	2	1	13	24	11	14	4	4	7
PF00596	Class II Aldolase and Adducin N-terminal domain	2	0	3	2	1	1	1	2	2	2	0	2	0	2	3	2	2	3	0	2	2	2	2	1	0	1	0	1	0	2	2	2	3	0	0	0	2	1	2	0	1	1
PF01084	Ribosomal protein S18	1	1	1	1	1	1	1	1	1	1	1	1	0	1	1	1	1	1	1	0	1	1	1	1	1	1	1	1	1	1	1	1	1	1	1	1	1	1	1	1	1	1
PF13672	Protein phosphatase 2C	1	0	2	1	0	0	2	3	2	2	0	1	0	0	1	0	1	2	0	3	0	0	4	0	0	0	0	3	0	1	1	3	2	0	0	0	1	3	1	0	2	0
PF07394	Protein of unknown function (DUF1501)	1	0	0	0	1	2	0	1	0	0	0	0	0	1	0	1	1	0	0	0	0	1	2	1	0	1	2	1	0	1	0	0	0	0	0	0	1	1	0	2	0	1
PF01844	HNH endonuclease	1	1	0	0	1	1	0	1	0	1	0	1	1	1	1	0	1	0	0	2	1	1	1	1	0	2	0	1	0	1	0	1	0	0	1	0	1	1	0	0	0	2
PF00490	Delta-aminolevulinic acid dehydratase	1	1	1	1	1	1	0	1	1	1	1	1	1	0	1	1	1	1	1	1	1	0	1	1	1	1	1	1	1	1	1	1	1	0	0	1	1	1	1	1	0	1
PF04588	Hypoxia induced protein conserved region	1	1	0	0	1	1	0	0	0	0	0	1	1	1	1	0	1	0	0	0	1	1	0	1	0	1	0	0	0	0	0	0	0	1	1	0	0	0	0	0	0	1
PF03799	Cell division protein FtsQ/DivIB, C-terminal	1	1	1	1	1	1	1	1	1	0	0	1	1	0	1	2	1	1	0	0	1	0	1	1	0	1	0	1	0	1	1	1	1	0	0	0	1	1	1	0	1	1
PF12697	Alpha/beta hydrolase family	6	4	6	7	6	8	3	9	1	9	1	6	5	4	8	1	6	6	1	10	8	3	8	6	3	3	4	3	0	3	4	7	6	2	2	0	3	3	4	4	1	3
PF04430	Protein of unknown function (DUF498/DUF598)	1	1	0	0	1	0	0	0	0	0	0	0	0	1	1	0	1	0	0	0	1	1	0	1	0	1	0	0	0	0	0	0	0	1	1	0	0	0	0	0	0	1
PF00067	Cytochrome P450	3	1	1	3	4	4	0	1	0	3	0	7	3	2	4	0	3	2	0	3	5	2	1	4	0	3	1	0	1	0	0	4	1	1	1	1	0	0	0	1	1	3
PF01040	UbiA prenyltransferase family	2	3	2	2	3	2	2	1	3	2	3	2	2	0	3	2	2	2	4	2	2	0	1	3	2	2	4	2	4	3	2	2	2	0	0	4	3	2	2	4	0	2
PF00468	Ribosomal protein L34	1	0	1	1	1	1	0	0	1	1	1	1	1	1	1	0	1	1	1	1	1	1	0	1	0	1	1	0	1	1	1	1	1	1	1	1	1	0	1	1	0	1
PF18312	Copper resistance protein ScsC N-terminal domain	1	1	0	0	1	1	0	0	0	0	0	1	1	0	1	0	1	0	0	0	1	0	0	1	1	1	0	0	0	0	0	0	0	0	0	0	0	0	0	0	0	1
PF13462	Thioredoxin	2	0	1	0	3	3	0	0	0	1	0	3	2	0	1	1	2	1	0	1	1	0	0	3	3	1	0	0	0	1	0	0	1	0	0	0	1	0	0	0	0	1
PF16576	Barrel-sandwich domain of CusB or HlyD membrane-fusion	3	0	9	7	1	2	7	10	4	13	3	5	2	1	2	13	3	12	4	14	1	1	8	1	2	6	7	10	13	12	8	11	9	2	1	13	12	10	8	5	3	6
PF00591	Glycosyl transferase family, a/b domain	3	2	1	2	2	1	1	2	1	4	0	2	0	1	2	2	2	1	1	3	2	1	2	2	1	2	2	2	2	2	1	2	1	0	0	2	2	2	1	1	0	2
PF02885	Glycosyl transferase family, helical bundle domain	4	2	1	2	2	1	1	3	2	4	0	2	0	1	2	1	3	1	1	4	2	2	3	2	1	2	2	2	2	2	2	2	1	0	0	2	2	2	2	1	0	2
PF00479	Glucose-6-phosphate dehydrogenase, NAD binding domain	1	1	1	0	1	1	1	1	1	0	0	1	0	1	2	1	1	1	0	0	1	1	0	1	2	1	0	1	0	1	1	0	1	0	0	0	1	1	1	0	1	1
PF02781	Glucose-6-phosphate dehydrogenase, C-terminal domain	1	2	1	0	1	1	1	1	1	0	0	1	0	1	2	1	1	1	0	0	1	1	0	1	1	1	0	1	0	1	1	0	1	0	0	0	1	1	1	0	1	1
PF11812	Domain of unknown function (DUF3333)	1	1	1	1	1	0	1	1	1	1	0	1	0	1	1	0	1	1	0	1	1	1	1	1	1	1	0	1	0	0	0	1	1	0	0	0	0	1	0	0	0	0
PF04752	ChaC-like protein	1	0	1	1	2	0	0	0	0	1	0	0	0	1	1	1	1	1	0	1	1	1	0	2	0	1	0	0	0	1	0	1	1	1	1	0	1	0	0	0	0	1
PF01709	TACO1/YebC second and third domain	1	1	2	2	1	1	1	1	2	2	0	1	1	0	1	1	1	2	1	2	1	0	1	1	0	1	1	1	1	1	1	2	2	0	0	1	1	1	1	1	2	1
PF20772	TACO1/YebC protein N-terminal domain	1	0	2	2	1	1	1	1	2	2	0	1	1	0	1	1	1	2	1	2	1	0	1	1	0	1	1	1	1	1	1	2	2	0	0	1	1	1	1	1	2	1
PF02033	Ribosome-binding factor A	1	0	1	1	1	1	0	1	0	1	1	1	1	1	1	0	1	1	1	1	1	1	1	1	1	1	1	1	1	1	1	1	1	1	1	1	1	1	1	1	0	1
PF00122	E1-E2 ATPase	3	1	4	2	2	1	2	2	1	6	2	3	1	0	2	0	3	7	2	5	3	0	1	2	0	4	4	1	8	2	1	3	3	1	0	8	2	1	1	1	2	2
PF00702	haloacid dehalogenase-like hydrolase	9	3	10	7	7	4	5	5	4	10	3	6	5	2	7	2	9	12	4	10	7	2	4	7	3	10	6	5	12	8	6	9	8	3	1	12	8	5	5	3	6	8
PF00403	Heavy-metal-associated domain	2	0	6	2	3	1	2	2	1	10	3	2	1	0	2	2	2	8	4	5	2	0	0	3	1	3	11	4	10	5	1	2	5	0	0	10	5	4	1	4	4	3
PF00589	Phage integrase family	7	2	6	6	15	10	2	8	7	12	4	5	7	2	16	6	6	8	6	14	9	3	4	12	2	6	8	9	10	19	14	10	4	9	9	10	18	9	11	6	3	4
PF02899	Phage integrase, N-terminal SAM-like domain	2	2	2	2	1	2	0	0	2	2	2	2	2	1	2	1	2	2	2	2	2	1	0	1	0	2	2	1	2	2	3	3	2	1	1	2	2	1	2	2	1	2
PF03653	Uncharacterised protein family (UPF0093)	1	1	1	1	1	1	1	1	1	1	1	1	1	1	0	1	1	1	1	1	1	1	1	1	2	1	1	1	1	1	1	1	1	1	1	1	1	1	1	1	0	1
PF00466	Ribosomal protein L10	1	1	1	1	1	1	0	0	1	1	1	0	0	1	1	1	0	1	1	1	1	0	1	1	0	1	1	0	1	1	0	1	1	1	1	1	1	0	1	1	1	1
PF12833	Helix-turn-helix domain	6	4	31	27	7	13	25	22	6	18	2	9	4	11	14	8	6	35	2	19	10	11	19	7	5	5	19	26	17	13	5	32	31	4	4	17	13	26	7	17	16	4
PF00075	RNase H	1	1	1	1	1	1	1	1	1	1	0	1	1	0	1	0	1	1	1	1	1	0	1	1	1	1	1	1	1	2	1	1	1	0	0	1	2	1	1	1	1	1
PF01597	Glycine cleavage H-protein	1	1	1	1	1	1	1	1	0	1	1	1	1	2	1	1	1	1	1	1	1	1	1	1	1	1	1	1	1	1	1	1	1	1	1	1	1	1	1	1	1	1
PF08770	Sulphur oxidation protein SoxZ	1	1	0	0	1	1	0	0	0	0	0	0	0	0	1	0	1	0	0	0	1	0	0	1	1	1	0	0	0	0	0	0	0	0	0	0	0	0	0	0	0	1
PF13643	Domain of unknown function (DUF4145)	1	0	0	1	0	0	1	0	0	0	1	0	0	0	1	0	1	0	1	0	0	0	0	0	0	0	0	1	0	0	0	0	0	0	0	0	0	1	0	0	0	0
PF02152	Dihydroneopterin aldolase	1	1	1	1	2	1	0	1	1	1	1	1	0	1	1	1	1	1	1	1	1	1	1	2	1	1	1	1	1	2	2	1	1	1	1	1	2	1	1	1	0	1
PF08676	MutL C terminal dimerisation domain	1	0	1	1	1	1	1	1	1	1	1	1	1	0	1	0	1	1	1	2	1	0	1	1	0	1	1	1	1	0	0	1	1	0	0	1	0	1	0	1	1	1
PF01119	DNA mismatch repair protein, C-terminal domain	1	0	1	1	1	1	1	1	1	1	1	1	1	0	1	1	1	1	1	2	1	0	1	1	0	1	1	1	1	1	1	1	1	0	0	1	1	1	1	1	1	1
PF13589	Histidine kinase-, DNA gyrase B-, and HSP90-like ATPase	1	1	2	2	1	1	1	2	2	2	2	2	1	0	1	1	1	2	2	4	1	0	1	1	0	1	2	3	2	2	3	2	2	0	0	2	2	3	3	2	2	1
PF03006	Haemolysin-III related	1	0	1	1	0	1	1	1	1	1	0	0	0	0	1	0	1	1	0	1	1	0	1	0	0	0	1	1	1	1	1	1	1	0	0	1	1	1	1	1	0	0
PF05951	Bacterial protein of unknown function (DUF882)	1	0	0	0	1	0	0	1	0	0	0	0	0	0	1	0	1	0	0	0	1	0	1	1	1	1	0	1	0	0	0	0	0	0	0	0	0	1	0	0	0	1
PF01612	3'-5' exonuclease	3	2	2	2	3	3	2	3	2	2	1	3	1	2	3	2	3	2	1	2	3	2	3	3	1	3	1	3	2	2	2	2	2	0	0	2	2	3	2	1	1	3
PF05036	SPOR domain	3	0	4	5	3	2	5	3	2	4	2	2	0	3	3	3	3	4	2	4	3	3	2	3	2	2	2	5	3	4	4	5	4	2	2	3	4	5	3	2	4	2
PF00584	SecE/Sec61-gamma subunits of protein translocation complex	1	1	1	0	1	1	0	0	1	1	1	1	0	1	1	0	0	1	1	1	1	0	1	1	0	1	1	0	1	1	1	1	1	1	1	1	1	0	1	1	1	1
PF00730	HhH-GPD superfamily base excision DNA repair protein	3	1	2	3	3	3	3	1	2	3	2	3	1	3	3	1	3	3	3	3	3	3	1	3	2	2	3	2	2	2	2	3	2	1	1	2	2	2	3	3	1	2
PF00043	Glutathione S-transferase, C-terminal domain	4	3	8	3	3	5	3	4	2	3	0	5	3	1	4	4	4	9	0	3	5	1	5	3	1	2	0	5	0	5	4	4	8	0	0	0	5	5	4	0	6	2
PF02798	Glutathione S-transferase, N-terminal domain	4	4	5	2	1	5	3	2	1	2	0	1	1	1	5	2	4	6	0	2	5	1	3	1	4	3	0	3	0	3	3	4	5	1	1	0	3	3	3	0	4	3
PF01475	Ferric uptake regulator family	3	3	2	2	3	5	2	2	1	2	0	2	2	1	5	0	3	2	0	2	5	1	2	3	0	2	2	2	4	2	2	3	2	1	1	4	2	2	2	1	0	2
PF08241	Methyltransferase domain	2	1	5	5	2	10	4	2	4	3	1	10	4	1	2	4	1	6	1	3	2	1	1	2	0	0	5	4	2	6	4	4	5	1	1	2	6	4	4	5	4	0
PF03320	Bacterial fructose-1,6-bisphosphatase, glpX-encoded	1	1	0	0	0	1	0	0	0	0	0	1	1	0	1	0	1	0	0	0	1	0	0	0	1	1	0	0	0	0	0	0	0	0	0	0	0	0	0	0	0	1
PF01370	NAD dependent epimerase/dehydratase family	9	3	6	5	2	5	4	4	3	5	4	4	2	5	7	1	6	6	8	7	6	5	4	2	7	7	9	5	8	3	2	6	6	2	2	8	3	5	2	9	4	7
PF02777	Iron/manganese superoxide dismutases, C-terminal domain	1	1	1	1	1	1	1	1	1	1	1	1	2	1	1	0	1	1	2	1	1	1	1	1	0	2	1	1	1	1	1	1	1	1	1	1	1	1	1	1	1	2
PF00081	Iron/manganese superoxide dismutases, alpha-hairpin domain	1	1	1	1	1	1	1	0	1	1	1	1	1	1	1	0	1	1	2	1	1	1	0	1	0	2	1	1	1	1	1	1	1	1	1	1	1	1	1	1	1	2
PF13356	Arm DNA-binding domain	3	0	1	2	3	5	0	2	1	3	0	1	5	1	5	1	1	1	0	6	1	1	1	3	0	1	0	1	0	1	2	2	0	1	1	0	1	1	2	0	0	1
PF00155	Aminotransferase class I and II	11	14	12	10	12	4	10	4	9	10	4	9	4	9	16	5	11	12	6	11	15	8	5	12	11	13	8	9	7	7	9	11	12	4	4	7	7	9	9	8	10	13
PF16657	Maltogenic Amylase, C-terminal domain	1	0	1	0	0	0	0	0	0	0	0	0	0	0	0	1	1	1	0	0	0	0	0	0	0	1	1	0	0	2	1	0	1	0	0	0	2	0	1	1	1	1
PF00132	Bacterial transferase hexapeptide (six repeats)	4	3	4	6	4	6	10	4	7	7	5	5	3	4	7	4	4	4	6	8	6	4	6	4	1	7	7	5	5	7	5	5	4	1	1	5	7	5	5	7	3	7
PF06426	Serine acetyltransferase, N-terminal	1	0	0	1	1	1	0	0	1	1	0	1	1	1	1	1	1	0	0	1	1	1	0	1	1	1	0	0	0	1	1	1	0	1	1	0	1	0	1	0	0	1
PF02634	FdhD/NarQ family	1	1	2	0	1	0	0	0	0	0	0	0	0	2	1	0	1	2	0	0	1	2	0	1	1	1	0	0	0	0	0	0	2	1	1	0	0	0	0	0	0	1
PF05958	tRNA (Uracil-5-)-methyltransferase	1	1	1	1	0	0	1	2	2	1	0	0	0	1	1	2	1	1	1	2	1	1	2	0	0	1	1	2	1	2	2	1	1	0	0	1	2	2	2	1	1	1
PF07237	Protein of unknown function (DUF1428)	1	0	1	0	0	1	0	0	0	0	0	1	1	0	0	0	1	1	0	0	0	0	0	0	0	1	0	0	0	0	0	0	1	0	0	0	0	0	0	0	1	1
PF04748	Divergent polysaccharide deacetylase	1	0	1	1	1	1	1	1	0	1	0	2	1	1	1	0	1	1	0	1	2	1	1	1	0	0	0	1	0	1	1	1	1	1	1	0	1	1	1	0	0	0
PF04299	Putative FMN-binding domain	1	1	0	0	1	0	0	0	0	0	0	2	0	0	1	1	1	1	0	0	1	0	0	1	1	0	1	0	1	1	0	1	0	0	0	1	1	0	0	1	0	0
PF05866	Endodeoxyribonuclease RusA	1	0	0	0	0	1	0	0	0	0	0	1	1	0	0	0	1	0	0	0	0	0	0	0	0	0	0	0	0	0	0	0	0	0	0	0	0	0	0	0	0	0
PF11720	Peptidase inhibitor I78 family	1	0	0	0	1	0	0	0	0	0	0	0	0	0	0	0	1	0	0	0	0	0	0	1	0	2	0	0	0	0	0	0	0	0	0	0	0	0	0	0	0	2
PF04355	SmpA / OmlA family	1	1	2	1	1	1	1	1	1	1	0	1	0	0	1	0	1	2	0	1	1	0	1	1	0	1	0	1	0	1	1	1	2	0	0	0	1	1	1	0	0	1
PF01841	Transglutaminase-like superfamily	3	0	2	1	1	1	4	6	2	3	1	1	1	1	1	0	3	3	1	3	1	1	7	1	1	3	4	7	2	3	1	1	2	1	1	2	3	7	1	4	1	3
PF08379	Bacterial transglutaminase-like N-terminal region	3	0	1	0	1	0	2	3	0	1	0	1	1	1	1	0	3	1	0	1	1	1	4	1	0	1	0	3	0	0	0	0	1	1	1	0	0	3	0	0	0	1
PF09899	Putative amidoligase enzyme (DUF2126)	1	0	0	0	0	0	1	1	0	0	0	0	0	0	0	0	1	0	0	0	0	0	2	0	0	0	0	1	0	0	0	0	0	0	0	0	0	1	0	0	0	0
PF00330	Aconitase family (aconitate hydratase)	2	4	6	4	3	2	3	4	3	4	1	4	2	3	4	4	2	5	1	5	4	3	4	3	2	2	2	4	2	4	4	4	5	1	1	2	4	4	6	3	5	2
PF09996	Uncharacterized protein conserved in bacteria (DUF2237)	1	0	1	0	1	0	0	0	0	0	0	0	0	0	1	1	1	1	0	0	1	0	0	1	1	1	0	0	0	1	1	0	1	0	0	0	1	0	1	0	0	1
PF00497	Bacterial extracellular solute-binding proteins, family 3	4	2	25	3	3	0	1	5	2	3	1	0	0	5	5	6	4	25	0	3	5	5	5	3	1	6	0	2	0	7	15	3	25	4	4	0	7	2	14	0	10	6
PF02952	L-fucose isomerase, C-terminal domain	1	0	0	0	0	0	0	0	0	0	0	0	0	0	0	0	1	0	0	0	0	0	0	0	0	0	0	0	0	0	0	0	0	0	0	0	0	0	0	0	0	0
PF03485	Arginyl tRNA synthetase N terminal domain	1	1	1	1	2	1	1	1	1	1	1	1	0	0	1	1	1	1	1	1	1	0	1	2	0	1	0	1	1	1	1	1	1	0	0	1	1	1	1	0	1	1
PF05746	DALR anticodon binding domain	2	2	2	2	2	2	1	2	2	2	0	2	1	0	2	1	2	2	1	2	2	0	1	2	2	2	1	2	1	2	2	2	2	0	0	1	2	2	2	1	1	2
PF00750	tRNA synthetases class I (R)	1	1	1	1	1	1	1	1	1	1	1	1	0	0	1	1	1	1	1	1	1	0	1	1	0	1	1	1	1	1	1	1	1	0	0	1	1	1	1	1	1	1
PF05872	Helicase HerA-like C-terminal	1	0	0	0	1	1	0	0	0	0	0	1	1	0	1	0	1	0	0	0	1	0	0	1	1	1	1	0	1	0	0	0	0	0	0	1	0	0	0	1	0	1
PF01066	CDP-alcohol phosphatidyltransferase	1	2	4	2	3	1	2	2	2	2	0	1	1	4	3	1	1	4	1	2	2	4	2	3	1	3	2	2	1	2	3	2	4	3	3	1	2	2	3	2	4	3
PF01430	Hsp33 protein	1	1	1	1	1	1	1	1	1	1	0	1	1	1	1	1	1	1	0	1	1	1	1	1	1	1	0	1	0	1	1	1	1	0	0	0	1	1	1	0	1	1
PF02080	TrkA-C domain	2	1	3	2	3	3	0	2	2	3	2	3	2	2	4	2	2	4	2	4	4	2	2	3	2	3	2	1	2	3	4	3	3	2	2	2	3	1	4	2	1	3
PF02254	TrkA-N domain	2	1	3	4	2	2	3	5	3	5	1	3	2	2	2	3	2	4	1	6	2	2	5	2	1	2	3	4	4	4	5	4	3	1	1	4	4	4	5	3	1	2
PF12501	Phosphate ATP-binding cassette transporter	1	1	1	1	1	0	1	1	1	1	0	1	0	1	1	0	1	1	0	1	1	1	1	1	0	1	0	1	0	0	0	1	1	1	1	0	0	1	0	0	0	0
PF01323	DSBA-like thioredoxin domain	2	3	6	3	2	5	1	1	2	2	0	4	3	0	7	3	2	6	0	2	7	0	1	2	0	4	0	2	1	3	2	3	6	0	0	1	3	2	2	0	2	4
PF01636	Phosphotransferase enzyme family	2	2	5	4	5	5	4	4	5	4	0	6	4	1	4	3	2	6	0	4	3	1	5	5	3	3	1	5	0	3	4	4	5	1	1	0	3	5	4	1	2	3
PF02686	Glu-tRNAGln amidotransferase C subunit	1	1	1	1	1	1	1	1	1	1	0	1	0	1	1	0	1	1	0	1	1	1	1	1	0	1	0	1	0	0	0	1	1	1	1	0	0	1	0	0	1	1
PF12391	Protocatechuate 3,4-dioxygenase beta subunit N terminal	1	1	0	0	1	0	0	0	0	0	0	0	0	1	1	0	1	0	0	0	1	1	0	1	0	1	0	0	0	0	0	0	0	1	1	0	0	0	0	0	0	1
PF00775	Dioxygenase	2	2	1	0	2	0	0	0	0	0	0	1	0	2	3	0	2	1	2	0	3	2	0	2	0	3	1	0	0	0	0	0	1	1	1	0	0	0	0	1	0	3
PF02386	Cation transport protein	2	2	1	1	2	2	0	2	1	1	1	2	1	1	2	1	2	1	1	1	2	1	2	2	1	3	1	1	2	1	2	1	1	1	1	2	1	1	2	1	1	3
PF01170	Putative RNA methylase family UPF0020	1	0	1	1	1	0	1	1	1	1	1	0	0	1	1	0	1	2	1	1	1	0	1	1	0	1	1	1	1	1	1	1	1	0	0	1	1	1	1	1	1	1
PF07973	Threonyl and Alanyl tRNA synthetase second additional domain	3	2	2	2	3	2	3	1	2	2	1	2	2	2	4	0	3	2	2	2	4	2	1	3	2	2	2	2	2	2	2	2	2	0	0	2	2	2	2	2	2	2
PF02824	TGS domain	2	2	3	3	2	2	4	2	4	3	0	2	2	2	3	1	2	3	1	4	3	2	2	2	1	2	2	3	2	3	3	3	3	1	1	2	3	3	3	2	2	2
PF00587	tRNA synthetase class II core domain (G, H, P, S and T)	3	3	3	3	3	3	4	2	3	3	4	3	2	2	4	2	3	3	4	3	4	2	2	3	1	3	4	3	4	3	3	3	3	1	1	4	3	3	3	4	3	3
PF03129	Anticodon binding domain	3	3	3	3	3	3	5	2	3	3	4	3	2	2	4	2	3	3	4	3	4	2	2	3	2	3	4	3	4	3	3	3	3	1	1	4	3	3	3	4	3	3
PF00534	Glycosyl transferases group 1	7	0	12	3	4	5	3	2	2	5	7	5	5	6	10	1	5	12	9	8	9	5	2	4	3	13	14	6	15	6	8	5	12	1	1	15	6	6	6	14	10	10
PF13477	Glycosyl transferase 4-like	1	0	0	0	0	0	0	0	0	2	0	0	0	0	0	0	0	0	1	2	0	0	0	0	0	0	1	0	1	0	0	1	0	0	0	1	0	0	0	1	0	0
PF07167	Poly-beta-hydroxybutyrate polymerase (PhaC) N-terminus	1	1	0	0	1	2	1	0	0	0	0	2	1	0	1	0	1	0	0	0	1	0	1	1	1	1	0	0	0	1	0	0	0	0	0	0	1	0	0	0	0	1
PF13770	Domain of unknown function (DUF4169)	1	1	0	0	1	0	0	0	0	0	0	1	1	0	0	0	1	0	0	0	1	0	0	1	0	1	0	0	0	0	0	0	0	0	0	0	0	0	0	0	0	1
PF01063	Amino-transferase class IV	4	2	3	3	4	4	2	2	2	3	0	3	2	3	5	2	4	3	1	3	4	3	2	4	1	3	3	2	2	4	3	3	3	2	2	2	4	2	3	3	3	3
PF02576	RimP N-terminal domain	1	1	1	1	1	1	0	1	1	1	1	1	1	1	1	0	1	1	1	1	1	1	1	1	1	1	1	1	1	1	1	1	1	1	1	1	1	1	1	1	0	1
PF17384	RimP C-terminal SH3 domain	1	1	1	1	1	1	0	1	1	1	0	1	1	1	1	0	1	1	0	1	1	1	1	1	1	1	0	1	0	1	1	1	1	1	1	0	1	1	1	0	0	1
PF07475	HPr Serine kinase C-terminal domain	1	0	0	0	1	0	0	0	0	0	0	0	0	1	1	0	1	0	0	0	0	1	0	1	1	0	0	0	0	0	0	0	0	0	0	0	0	0	0	0	0	0
PF00154	recA bacterial DNA recombination protein	1	1	1	1	1	1	1	1	1	1	1	1	1	0	1	1	1	2	1	1	1	0	1	1	0	1	1	1	1	2	1	1	1	0	0	1	2	1	1	1	1	1
PF21096	RecA C-terminal domain	1	1	1	1	1	1	1	1	1	1	1	1	1	0	1	1	1	1	1	1	1	0	1	1	0	1	1	1	1	1	1	1	1	0	0	1	1	1	1	1	1	1
PF13472	GDSL-like Lipase/Acylhydrolase family	1	1	2	1	2	1	0	1	2	2	1	0	0	1	3	2	1	3	1	2	3	1	2	2	1	2	0	1	0	2	2	2	2	0	0	0	2	1	2	0	2	2
PF09335	SNARE associated Golgi protein	4	3	5	2	4	2	1	3	0	2	2	3	2	3	1	1	4	5	0	3	1	3	3	4	1	4	0	1	0	3	5	2	5	2	2	0	3	1	5	0	3	4
PF01022	Bacterial regulatory protein, arsR family	3	1	1	2	3	4	1	2	2	2	0	3	4	1	1	2	3	1	1	2	0	1	1	3	2	1	4	3	4	4	2	2	1	1	1	4	4	3	2	3	0	1
PF09375	Imelysin	2	0	2	2	0	0	0	1	0	3	0	0	0	0	6	0	2	2	0	3	6	0	2	0	2	0	1	1	1	0	0	3	2	0	0	1	0	1	0	1	2	0
PF01882	Protein of unknown function DUF58	1	0	2	2	1	2	3	3	1	2	1	2	1	0	2	1	1	2	2	2	1	0	4	1	1	2	4	3	2	2	2	2	2	0	0	2	2	3	2	4	2	2
PF03739	Lipopolysaccharide export system permease LptF/LptG	2	3	2	2	2	2	1	1	2	2	2	2	0	0	3	2	2	2	2	2	2	0	1	2	2	1	2	1	2	2	2	2	2	0	0	2	2	1	2	2	2	1
PF01408	Oxidoreductase family, NAD-binding Rossmann fold	2	5	1	0	0	4	0	0	0	0	0	3	3	0	13	1	2	1	1	0	12	0	0	0	0	7	6	1	1	1	2	0	1	0	0	1	1	1	2	6	1	5
PF03710	Glutamate-ammonia ligase adenylyltransferase	1	2	1	1	1	1	1	1	1	1	0	1	1	2	1	1	1	1	0	1	1	2	1	1	1	2	0	1	0	1	1	1	1	1	1	0	1	1	1	0	1	2
PF08335	GlnD PII-uridylyltransferase	2	2	2	2	2	2	2	1	2	2	0	2	2	2	2	2	2	2	0	2	2	2	1	2	3	2	0	2	0	2	2	2	2	1	1	0	2	2	2	0	2	2
PF01730	UreF	1	1	1	0	1	0	0	1	0	1	0	0	0	1	1	0	1	1	0	1	1	1	1	1	0	1	0	0	0	0	0	0	1	1	1	0	0	0	0	0	0	1
PF07715	TonB-dependent Receptor Plug Domain	3	0	11	12	1	23	10	12	20	13	12	52	21	3	0	23	2	12	16	12	0	2	10	1	0	5	21	10	32	31	42	16	11	0	0	32	31	10	40	19	5	3
PF00593	TonB dependent receptor	2	0	11	12	1	24	8	11	21	13	7	51	20	3	2	17	2	12	7	13	1	2	9	1	1	5	11	9	24	27	38	16	11	0	0	24	27	9	38	9	5	3
PF00342	Phosphoglucose isomerase	1	1	2	1	1	1	1	1	1	1	1	1	0	1	1	1	1	2	1	1	1	1	1	1	0	1	1	1	1	1	1	1	2	0	0	1	1	1	1	1	1	1
PF13441	YMGG-like Gly-zipper	1	0	0	0	2	0	0	0	0	1	1	0	0	0	1	0	1	0	1	1	1	0	0	2	1	0	0	0	0	0	2	1	0	0	0	0	0	0	1	0	0	0
PF04349	Periplasmic glucan biosynthesis protein, MdoG	1	0	2	0	0	0	0	0	0	0	0	1	1	1	1	0	1	2	0	0	1	1	0	0	0	1	0	0	0	0	1	0	2	0	0	0	0	0	1	0	2	1
PF11953	Domain of unknown function (DUF3470)	1	1	1	1	1	1	0	1	1	1	0	1	1	1	1	1	1	1	0	1	1	1	1	1	1	1	0	1	0	1	0	1	1	1	1	0	1	1	0	0	1	1
PF00037	4Fe-4S binding domain	1	1	1	1	1	1	1	1	1	1	0	1	1	1	1	1	1	1	0	1	1	1	1	1	1	1	0	2	0	1	0	1	1	1	1	0	1	2	0	0	1	1
PF14697	4Fe-4S dicluster domain	1	0	1	1	0	0	1	1	1	1	0	0	0	1	1	0	1	1	0	1	1	1	1	0	1	1	0	1	0	1	1	1	1	1	1	0	1	1	1	0	1	1
PF00215	Orotidine 5'-phosphate decarboxylase / HUMPS family	1	0	1	1	1	1	1	0	1	1	1	1	1	0	1	0	1	1	0	1	1	0	1	1	1	1	1	1	1	1	1	1	1	0	0	1	1	1	1	1	1	1
PF06793	Uncharacterised protein family (UPF0262)	1	1	0	0	1	1	0	0	0	0	0	1	1	1	1	0	1	0	0	0	1	1	0	1	1	1	0	0	0	0	0	0	0	1	1	0	0	0	0	0	0	1
PF07386	Protein of unknown function (DUF1499)	1	2	0	1	1	2	0	0	0	1	0	2	2	1	1	0	1	1	0	1	1	1	0	1	1	0	0	0	0	0	2	1	0	1	1	0	0	0	2	0	0	0
PF02581	Thiamine monophosphate synthase	2	0	2	2	1	2	0	0	0	2	2	2	2	0	3	0	2	2	2	2	3	0	0	1	2	2	0	1	2	0	1	2	2	0	0	2	0	1	1	0	1	2
PF01293	Phosphoenolpyruvate carboxykinase	1	0	1	1	1	1	1	1	1	1	1	0	0	0	1	0	1	1	1	1	1	0	1	1	1	1	1	1	1	0	1	1	1	0	0	1	0	1	1	1	1	1
PF02784	Pyridoxal-dependent decarboxylase, pyridoxal binding domain	2	1	4	2	3	2	1	2	1	2	1	2	2	1	1	2	2	4	0	3	1	1	3	3	1	2	2	2	2	2	3	2	4	0	0	2	2	2	3	2	1	2
PF00278	Pyridoxal-dependent decarboxylase, C-terminal sheet domain	2	1	3	1	3	3	1	2	1	1	0	3	3	1	1	1	2	3	0	1	1	1	3	3	2	3	1	2	1	2	2	1	3	0	0	1	2	2	2	1	1	3
PF03886	ABC-type transport auxiliary lipoprotein component	1	0	1	1	0	1	0	0	0	1	0	1	1	0	1	1	0	1	0	1	1	0	0	0	0	1	0	0	0	1	1	1	1	0	0	0	1	0	1	0	1	1
PF00196	Bacterial regulatory proteins, luxR family	7	1	13	6	6	8	7	5	7	6	1	7	6	6	8	1	7	13	2	6	7	6	6	6	6	6	10	8	5	9	9	6	13	6	6	5	9	8	9	10	9	5
PF03472	Autoinducer binding domain	3	1	0	0	1	3	0	0	1	0	0	2	2	1	2	0	3	0	0	0	2	1	0	1	1	4	0	0	0	0	0	0	0	1	1	0	0	0	0	0	0	3
PF21082	Mechanosensitive ion channel MscS, C-terminal	3	0	4	4	3	6	4	3	3	5	2	4	6	0	11	4	3	4	3	5	8	0	3	3	2	1	4	5	4	5	8	6	4	0	0	4	5	5	8	4	3	1
PF12607	Protein of unknown function (DUF3772)	1	1	0	0	1	0	0	0	0	0	0	0	0	0	1	0	1	0	0	0	1	0	0	1	0	1	0	0	0	0	0	0	0	0	0	0	0	0	0	0	0	1
PF00924	Mechanosensitive ion channel, beta-domain	6	1	5	7	3	6	5	4	4	7	4	7	8	0	10	8	6	5	4	7	8	0	4	4	3	3	5	5	6	9	12	6	5	0	0	6	9	5	12	5	3	3
PF01926	50S ribosome-binding GTPase	7	5	9	8	7	7	7	7	6	10	6	7	4	6	7	6	7	11	7	11	6	6	7	7	1	6	7	8	7	8	8	9	9	5	5	7	8	8	8	7	6	6
PF14714	KH-domain-like of EngA bacterial GTPase enzymes, C-terminal	1	1	1	1	1	1	1	1	1	1	0	1	1	1	1	1	1	1	1	1	1	1	1	1	0	1	1	1	1	1	1	1	1	1	1	1	1	1	1	1	1	1
PF00547	Urease, gamma subunit	1	1	1	0	1	0	0	1	0	1	0	0	0	1	1	0	1	1	0	1	1	1	1	1	0	1	0	0	0	0	0	0	1	1	1	0	0	0	0	0	0	1
PF02833	DHHA2 domain	1	1	0	0	1	0	0	0	0	0	0	0	0	1	1	0	1	0	0	0	1	1	0	1	1	1	0	0	0	0	0	0	0	1	1	0	0	0	0	0	0	1
PF01368	DHH family	2	1	1	1	2	1	1	1	1	1	1	1	1	1	2	1	2	1	2	0	2	1	1	2	2	2	2	0	2	1	1	1	1	1	1	2	1	0	1	2	1	2
PF02311	AraC-like ligand binding domain	2	0	3	1	0	0	0	0	0	1	0	0	0	0	0	1	2	4	0	1	0	0	0	0	1	1	2	0	2	1	1	1	3	0	0	2	1	0	1	2	2	1
PF00227	Proteasome subunit	2	1	2	1	2	1	1	2	0	2	0	2	1	2	2	1	2	2	0	2	2	2	2	2	1	2	0	1	0	1	1	1	2	2	2	0	1	1	1	0	1	2
PF08908	Putative oxygenase MesX	1	0	0	0	0	0	0	0	0	0	0	0	0	0	0	0	1	0	0	0	0	0	0	0	0	0	0	0	0	0	0	1	0	0	0	0	0	0	1	0	0	0
PF00288	GHMP kinases N terminal domain	1	1	1	1	1	2	2	1	2	1	0	1	1	0	1	2	1	1	0	1	1	0	1	1	0	1	2	1	1	3	3	1	1	0	0	1	3	1	3	2	1	1
PF08544	GHMP kinases C terminal	1	1	1	1	1	2	2	1	2	1	0	1	1	0	1	2	1	1	0	1	1	0	1	1	0	1	2	1	1	3	3	1	1	0	0	1	3	1	3	2	1	1
PF01761	3-dehydroquinate synthase	1	1	1	1	1	1	1	1	1	1	1	1	1	0	1	1	1	1	0	1	1	0	1	1	1	1	1	1	1	1	1	1	1	0	0	1	1	1	0	1	1	1
PF00380	Ribosomal protein S9/S16	1	1	1	1	1	1	0	1	1	1	0	1	1	0	1	1	1	2	1	1	1	0	1	1	1	1	1	0	1	1	1	1	1	1	1	1	1	0	1	1	1	1
PF02397	Bacterial sugar transferase	3	0	2	1	2	2	1	1	1	2	2	1	0	3	2	1	1	2	1	4	1	3	1	2	2	2	3	2	4	3	2	2	2	2	2	4	3	2	1	3	2	1
PF00872	Transposase, Mutator family	1	0	0	0	0	0	0	0	0	0	0	0	0	0	3	0	0	0	0	0	1	0	0	0	2	0	0	1	0	1	0	0	0	0	0	0	1	1	0	0	0	0
PF03483	B3/4 domain	1	1	1	1	1	1	2	0	1	1	0	1	1	1	1	0	1	1	1	0	1	1	0	1	1	1	1	1	1	1	1	1	1	0	0	1	1	1	1	1	1	1
PF01588	Putative tRNA binding domain	2	2	3	2	2	1	2	1	3	2	2	2	2	2	2	1	2	3	2	0	2	2	1	2	1	2	2	2	3	2	2	2	3	1	1	3	2	2	2	2	2	2
PF03484	tRNA synthetase B5 domain	1	1	1	1	1	1	2	0	1	1	0	1	1	1	1	0	1	1	1	0	1	1	0	1	1	1	1	1	1	1	1	1	1	0	0	1	1	1	1	1	1	1
PF03147	Ferredoxin-fold anticodon binding domain	1	1	1	1	1	1	2	0	1	1	1	1	1	1	1	0	1	1	1	0	1	1	0	1	1	1	1	1	1	1	1	1	1	0	0	1	1	1	1	1	1	1
PF17759	Phenylalanyl tRNA synthetase beta chain CLM domain	1	1	1	1	1	1	2	0	1	1	1	1	1	1	1	0	1	1	1	0	1	1	0	1	1	1	1	1	1	1	1	1	1	0	0	1	1	1	1	1	1	1
PF03880	DbpA RNA binding domain	1	1	1	2	1	1	1	2	2	2	2	1	1	2	1	1	1	1	1	2	1	2	2	1	0	1	2	2	2	2	2	2	1	1	1	2	2	2	2	2	1	1
PF01728	FtsJ-like methyltransferase	1	1	2	2	1	2	1	1	2	2	0	3	0	1	1	1	1	2	0	2	1	1	1	1	0	1	0	1	0	2	2	2	2	1	1	0	2	1	2	0	1	1
PF18856	Bacterial archaeo-eukaryotic release factor family 12	1	0	0	0	0	0	0	0	0	0	0	1	0	0	0	0	1	0	0	0	0	0	0	0	0	1	0	0	0	0	0	0	0	0	0	0	0	0	0	0	0	1
PF00724	NADH:flavin oxidoreductase / NADH oxidase family	2	2	5	3	3	2	3	4	5	3	1	3	3	2	4	3	2	5	1	3	4	1	4	3	2	4	1	3	1	4	5	3	5	0	0	1	4	3	5	1	2	3
PF13403	Hint domain	6	2	0	0	15	0	0	0	0	0	0	0	0	10	15	0	6	0	0	0	13	11	0	15	5	8	0	0	0	0	0	0	0	6	6	0	0	0	0	0	0	7
PF20582	UPF0758 N-terminal	1	0	1	1	1	1	1	1	0	1	1	1	1	0	0	1	1	1	1	1	0	0	1	1	2	1	1	1	1	1	1	1	1	0	0	1	1	1	1	1	0	1
PF04002	RadC-like JAB domain	1	0	1	3	1	1	1	2	1	3	1	1	1	0	1	1	1	3	1	5	1	0	2	1	1	2	3	1	1	2	1	4	1	0	0	1	2	1	1	1	0	2
PF13277	YmdB-like protein	1	1	0	0	1	1	0	0	0	0	0	1	1	1	1	0	1	0	0	0	1	1	0	1	1	1	0	0	0	0	0	0	0	1	1	0	0	0	0	0	0	1
PF00710	Asparaginase, N-terminal	1	0	1	0	0	1	0	1	1	0	1	0	0	0	0	1	1	1	1	0	0	0	1	0	0	1	1	1	1	1	1	0	1	0	0	1	1	1	1	1	0	1
PF17763	Glutaminase/Asparaginase C-terminal domain	1	0	0	0	0	0	0	1	1	0	1	0	0	0	0	1	1	0	1	0	0	0	1	0	0	1	1	0	1	1	1	0	0	0	0	1	1	0	1	1	0	1
PF04954	Siderophore-interacting protein	1	0	0	0	0	1	0	0	0	0	0	0	1	0	2	0	2	0	0	0	2	0	0	0	0	1	0	0	0	0	1	0	0	0	0	0	0	0	1	0	0	0
PF08021	Siderophore-interacting FAD-binding domain	1	0	0	0	0	1	0	0	0	0	0	0	1	0	2	0	2	0	0	0	2	0	0	0	0	1	0	0	0	0	1	0	0	0	0	0	0	0	1	0	0	0
PF00420	NADH-ubiquinone/plastoquinone oxidoreductase chain 4L	2	1	3	1	2	2	1	1	1	2	0	2	1	2	2	2	2	3	0	2	2	2	1	2	3	3	0	1	0	2	1	1	3	2	2	0	2	1	1	0	3	3
PF07043	Protein of unknown function (DUF1328)	3	0	1	0	0	0	0	0	0	1	0	1	1	0	0	1	3	1	0	1	0	0	0	0	1	0	2	0	2	1	2	1	1	0	0	2	1	0	2	2	1	0
PF21162	ETF-QO, ubiquinone-binding	1	0	1	1	1	1	1	0	1	1	0	1	0	0	1	1	1	1	0	1	1	0	0	1	0	1	0	1	0	1	1	1	1	0	0	0	1	1	1	0	1	1
PF05187	Electron transfer flavoprotein-ubiquinone oxidoreductase, 4Fe-4S	1	1	1	1	1	1	0	0	1	1	0	1	0	0	1	1	1	1	0	1	1	0	0	1	0	1	0	1	0	1	1	1	1	0	0	0	1	1	1	0	1	1
PF01946	Thi4 family	1	1	0	0	1	0	0	0	0	0	0	0	0	0	0	0	1	0	0	0	0	0	0	1	0	0	0	0	0	0	0	0	0	0	0	0	0	0	0	0	0	0
PF02566	OsmC-like protein	2	2	3	4	3	1	2	2	1	4	2	1	1	2	2	1	2	3	2	4	2	2	2	3	2	2	5	2	7	2	4	5	3	1	1	7	2	2	3	5	2	2
PF10604	Polyketide cyclase / dehydrase and lipid transport	1	0	1	5	0	1	0	0	2	2	0	2	1	1	0	2	1	1	0	1	0	1	0	0	0	1	3	0	1	1	2	2	1	1	1	1	1	0	1	3	1	1
PF00012	Hsp70 protein	2	1	1	1	1	1	2	1	1	3	2	2	2	1	2	2	2	2	1	3	2	1	2	1	2	2	1	2	2	3	1	2	1	1	1	2	3	2	1	1	0	1
PF05145	Transition state regulatory protein AbrB	2	0	0	0	1	0	0	0	0	0	0	0	0	0	1	0	1	0	0	0	2	0	0	1	1	1	0	0	0	0	0	0	0	0	0	0	0	0	0	0	0	0
PF02872	5'-nucleotidase, C-terminal domain	3	1	1	0	2	0	1	1	0	1	1	0	0	2	3	2	3	1	1	1	3	1	1	2	4	2	1	1	1	2	0	0	1	1	1	1	2	1	0	1	0	2
PF02423	Ornithine cyclodeaminase/mu-crystallin family	3	2	1	0	3	0	0	0	0	0	0	0	0	2	2	0	2	1	0	0	2	1	0	2	4	3	0	0	0	0	0	0	1	0	0	0	0	0	0	0	1	4
PF01554	MatE	2	2	5	3	2	3	3	5	3	3	2	2	2	2	4	4	2	5	2	2	4	2	5	2	2	2	3	4	3	4	4	3	5	1	1	3	4	4	4	3	0	2
PF07364	Metallopeptidase family M81	1	0	0	0	0	0	0	0	0	0	0	1	0	0	0	0	1	0	0	0	0	0	0	0	1	1	0	0	0	0	0	0	0	0	0	0	0	0	0	0	0	1
PF07171	MlrC C-terminus	1	0	0	0	0	0	0	0	0	0	0	1	0	0	0	0	1	0	0	0	0	0	0	0	1	1	0	0	0	0	0	0	0	0	0	0	0	0	0	0	0	1
PF05532	CsbD-like	1	0	0	0	0	0	0	0	0	0	0	1	1	0	0	0	1	0	0	0	1	0	0	0	0	2	0	0	0	0	1	0	0	0	0	0	0	0	1	0	0	2
PF16912	Glucose dehydrogenase C-terminus	1	0	0	0	0	0	0	0	0	0	0	0	0	0	0	0	0	0	0	0	0	0	0	0	0	0	0	0	0	0	0	0	0	0	0	0	0	0	0	0	0	0
PF00717	Peptidase S24-like	2	1	1	2	1	2	2	1	1	2	1	2	2	2	1	1	2	4	1	2	1	2	0	1	1	1	1	4	3	1	2	3	1	1	1	3	1	4	2	1	1	1
PF03971	Monomeric isocitrate dehydrogenase	1	1	1	1	1	0	1	1	1	1	2	0	0	1	1	1	1	1	2	1	1	1	1	1	0	1	1	1	1	1	1	1	1	0	0	1	1	1	1	1	0	0
PF07676	WD40-like Beta Propeller Repeat	1	1	0	1	1	4	1	1	5	2	5	4	3	1	1	8	1	0	6	2	1	1	0	1	1	2	7	1	4	8	4	2	0	1	1	4	8	1	4	7	0	2
PF04052	TolB amino-terminal domain	1	1	0	1	1	1	1	1	1	1	0	0	2	1	1	1	1	0	0	1	1	1	0	1	1	1	0	1	0	1	1	1	0	1	1	0	1	1	1	0	0	1
PF01081	KDPG and KHG aldolase	1	2	1	0	0	1	1	1	1	0	0	1	0	1	2	2	1	1	0	0	2	1	0	0	0	2	0	1	1	2	2	0	1	1	1	1	2	1	2	0	1	2
PF00975	Thioesterase domain	1	0	0	0	0	0	0	0	0	1	0	0	0	1	1	0	1	0	0	1	1	1	0	0	0	2	0	0	0	0	0	1	0	0	0	0	0	0	0	0	0	1
PF00550	Phosphopantetheine attachment site	3	1	1	1	2	1	2	1	3	3	3	1	1	7	5	0	3	1	3	3	4	7	1	2	2	5	2	2	1	1	2	3	1	4	4	1	1	2	1	2	1	4
PF03401	Tripartite tricarboxylate transporter family receptor	12	0	1	0	2	0	0	0	0	0	0	0	0	1	3	0	10	1	0	0	3	1	0	2	1	5	0	0	0	0	0	0	1	0	0	0	0	0	0	0	1	5
PF01016	Ribosomal L27 protein	1	1	1	1	1	1	1	1	0	1	1	1	1	1	1	0	1	1	1	1	1	1	1	1	1	1	1	1	1	1	1	1	1	1	1	1	1	1	1	1	1	1
PF02195	ParB/Sulfiredoxin domain	2	1	1	1	1	1	0	1	2	3	1	3	4	6	5	0	1	3	1	2	3	5	2	1	0	3	3	1	1	1	1	1	1	1	1	1	1	1	1	1	0	2
PF17762	HTH domain found in ParB protein	1	1	1	1	1	1	0	1	1	1	1	1	1	1	1	0	1	1	1	1	1	1	2	1	0	1	1	1	1	1	1	1	1	1	1	1	1	1	1	1	0	1
PF21016	Ribosomal RNA large subunit methyltransferase N-terminal domain	1	1	1	1	1	1	1	1	1	1	0	1	1	1	1	1	1	1	1	1	1	1	1	1	1	1	1	1	1	1	1	1	1	0	0	1	1	1	1	1	1	1
PF06764	Protein of unknown function (DUF1223)	1	1	1	0	1	1	0	0	0	0	1	1	1	0	1	0	1	1	0	0	1	0	0	1	1	1	0	0	0	0	0	0	1	0	0	0	0	0	0	0	1	1
PF20009	GEVED domain	2	0	0	1	0	0	0	0	0	1	0	1	0	0	0	0	2	1	2	1	0	0	0	0	2	0	7	0	4	0	0	1	0	0	0	4	0	0	0	7	0	0
PF01345	Domain of unknown function DUF11	2	0	0	1	0	3	1	4	0	1	0	2	0	0	1	0	2	1	0	1	1	0	4	0	2	0	0	4	1	0	0	2	0	0	0	1	0	4	0	0	0	0
PF01061	ABC-2 type transporter	2	2	3	1	1	2	1	1	1	2	0	2	2	3	2	1	2	3	1	2	2	3	1	1	1	4	2	1	1	1	1	2	3	2	2	1	1	1	1	2	2	4
PF20044	Family of unknown function (DUF6446)	1	1	0	0	1	0	0	0	0	0	0	0	0	0	1	0	1	0	0	0	1	0	0	1	2	1	0	0	0	0	0	0	0	0	0	0	0	0	0	0	0	1
PF03796	DnaB-like helicase C terminal domain	1	1	1	1	1	1	1	1	1	1	1	1	0	1	1	0	1	1	1	2	1	1	1	1	0	1	1	1	1	2	1	1	1	1	1	1	2	1	1	1	1	1
PF00772	DnaB-like helicase N terminal domain	1	1	1	1	1	1	1	1	1	1	1	1	0	1	1	0	1	1	1	0	1	1	1	1	0	1	1	1	1	2	1	1	1	1	1	1	2	1	1	1	1	1
PF06233	Usg-like family	1	0	0	0	0	0	0	0	0	0	0	0	0	1	1	0	1	0	0	0	1	1	0	0	1	0	0	0	0	0	0	0	0	1	1	0	0	0	0	0	0	0
PF05762	VWA domain containing CoxE-like protein	2	2	1	2	1	2	1	1	1	2	0	1	2	1	4	0	2	2	0	2	3	1	1	1	1	1	0	1	0	1	1	2	1	1	1	0	1	1	1	0	1	1
PF03952	Enolase, N-terminal domain	1	1	2	1	1	1	0	1	1	1	1	1	0	1	1	1	1	2	1	1	1	1	1	1	1	1	1	1	1	1	1	1	2	1	1	1	1	1	1	1	2	1
PF00113	Enolase, C-terminal TIM barrel domain	1	1	2	1	1	1	0	1	1	1	1	1	0	1	1	1	1	2	1	1	1	1	1	1	1	1	1	1	1	1	1	1	2	1	1	1	1	1	1	1	2	1
PF01230	HIT domain	1	0	2	3	1	1	2	3	2	3	1	1	0	0	1	1	1	4	1	3	1	0	2	1	0	1	1	2	1	2	2	3	2	0	0	1	2	2	1	1	1	1
PF01257	Thioredoxin-like [2Fe-2S] ferredoxin	1	2	2	0	2	1	0	0	0	0	0	1	0	1	3	0	1	2	0	0	2	1	0	2	1	2	0	0	0	0	0	0	2	0	0	0	0	0	0	0	1	2
PF01694	Rhomboid family	2	0	3	4	2	1	2	2	0	4	4	1	2	2	2	3	2	3	5	5	2	2	2	2	0	2	4	2	4	4	4	3	3	2	2	4	4	2	4	4	2	2
PF01208	Uroporphyrinogen decarboxylase (URO-D)	1	1	1	1	1	1	1	0	1	1	1	1	1	1	2	1	1	1	1	1	1	1	1	1	1	1	1	1	1	1	1	1	1	1	1	1	1	1	1	1	1	1
PF00480	ROK family	1	1	0	0	0	0	0	2	0	0	0	0	0	0	2	0	1	0	0	0	2	0	1	0	0	0	1	1	0	0	2	0	0	0	0	0	0	1	1	1	0	0
PF01435	Peptidase family M48	3	3	6	5	4	4	3	4	3	5	2	5	4	2	3	3	3	5	2	5	3	2	4	4	1	3	3	6	3	5	3	5	5	2	2	3	5	6	3	3	4	3
PF02615	Malate/L-lactate dehydrogenase	4	1	0	0	1	0	0	0	0	0	0	0	0	0	2	0	4	0	0	0	2	0	0	1	0	1	0	0	0	0	0	0	0	0	0	0	0	0	0	0	0	1
PF03824	High-affinity nickel-transport protein	1	0	0	0	1	0	0	0	0	0	0	0	0	0	2	0	1	0	0	0	2	0	0	1	1	1	0	0	0	0	0	0	0	0	0	0	0	0	0	0	0	1
PF01678	Diaminopimelate epimerase	1	1	1	1	1	1	0	1	1	1	1	2	1	1	1	1	1	1	1	1	1	1	2	1	0	1	1	1	1	1	1	1	1	0	0	1	1	1	1	1	0	1
PF16156	Domain of unknown function (DUF4864)	1	1	1	0	1	0	0	0	0	0	0	0	0	0	1	0	1	1	0	0	1	0	0	1	0	0	0	0	0	0	0	0	1	0	0	0	0	0	0	0	0	0
PF00472	RF-1 domain	3	3	3	2	3	3	3	3	3	3	3	2	2	3	3	2	3	3	2	3	3	3	3	3	2	3	3	3	3	3	3	3	3	3	3	3	3	3	3	3	3	3
PF03462	PCRF domain	2	2	2	1	2	2	2	2	2	2	2	1	1	2	2	1	2	2	1	2	2	2	2	2	1	2	2	2	2	2	2	2	2	2	2	2	2	2	2	2	2	2
PF13467	Ribbon-helix-helix domain	1	1	1	0	1	0	0	0	0	0	0	0	0	0	1	0	1	1	0	0	1	0	0	1	0	2	0	0	0	0	0	0	1	0	0	0	0	0	0	0	1	2
PF16363	GDP-mannose 4,6 dehydratase	2	3	0	1	1	2	2	1	2	2	2	4	4	4	2	0	1	0	3	4	2	4	0	1	0	1	3	1	4	1	1	2	0	1	1	4	1	1	1	3	0	1
PF01791	DeoC/LacD family aldolase	3	0	0	0	0	0	0	0	0	0	0	0	0	1	1	0	2	0	0	0	1	1	0	0	1	2	2	0	2	0	0	0	0	0	0	2	0	0	0	1	0	2
PF00701	Dihydrodipicolinate synthetase family	2	2	1	1	2	2	1	1	1	1	1	2	1	1	5	0	2	1	1	1	5	1	0	2	2	2	1	1	1	1	1	1	1	0	0	1	1	1	1	1	1	2
PF00885	6,7-dimethyl-8-ribityllumazine synthase	2	0	1	1	2	1	1	2	1	1	1	1	0	1	2	1	2	1	1	2	2	1	3	2	2	2	1	1	1	1	1	1	1	0	0	1	1	1	1	1	1	2
PF00529	Cation efflux system protein CusB domain 1	1	0	1	1	0	0	0	1	0	1	0	1	0	0	0	0	1	1	0	1	0	0	1	0	0	0	1	0	0	0	0	0	1	0	0	0	0	0	0	1	1	0
PF01025	GrpE	1	1	1	1	1	1	1	1	1	1	1	1	1	1	1	1	1	1	1	1	1	1	1	1	1	1	1	1	1	1	1	1	1	1	1	1	1	1	1	1	0	1
PF12804	MobA-like NTP transferase domain	4	4	4	2	4	2	3	2	2	2	0	2	1	3	6	2	4	4	0	2	5	3	2	4	2	4	2	3	0	5	2	2	4	0	0	0	5	3	2	2	1	4
PF01297	Zinc-uptake complex component A periplasmic	2	0	2	1	2	0	1	1	1	1	0	0	0	1	2	0	2	2	0	1	2	3	1	3	1	2	1	1	1	0	0	1	2	1	1	1	0	1	0	1	1	2
PF01842	ACT domain	5	3	4	4	3	4	6	2	5	5	1	5	4	3	3	1	5	4	1	5	3	3	5	3	3	4	1	3	2	3	1	4	4	3	3	2	3	3	1	1	4	4
PF03447	Homoserine dehydrogenase, NAD binding domain	2	1	1	2	1	1	2	0	1	1	0	1	1	1	2	1	2	1	1	1	2	1	1	1	1	1	2	1	1	1	1	1	1	1	1	1	1	1	1	2	1	1
PF00742	Homoserine dehydrogenase	1	1	1	1	1	1	2	0	1	1	0	1	1	1	1	1	1	1	1	1	1	1	1	1	1	1	2	1	1	1	1	1	1	1	1	1	1	1	1	2	1	1
PF10011	Predicted membrane protein (DUF2254)	1	0	0	0	0	0	0	0	0	1	0	0	0	0	0	1	1	0	0	1	0	0	0	0	1	1	1	0	1	1	1	1	0	0	0	1	1	0	1	1	0	2
PF16177	Acetyl-coenzyme A synthetase N-terminus	2	2	3	3	2	1	2	2	2	3	0	1	0	1	2	2	2	3	1	3	3	1	2	2	1	2	1	2	2	2	2	3	3	2	2	2	2	2	2	1	2	2
PF00501	AMP-binding enzyme	5	10	15	10	16	11	8	9	6	14	3	19	10	12	23	5	6	16	5	12	18	12	6	16	6	14	3	8	4	7	6	17	15	10	10	4	7	8	6	3	8	14
PF13193	AMP-binding enzyme C-terminal domain	5	8	12	8	11	8	8	7	4	13	2	16	8	8	17	3	5	13	2	10	13	8	5	11	7	11	1	8	2	4	4	13	12	7	7	2	4	8	4	1	6	11
PF01590	GAF domain	3	0	5	1	2	1	1	2	1	4	0	6	4	2	5	4	3	6	1	4	3	2	2	2	2	5	0	3	2	5	10	4	5	1	1	2	5	3	10	0	4	4
PF07568	Histidine kinase	3	0	0	0	0	0	1	1	0	0	1	2	2	0	0	0	3	0	1	0	0	0	0	0	3	6	0	1	1	0	0	0	0	0	0	1	0	1	0	0	0	5
PF00576	HIUase/Transthyretin family	1	1	2	0	1	0	0	1	0	0	0	0	0	1	1	0	1	1	0	0	1	1	1	1	0	1	0	0	0	0	1	0	1	1	1	0	0	0	1	0	0	1
PF04168	A predicted alpha-helical domain with a conserved ER motif.	2	0	1	0	1	0	2	2	0	1	0	1	0	1	1	0	2	1	0	1	1	1	4	1	0	1	0	2	0	0	0	0	1	1	1	0	0	2	0	0	0	1
PF00152	tRNA synthetases class II (D, K and N)	1	1	3	3	1	1	3	2	4	3	4	1	0	1	1	2	1	3	3	3	1	1	2	1	1	1	3	3	3	4	4	3	3	0	0	3	4	3	4	3	3	1
PF02938	GAD domain	1	1	1	1	1	1	1	0	1	1	1	1	0	0	0	1	1	1	1	1	0	0	0	1	1	1	1	1	1	1	1	1	1	0	0	1	1	1	1	1	1	1
PF01336	OB-fold nucleic acid binding domain	2	1	4	3	2	2	2	3	4	3	3	2	0	2	3	4	2	4	3	3	3	2	3	2	1	2	3	2	4	5	5	3	4	1	1	4	5	2	5	3	4	1
PF07728	AAA domain (dynein-related subfamily)	3	1	0	0	2	2	0	0	0	1	1	1	0	3	3	1	3	0	0	1	3	3	0	2	0	2	1	1	1	1	1	2	0	3	3	1	1	1	1	1	0	2
PF04107	Glutamate-cysteine ligase family 2(GCS2)	1	1	0	0	2	2	0	0	0	0	0	1	1	0	1	0	1	0	0	0	1	0	0	2	0	2	0	0	1	0	0	0	0	0	0	1	0	0	0	0	0	2
PF02633	Creatinine amidohydrolase	1	0	0	0	0	0	1	0	0	0	0	1	1	0	2	0	1	0	0	0	2	0	1	0	0	1	0	1	0	0	0	0	0	0	0	0	0	1	0	0	0	1
PF00296	Luciferase-like monooxygenase	3	2	2	1	2	2	0	1	0	1	0	2	0	2	2	0	3	2	0	1	2	2	1	2	0	3	0	1	2	0	2	2	2	1	1	2	0	1	2	0	0	2
PF01808	AICARFT/IMPCHase bienzyme	1	1	1	0	1	1	1	1	1	1	2	1	0	0	1	1	1	1	1	1	1	0	1	1	1	1	1	1	1	1	1	1	1	0	0	1	1	1	1	1	0	1
PF02142	MGS-like domain	2	1	3	1	2	3	2	2	3	2	2	2	1	0	2	2	2	3	1	2	3	0	2	2	2	2	1	2	2	3	3	2	3	0	0	2	3	2	3	1	1	2
PF12848	ABC transporter	2	2	4	4	2	2	3	5	4	4	5	2	1	2	2	3	2	4	3	4	2	2	5	2	2	2	4	5	5	4	4	4	4	2	2	5	4	5	4	4	3	2
PF16350	FAD dependent oxidoreductase central domain	1	6	1	0	7	0	0	0	0	0	0	0	0	2	7	0	1	1	0	0	7	2	0	7	1	1	0	0	0	0	0	0	1	1	1	0	0	0	0	0	1	1
PF00160	Cyclophilin type peptidyl-prolyl cis-trans isomerase/CLD	2	2	2	2	2	3	2	1	2	2	1	3	3	1	2	3	2	2	2	2	2	1	2	2	2	2	3	2	3	4	4	2	2	1	1	3	4	2	4	3	2	2
PF12277	Protein of unknown function (DUF3618)	1	0	0	0	0	0	0	0	0	0	0	0	0	0	0	0	1	0	0	0	0	0	0	0	1	1	0	0	0	0	0	0	0	0	0	0	0	0	0	0	0	1
PF16347	N-sulphoglucosamine sulphohydrolase, C-terminal	1	0	0	0	0	0	0	0	0	0	0	0	0	0	1	0	1	0	0	0	0	0	0	0	0	0	0	0	0	0	0	0	0	0	0	0	0	0	0	0	0	0
PF13188	PAS domain	2	0	5	3	1	1	0	1	0	0	0	2	1	1	2	2	3	5	0	0	1	1	0	1	1	3	0	1	0	2	2	0	5	1	1	0	2	1	3	0	3	3
PF12860	PAS fold	2	0	2	1	3	1	2	1	0	1	0	2	0	3	3	2	2	2	0	1	3	4	1	3	2	2	0	2	0	2	2	1	2	1	1	0	2	2	2	0	1	2
PF00237	Ribosomal protein L22p/L17e	1	1	1	1	1	1	1	1	0	0	1	0	0	1	1	1	1	1	1	0	1	1	1	1	0	1	1	1	1	1	0	1	1	1	1	1	1	1	1	1	1	1
PF01189	16S rRNA methyltransferase RsmB/F	2	2	1	1	2	2	1	2	1	1	1	2	1	1	2	1	2	1	0	1	2	1	2	2	2	2	1	2	1	1	1	1	1	0	0	1	1	2	1	1	0	2
PF05157	MshEN domain	1	1	3	1	1	0	3	2	2	2	0	0	0	0	1	2	1	4	0	3	1	0	2	1	1	1	0	3	0	2	2	2	3	0	0	0	2	3	2	0	3	1
PF13632	Glycosyl transferase family group 2	3	0	1	0	1	1	0	0	0	0	2	2	3	1	1	0	3	1	0	0	2	1	0	1	1	1	0	0	0	0	1	0	1	1	1	0	0	0	1	0	1	1
PF00118	TCP-1/cpn60 chaperonin family	1	1	1	1	1	2	1	1	1	1	1	1	1	1	1	1	1	1	1	1	1	1	1	1	1	1	1	1	1	1	1	1	1	1	1	1	1	1	1	1	1	1
PF19277	Glycerol-3-phosphate acyltransferase C-terminal region	1	0	1	1	1	0	1	1	1	1	0	0	0	0	0	1	1	1	0	2	0	0	1	1	0	0	0	1	0	1	1	1	1	0	0	0	1	1	1	0	1	0
PF02563	Polysaccharide biosynthesis/export protein	2	0	2	1	1	1	0	1	1	1	2	1	0	3	1	1	1	3	0	2	1	2	1	1	1	1	2	1	2	3	2	1	2	1	1	2	3	1	2	2	2	1
PF04519	Polymer-forming cytoskeletal	1	1	1	1	1	1	1	1	1	1	1	2	2	0	2	0	1	1	1	1	2	0	1	1	1	1	1	1	1	0	0	1	1	0	0	1	0	1	0	1	0	1
PF13279	Thioesterase-like superfamily	2	3	6	8	4	3	6	6	4	7	3	2	4	3	6	3	2	6	2	9	5	2	5	4	3	3	3	7	3	4	4	7	6	2	2	3	4	7	4	3	4	3
PF03279	Bacterial lipid A biosynthesis acyltransferase	1	1	3	3	1	1	2	2	3	3	2	1	1	0	2	1	1	3	1	3	2	0	2	1	1	1	1	2	1	1	1	3	3	0	0	1	1	2	1	1	2	1
PF00356	Bacterial regulatory proteins, lacI family	3	5	2	0	2	3	0	0	3	0	0	6	2	1	11	1	3	2	0	0	10	1	0	2	1	6	1	0	3	5	7	0	2	1	1	3	5	0	6	1	0	5
PF13377	Periplasmic binding protein-like domain	2	3	0	0	1	3	0	0	3	0	0	6	2	0	9	4	2	0	0	0	8	0	0	1	1	5	1	0	2	6	6	0	0	0	0	2	6	0	5	1	0	3
PF06089	L-asparaginase II	1	1	0	0	1	0	0	0	0	0	0	0	0	1	1	0	1	0	0	0	1	1	0	1	1	1	0	0	0	0	0	0	0	1	1	0	0	0	0	0	0	1
PF00202	Aminotransferase class-III	6	6	5	5	9	1	4	5	6	5	3	4	0	4	5	3	6	6	3	5	5	3	5	9	6	6	5	5	4	3	3	5	5	3	3	4	3	5	3	5	0	6
PF12169	DNA polymerase III subunits gamma and tau domain III	1	1	1	2	1	1	1	1	1	1	0	1	1	0	1	0	1	1	0	1	1	0	1	1	1	1	0	1	0	1	1	2	1	0	0	0	1	1	1	0	1	1
PF12362	DNA polymerase III gamma and tau subunits C terminal	1	1	0	0	1	1	0	0	0	0	0	1	1	0	1	0	1	0	0	0	1	0	0	1	1	1	0	0	0	0	0	0	0	0	0	0	0	0	0	0	0	1
PF04304	Protein of unknown function (DUF454)	1	0	0	0	1	1	1	1	0	1	0	1	1	0	0	0	1	0	0	1	0	0	1	1	0	0	0	1	0	1	0	1	0	0	0	0	1	1	0	0	0	0
PF00692	dUTPase	1	2	2	2	1	1	3	1	0	2	1	1	1	0	2	0	1	2	1	2	1	0	1	1	2	1	1	2	1	1	1	2	2	0	0	1	1	2	1	1	1	1
PF04586	Caudovirus prohead serine protease	2	0	0	0	1	0	0	0	0	0	0	1	1	4	0	0	2	0	0	0	0	4	0	1	1	3	0	0	0	0	1	0	0	0	0	0	0	0	1	0	0	3
PF02609	Exonuclease VII small subunit	1	1	1	1	1	1	1	1	1	1	0	1	1	1	1	1	1	1	0	0	1	1	1	1	1	1	0	1	0	1	1	1	1	1	1	0	1	1	1	0	1	1
PF13302	Acetyltransferase (GNAT) domain	3	4	3	0	7	7	1	2	2	2	5	7	6	4	10	3	3	3	3	1	10	4	2	7	4	6	9	4	6	6	4	0	3	4	4	6	6	4	4	9	2	5
PF03594	Benzoate membrane transport protein	2	0	1	0	1	0	0	0	0	0	0	0	0	0	0	0	2	1	0	0	0	0	0	1	1	0	0	0	0	1	1	0	1	0	0	0	1	0	1	0	0	0
PF13437	HlyD family secretion protein	2	0	3	3	5	5	0	4	9	5	1	6	3	5	5	9	2	4	1	5	5	5	4	5	1	3	4	1	2	10	6	4	3	3	3	2	10	1	5	3	1	3
PF01212	Beta-eliminating lyase	1	1	1	0	1	1	0	0	2	0	1	2	2	1	1	0	1	1	1	0	1	1	0	1	0	1	1	0	1	0	0	0	1	0	0	1	0	0	0	1	1	1
PF07859	alpha/beta hydrolase fold	2	1	2	2	1	3	0	1	0	4	0	2	2	2	2	1	2	3	0	4	2	1	1	1	0	1	0	1	0	1	1	4	2	1	1	0	1	1	1	0	2	1
PF07593	ASPIC and UnbV	1	0	0	0	0	0	1	1	0	0	0	0	0	0	1	0	1	0	0	0	1	0	1	0	0	0	6	1	1	1	0	0	0	0	0	1	1	1	0	6	0	0
PF01557	Fumarylacetoacetate (FAA) hydrolase family	4	2	3	1	4	3	1	1	2	1	1	5	2	2	6	3	4	3	1	1	6	2	1	4	0	3	2	1	2	4	2	3	3	0	0	2	4	1	2	2	1	3
PF00188	Cysteine-rich secretory protein family	1	1	0	0	2	2	0	0	0	0	1	2	2	0	2	0	1	0	1	0	2	0	0	2	1	5	1	0	2	0	0	0	0	0	0	2	0	0	0	1	0	5
PF13581	Histidine kinase-like ATPase domain	1	0	1	0	1	0	0	1	0	0	0	1	1	2	1	0	1	1	0	0	1	2	1	1	3	1	0	0	0	1	1	0	1	2	2	0	1	0	1	0	1	1
PF02129	X-Pro dipeptidyl-peptidase (S15 family)	1	1	0	2	2	1	1	1	1	0	0	1	1	2	2	0	1	0	0	0	2	2	2	2	1	1	3	0	2	0	0	2	0	1	1	2	0	0	0	3	0	1
PF12399	Branched-chain amino acid ATP-binding cassette transporter	2	3	8	4	3	1	2	3	0	3	0	1	1	5	6	1	1	8	0	3	5	5	4	3	2	5	0	2	0	1	1	3	8	5	5	0	1	2	1	0	1	5
PF01288	7,8-dihydro-6-hydroxymethylpterin-pyrophosphokinase (HPPK)	1	1	3	2	1	1	2	3	3	2	0	1	0	0	1	2	1	3	1	2	1	0	3	1	1	1	1	3	1	2	2	2	3	0	0	1	2	3	1	1	0	1
PF11071	Nucleoside 2-deoxyribosyltransferase YtoQ	1	0	0	1	1	0	2	0	1	1	0	0	0	0	1	0	1	0	0	1	1	0	1	1	1	0	0	1	0	0	0	1	0	0	0	0	0	1	0	0	0	0
PF00691	OmpA family	9	4	11	6	7	5	10	7	2	7	8	9	8	5	11	4	9	13	7	7	9	5	7	7	6	6	12	12	15	8	6	9	11	3	3	15	8	12	5	12	8	6
PF03969	AFG1-like ATPase	1	0	1	1	1	1	1	1	1	1	0	1	1	0	1	2	1	1	0	1	1	0	1	1	0	1	0	1	0	2	2	1	1	0	0	0	2	1	2	0	1	1
PF00181	Ribosomal Proteins L2, RNA binding domain	1	1	1	1	1	1	1	1	0	0	1	0	0	1	1	1	1	1	1	0	1	1	1	1	0	1	1	1	1	1	0	1	1	1	1	1	1	1	1	1	1	1
PF03947	Ribosomal Proteins L2, C-terminal domain	1	1	1	1	1	1	1	1	0	0	1	0	0	1	1	1	1	1	1	0	1	1	1	1	0	1	1	1	1	1	0	1	1	1	1	1	1	1	1	1	1	1
PF05545	Cbb3-type cytochrome oxidase component FixQ	1	0	1	1	1	1	0	0	1	1	0	1	1	1	1	0	1	1	0	1	1	1	0	1	0	0	0	0	0	1	1	1	1	1	1	0	1	0	1	0	1	0
PF05565	Siphovirus Gp157	1	0	0	0	0	0	0	0	0	0	0	0	0	0	0	0	1	0	0	0	0	0	0	0	0	0	0	0	0	0	0	0	0	0	0	0	0	0	0	0	0	0
PF00764	Arginosuccinate synthase N-terminal HUP domain	1	0	1	1	1	1	2	0	1	1	0	1	1	1	1	1	1	1	0	1	1	1	0	1	0	1	0	1	1	1	1	1	1	1	1	1	1	1	1	0	1	1
PF20979	Arginosuccinate synthase C-terminal domain	1	0	1	1	1	1	2	0	1	1	0	1	1	1	1	1	1	1	0	1	1	1	0	1	0	1	0	1	1	1	1	1	1	1	1	1	1	1	1	0	1	1
PF02575	YbaB/EbfC DNA-binding family	1	1	1	1	1	1	1	1	1	1	1	1	1	1	1	0	1	1	1	1	1	1	1	1	1	1	1	1	1	1	1	1	1	1	1	1	1	1	1	1	1	1
PF12556	Cobaltochelatase CobS subunit N terminal	1	1	0	0	1	1	0	0	0	0	0	1	0	1	1	0	1	0	0	0	1	1	0	1	0	1	0	0	0	0	0	0	0	1	1	0	0	0	0	0	0	1
PF02636	Putative S-adenosyl-L-methionine-dependent methyltransferase	1	1	0	0	1	1	0	0	0	0	0	1	1	0	1	0	1	0	0	0	1	0	0	1	1	1	0	0	0	0	0	0	0	0	0	0	0	0	0	0	0	1
PF03690	Uncharacterised protein family (UPF0160)	1	0	0	0	0	0	0	0	0	0	0	0	0	0	0	0	1	0	0	0	0	0	0	0	0	1	0	0	0	0	0	0	0	0	0	0	0	0	0	0	0	1
PF01053	Cys/Met metabolism PLP-dependent enzyme	1	2	2	2	3	5	1	1	3	2	2	5	4	2	3	2	1	2	3	2	3	1	1	3	2	2	4	1	4	3	2	2	2	0	0	4	3	1	2	4	2	2
PF16868	NMT1-like family	7	0	3	0	1	1	0	0	0	0	0	1	1	1	4	0	6	3	0	0	3	0	0	1	2	5	0	0	0	0	0	0	3	0	0	0	0	0	0	0	2	4
PF08446	PAS fold	1	0	0	0	0	0	0	0	0	0	0	1	1	0	0	0	1	0	0	0	0	0	0	0	0	1	0	0	0	0	1	0	0	0	0	0	0	0	1	0	0	1
PF00360	Phytochrome region	1	0	0	0	0	0	0	0	0	0	0	1	1	0	0	0	1	0	0	0	0	0	0	0	0	1	0	0	0	0	1	0	0	0	0	0	0	0	1	0	0	1
PF07536	HWE histidine kinase	5	0	0	0	0	0	0	0	0	0	0	4	3	0	1	0	6	0	0	0	1	0	0	0	1	4	0	0	0	0	0	0	0	0	0	0	0	0	0	0	0	4
PF01521	Iron-sulphur cluster biosynthesis	2	2	2	3	2	2	3	2	3	3	1	2	1	1	2	2	2	2	1	3	2	1	3	2	0	2	1	3	1	3	3	3	2	1	1	1	3	3	3	1	0	2
PF17848	Acetyl-CoA carboxylase zinc finger domain	1	0	1	1	1	0	0	0	1	1	0	0	0	0	1	1	1	1	0	1	1	0	0	1	1	1	0	0	0	1	1	1	1	0	0	0	1	0	1	0	1	1
PF01039	Carboxyl transferase domain	2	2	3	3	3	4	1	1	2	3	2	6	4	2	3	2	2	3	2	3	3	2	1	3	3	3	2	1	3	2	2	4	3	2	2	3	2	1	2	2	2	3
PF03992	Antibiotic biosynthesis monooxygenase	1	0	4	2	0	4	1	1	0	3	3	3	1	3	5	1	1	5	1	3	4	3	0	0	2	2	0	3	2	2	0	4	4	3	3	2	2	3	0	0	3	2
PF01593	Flavin containing amine oxidoreductase	1	4	3	1	2	3	1	1	5	1	2	2	1	0	5	2	1	3	1	1	3	0	1	2	0	2	2	2	3	2	1	2	3	0	0	3	2	2	1	2	2	2
PF02074	Carboxypeptidase Taq (M32) metallopeptidase	1	0	0	0	1	0	0	0	0	0	0	0	0	0	1	0	1	0	0	0	1	0	0	1	1	2	0	0	0	0	0	0	0	0	0	0	0	0	0	0	0	2
PF07479	NAD-dependent glycerol-3-phosphate dehydrogenase C-terminus	2	1	1	1	1	1	1	0	1	1	0	1	1	0	1	1	2	1	1	1	1	0	0	1	1	1	1	1	1	1	1	1	1	0	0	1	1	1	1	1	1	1
PF01210	NAD-dependent glycerol-3-phosphate dehydrogenase N-terminus	2	1	1	1	1	1	1	0	1	1	0	2	1	0	1	1	2	1	1	1	1	0	0	1	1	1	1	1	1	1	1	1	1	0	0	1	1	1	1	1	1	1
PF16189	Creatinase/Prolidase N-terminal domain	1	1	0	0	1	1	0	0	0	0	0	1	0	0	1	0	1	0	0	0	1	0	0	1	0	1	0	0	0	0	0	0	0	0	0	0	0	0	0	0	0	1
PF16188	C-terminal region of peptidase_M24	1	1	0	0	1	1	0	0	0	0	0	1	0	0	1	0	1	0	0	0	1	0	0	1	0	1	0	0	0	0	0	0	0	0	0	0	0	0	0	0	0	1
PF06707	Protein of unknown function (DUF1194)	2	1	0	0	2	0	0	0	0	0	0	0	0	1	5	0	2	1	0	0	3	1	0	2	1	0	0	0	0	0	0	0	0	1	1	0	0	0	0	0	0	0
PF14450	Cell division protein FtsA	1	1	1	1	1	1	1	1	1	0	1	1	0	0	1	1	1	1	1	0	1	0	1	1	0	1	1	1	1	1	1	1	1	0	0	1	1	1	1	1	1	1
PF02491	SHS2 domain inserted in FTSA	1	1	1	1	1	1	1	1	1	0	1	1	0	0	1	2	1	1	1	0	1	0	1	1	0	1	1	1	1	1	1	1	1	0	0	1	1	1	2	1	1	1
PF20398	Family of unknown function (DUF6691)	1	1	1	1	1	1	1	1	1	1	0	0	0	0	1	0	1	1	0	1	1	0	1	1	1	1	0	1	0	0	1	1	1	0	0	0	0	1	1	0	1	1
PF02028	BCCT, betaine/carnitine/choline family transporter	2	0	3	3	1	3	1	1	2	3	0	1	1	0	2	2	2	4	0	2	2	1	1	1	2	3	1	1	1	1	2	3	3	0	0	1	1	1	2	1	2	3
PF02452	PemK-like, MazF-like toxin of type II toxin-antitoxin system	1	0	1	0	0	0	0	0	1	0	0	0	0	0	0	0	1	1	0	0	2	0	0	0	0	0	0	0	0	0	0	0	1	0	0	0	0	0	0	0	1	0
PF05065	Phage capsid family	2	0	0	0	1	0	0	0	0	0	0	2	0	5	0	0	2	0	0	0	0	5	0	1	2	3	0	1	0	0	1	0	0	1	1	0	0	1	1	0	0	3
PF02224	Cytidylate kinase	1	1	1	1	1	1	1	0	1	1	0	1	1	0	1	1	1	1	1	1	1	0	1	1	0	1	1	1	1	1	1	1	1	0	0	1	1	1	1	1	1	1
PF06827	Zinc finger found in FPG and IleRS	1	0	3	2	1	1	2	2	2	2	0	1	1	0	0	1	1	2	0	1	0	0	2	1	2	2	0	2	0	2	2	2	2	0	0	0	2	2	2	0	2	2
PF03702	Anhydro-N-acetylmuramic acid kinase	1	1	1	1	1	1	1	1	1	1	1	1	1	0	1	1	1	1	1	1	1	0	1	1	0	1	1	1	1	1	1	1	1	0	0	1	1	1	1	1	0	1
PF05159	Capsule polysaccharide biosynthesis protein	2	1	0	1	4	0	0	1	0	1	0	0	0	2	2	1	2	0	0	1	2	2	1	4	2	2	0	0	0	1	1	1	0	1	1	0	1	0	2	0	0	2
PF11604	Copper binding periplasmic protein CusF	2	0	2	0	0	0	1	1	0	2	0	0	0	0	0	1	0	4	0	2	0	0	1	0	1	0	0	2	0	2	1	1	2	0	0	0	2	2	1	0	2	0
PF00119	ATP synthase A chain	1	0	1	1	1	1	0	1	1	1	1	1	1	1	1	1	1	1	1	1	1	1	2	1	1	1	1	1	1	1	1	1	1	1	1	1	1	1	1	1	0	1
PF09140	ATPase MipZ	1	1	0	0	1	1	0	0	0	0	0	1	0	1	1	0	1	0	0	0	1	1	0	1	1	1	0	0	0	0	0	0	0	1	1	0	0	0	0	0	0	1
PF00344	SecY	1	1	1	1	1	1	1	1	1	0	0	1	1	1	1	2	1	1	1	0	1	1	1	1	1	1	1	1	1	1	0	1	1	1	1	1	1	1	0	1	1	1
PF00521	DNA gyrase/topoisomerase IV, subunit A	2	2	2	2	1	2	3	1	2	2	2	2	2	1	2	2	2	3	2	2	2	1	2	1	2	2	2	2	2	2	2	2	2	1	1	2	2	2	2	2	2	2
PF03989	DNA gyrase C-terminal domain, beta-propeller	2	2	2	2	1	2	3	1	2	2	0	2	2	1	2	1	2	3	1	2	2	1	2	1	2	2	1	2	1	1	1	2	2	1	1	1	1	2	1	1	2	2
PF00532	Periplasmic binding proteins and sugar binding domain of LacI family	1	1	2	0	1	0	0	0	0	0	0	0	0	1	1	0	1	2	0	0	1	1	0	1	0	1	0	0	1	0	1	0	2	1	1	1	0	0	1	0	0	2
PF20260	RNA methyltransferase PUA domain	1	1	1	1	1	1	1	1	1	1	0	1	1	0	1	1	1	1	1	1	1	0	1	1	1	1	1	1	0	1	1	2	1	0	0	0	1	1	1	1	0	1
PF04452	RNA methyltransferase domain	1	1	2	2	1	1	1	1	2	2	0	1	1	0	1	1	1	2	1	2	1	0	1	1	1	1	1	1	0	1	1	2	2	0	0	0	1	1	1	1	0	1
PF02410	Ribosomal silencing factor during starvation	1	0	1	1	1	1	1	1	1	1	0	1	1	1	1	0	1	1	1	1	1	1	1	1	0	1	1	1	1	1	1	1	1	1	1	1	1	1	1	1	1	1
PF02910	Fumarate reductase flavoprotein C-term	1	1	2	2	1	2	3	1	2	2	1	2	2	1	1	1	1	2	1	2	1	1	1	1	0	1	2	2	1	2	2	2	2	1	1	1	2	2	1	2	2	1
PF00890	FAD binding domain	1	3	4	3	1	2	3	1	2	2	1	2	2	1	4	2	1	4	2	2	5	1	1	1	0	2	3	2	1	2	2	2	4	2	2	1	2	2	1	3	3	1
PF00106	short chain dehydrogenase	6	12	19	33	12	17	13	12	9	19	4	25	12	11	17	9	6	19	3	17	15	12	9	12	10	12	5	13	7	11	13	32	19	9	9	7	11	13	12	5	10	12
PF13532	2OG-Fe(II) oxygenase superfamily	1	1	1	1	1	0	1	1	0	1	1	0	0	1	1	0	1	1	1	1	1	1	1	1	1	0	1	1	2	2	1	1	1	1	1	2	2	1	1	1	1	0
PF17912	MalK OB fold domain	2	1	2	0	0	0	0	0	0	0	0	1	0	1	3	0	2	2	0	0	3	1	0	0	1	3	0	0	0	0	0	0	2	0	0	0	0	0	0	0	1	2
PF19305	MmgE/PrpD C-terminal domain	1	1	1	1	3	0	0	0	0	1	0	1	0	1	2	0	1	2	0	1	2	1	0	3	0	0	0	0	0	0	0	1	1	1	1	0	0	0	0	0	1	0
PF03972	MmgE/PrpD N-terminal domain	1	1	1	1	3	0	0	0	0	1	0	1	0	1	3	0	1	2	0	1	2	1	0	3	0	0	0	0	0	0	0	1	1	1	1	0	0	0	0	0	1	0
PF02163	Peptidase family M50	1	1	1	1	2	1	2	0	2	1	1	1	0	0	1	0	1	1	1	1	1	0	1	2	1	1	1	1	1	1	1	1	1	0	0	1	1	1	1	1	1	1
PF17820	PDZ domain	2	2	1	2	3	0	5	1	3	2	0	1	0	0	1	2	2	1	1	1	1	0	2	3	2	2	1	4	1	2	2	2	1	2	2	1	2	4	2	1	1	2
PF02541	Ppx/GppA phosphatase family	2	2	1	1	2	2	1	1	0	1	0	2	0	2	2	0	2	1	1	2	2	1	1	2	1	2	1	1	1	2	2	1	1	1	1	1	2	1	2	1	0	2
PF02325	YGGT family	1	1	1	1	1	1	1	1	1	1	0	1	1	1	1	1	1	1	0	1	1	1	1	1	1	1	0	1	0	1	1	1	1	1	1	0	1	1	1	0	0	1
PF05521	Phage head-tail joining protein	2	0	0	0	1	0	0	0	0	0	0	1	0	5	0	0	2	0	0	0	0	5	0	1	2	2	0	0	0	0	0	0	0	2	2	0	0	0	0	0	0	2
PF00831	Ribosomal L29 protein	1	1	1	1	1	1	1	1	1	0	1	0	0	1	1	1	1	1	1	0	1	1	1	1	1	1	1	1	1	1	1	1	1	1	1	1	1	1	1	1	1	1
PF01699	Sodium/calcium exchanger protein	1	1	3	2	2	2	1	1	1	1	0	2	2	0	1	0	1	3	0	1	1	0	1	2	1	1	1	1	1	1	3	1	3	0	0	1	1	1	3	1	1	1
PF01479	S4 domain	4	3	7	5	3	4	6	4	5	5	4	4	5	3	5	5	4	8	5	5	4	3	5	3	2	4	5	4	5	6	5	6	7	2	2	5	6	4	5	5	5	4
PF08534	Redoxin	3	2	5	5	3	4	3	4	3	4	1	4	2	1	2	3	3	6	1	4	2	1	4	3	3	3	5	2	3	3	4	3	5	1	1	3	3	2	4	5	4	3
PF03404	Mo-co oxidoreductase dimerisation domain	1	0	0	0	1	0	0	0	0	0	0	0	0	0	1	0	1	0	0	0	1	0	0	1	0	0	0	0	0	0	0	0	0	0	0	0	0	0	0	0	0	0
PF04357	TamB, inner membrane protein subunit of TAM complex	1	0	1	1	1	0	0	0	1	1	0	1	0	1	1	0	1	1	1	1	1	1	0	1	1	1	1	0	1	1	1	1	1	0	0	1	1	0	1	1	1	1
PF01747	ATP-sulfurylase	1	1	0	1	1	0	0	0	0	1	0	0	0	1	1	0	1	0	0	1	1	1	0	1	1	1	0	0	0	0	0	1	0	1	1	0	0	0	0	0	0	1
PF14306	PUA-like domain	1	1	0	1	1	0	0	0	0	1	0	0	0	1	1	0	1	0	0	1	1	1	0	1	1	1	0	0	0	0	0	1	0	1	1	0	0	0	0	0	0	1
PF01583	Adenylylsulphate kinase	1	1	1	0	1	1	0	1	1	1	0	1	1	1	1	1	1	1	0	2	1	1	1	1	0	1	0	1	0	1	1	1	1	1	1	0	1	1	2	0	1	1
PF03308	Methylmalonyl Co-A mutase-associated GTPase MeaB	1	1	1	0	1	0	0	0	0	0	2	0	0	0	1	0	1	1	2	0	1	0	0	1	0	1	2	0	2	0	0	0	1	0	0	2	0	0	0	2	1	1
PF17200	Single Cache domain 2	1	0	2	0	0	0	1	1	0	0	0	0	0	1	1	0	1	2	0	0	1	1	1	0	0	1	0	1	0	0	1	0	2	0	0	0	0	1	1	0	1	1
PF07730	Histidine kinase	1	0	2	0	1	0	2	0	0	0	2	0	0	0	1	1	1	2	2	0	1	0	1	1	0	2	7	2	2	3	2	0	2	0	0	2	3	2	2	7	1	1
PF19290	PmbA/TldA metallopeptidase central domain	2	2	0	2	2	2	0	0	0	2	0	2	2	0	2	1	2	0	0	2	2	0	0	2	1	2	2	0	0	2	1	2	0	0	0	0	2	0	2	2	0	2
PF19289	PmbA/TldA metallopeptidase C-terminal domain	2	2	0	2	2	2	0	0	0	2	0	2	2	0	2	1	2	0	0	2	2	0	0	2	1	2	2	0	0	2	1	2	0	0	0	0	2	0	2	2	0	2
PF01523	PmbA/TldA metallopeptidase domain 1	2	2	0	2	2	2	0	0	0	2	0	2	2	0	2	2	2	0	0	2	2	0	0	2	1	2	2	0	0	2	1	2	0	0	0	0	2	0	2	2	0	2
PF02485	Core-2/I-Branching enzyme	2	0	0	0	2	0	0	0	0	0	0	0	0	1	2	0	2	0	0	0	2	1	0	2	1	2	0	0	0	1	0	0	0	1	1	0	1	0	0	0	0	2
PF19349	Family of unknown function (DUF5927)	1	0	0	0	1	0	0	0	0	0	0	0	0	0	1	0	1	0	0	0	1	0	0	1	1	1	0	0	0	0	0	0	0	0	0	0	0	0	0	0	0	1
PF00275	EPSP synthase (3-phosphoshikimate 1-carboxyvinyltransferase)	2	2	2	2	2	2	3	1	2	2	2	2	1	2	2	2	2	2	1	2	2	2	2	2	1	2	2	2	2	2	2	3	2	1	1	2	2	2	2	2	2	2
PF00175	Oxidoreductase NAD-binding domain	2	4	6	6	1	1	6	3	1	6	1	2	1	3	2	2	2	6	2	6	2	3	3	1	0	3	3	5	3	6	5	4	6	2	3	3	6	5	6	3	2	2
PF01168	Alanine racemase, N-terminal domain	2	1	2	3	2	2	4	2	2	3	4	3	3	1	2	2	2	2	4	3	2	1	3	2	2	2	2	3	2	2	3	3	2	3	3	2	2	3	3	2	1	2
PF00364	Biotin-requiring enzyme	6	7	8	6	7	6	8	3	5	7	5	8	2	4	7	7	6	9	4	8	7	4	4	7	2	8	5	7	5	7	6	8	8	2	2	5	7	7	6	5	4	8
PF02786	Carbamoyl-phosphate synthase L chain, ATP binding domain	4	4	5	5	5	4	5	3	3	5	3	5	3	4	5	4	4	5	3	5	5	4	4	5	4	6	2	6	3	4	3	7	5	2	2	3	4	6	3	2	2	6
PF18140	Propionyl-coenzyme A carboxylase BT domain	1	1	0	0	1	1	0	0	0	0	0	1	1	0	1	0	1	0	0	0	1	0	0	1	1	1	0	0	0	0	0	0	0	0	0	0	0	0	0	0	0	1
PF02785	Biotin carboxylase C-terminal domain	3	4	4	4	4	3	4	2	2	4	1	4	2	4	4	2	3	4	2	4	4	4	3	4	3	5	1	4	2	2	2	5	4	2	2	2	2	4	2	1	2	5
PF00289	Biotin carboxylase, N-terminal domain	3	3	4	4	4	3	4	2	2	4	2	5	2	4	4	2	3	4	2	4	4	4	3	4	4	5	1	4	2	2	2	5	4	2	2	2	2	4	2	1	2	5
PF03625	Domain of unknown function DUF302	1	0	1	0	0	0	0	0	0	0	0	1	1	1	2	0	1	1	0	0	3	1	0	0	1	0	2	0	0	0	0	0	1	1	1	0	0	0	0	0	0	0
PF17288	Terminase RNAseH like domain	1	0	0	0	0	0	0	0	0	0	0	0	0	0	0	0	1	0	0	0	0	0	0	0	0	0	0	0	0	0	0	0	0	0	0	0	0	0	0	0	0	0
PF04466	Phage terminase large subunit	1	0	0	0	0	0	0	0	0	0	0	0	0	0	0	1	1	0	0	0	0	0	0	0	0	0	0	0	0	1	0	0	0	0	0	0	1	0	0	0	0	0
PF03966	Trm112p-like protein	1	1	1	1	1	1	1	1	1	1	0	1	1	1	1	0	1	1	0	0	1	1	1	1	1	1	0	1	0	1	1	1	1	1	1	0	1	1	1	0	1	1
PF00828	Ribosomal proteins 50S-L15, 50S-L18e, 60S-L27A	1	1	1	1	1	1	1	1	1	0	1	0	1	0	1	1	1	1	1	0	1	0	1	1	1	1	1	1	1	1	0	1	1	0	0	1	1	1	0	1	1	1
PF03352	Methyladenine glycosylase	1	1	2	2	1	2	1	2	2	2	1	1	1	1	1	2	1	2	1	1	1	1	2	1	0	1	1	2	1	2	2	2	2	1	1	1	2	2	2	1	0	1
PF07977	FabA-like domain	2	1	2	2	2	1	2	0	3	2	2	2	2	1	2	0	2	3	1	2	2	1	1	2	1	2	2	1	1	2	2	2	2	1	1	1	2	1	2	2	1	2
PF01156	Inosine-uridine preferring nucleoside hydrolase	3	1	0	0	1	1	0	1	0	0	0	1	1	1	1	1	3	0	0	0	1	1	1	1	0	2	0	0	0	1	1	0	0	1	1	0	1	0	1	0	0	1
PF02482	Sigma 54 modulation protein / S30EA ribosomal protein	1	1	1	1	1	1	3	3	1	1	1	1	1	1	1	2	1	1	1	1	2	1	4	1	0	1	4	3	2	2	1	1	1	1	1	2	2	3	1	4	1	1
PF16321	Sigma 54 modulation/S30EA ribosomal protein C terminus	1	1	0	0	1	1	0	0	0	0	0	1	1	1	1	0	1	0	0	0	1	1	0	1	0	1	0	0	0	0	0	0	0	1	1	0	0	0	0	0	0	1
PF02817	e3 binding domain	2	1	3	2	2	2	3	1	2	2	3	2	0	1	2	3	2	3	2	3	2	1	1	2	0	2	4	2	3	3	3	2	3	1	1	3	3	2	3	4	1	2
PF00198	2-oxoacid dehydrogenases acyltransferase (catalytic domain)	2	1	3	2	2	2	3	1	2	2	3	2	0	1	2	2	2	3	3	3	2	1	1	2	1	2	4	2	3	3	3	2	3	1	1	3	3	2	3	4	1	2
PF06835	Lipopolysaccharide-assembly, LptC-related	1	0	1	2	1	0	1	1	1	1	1	0	0	1	0	0	1	1	0	1	0	1	1	1	0	0	1	1	1	1	1	1	1	1	1	1	1	1	1	1	1	0
PF00482	Type II secretion system (T2SS), protein F	2	0	3	4	2	3	3	3	2	4	0	5	3	1	2	2	2	4	0	5	2	1	3	2	3	0	0	3	1	3	3	4	3	1	1	1	3	3	3	0	3	0
PF01722	BolA-like protein	2	2	2	2	2	2	1	1	2	2	0	2	2	2	1	1	2	2	0	2	1	2	1	2	1	2	0	1	0	2	2	3	2	2	2	0	2	1	2	0	2	2
PF13085	2Fe-2S iron-sulfur cluster binding domain	1	1	1	1	1	1	2	0	0	1	1	1	1	1	1	0	1	1	1	1	1	1	0	1	0	1	1	1	1	1	1	1	1	1	1	1	1	1	0	1	1	1
PF13237	4Fe-4S dicluster domain	1	0	0	0	0	0	1	1	0	0	0	1	1	1	1	0	1	0	0	0	1	1	1	0	0	1	0	1	0	1	0	0	0	1	1	0	1	1	0	0	0	1
PF04402	Protein of unknown function (DUF541)	1	0	2	1	0	1	1	1	0	1	1	1	1	0	0	1	1	2	1	1	0	0	2	0	1	1	1	1	2	0	2	1	2	0	0	2	0	1	2	1	1	1
PF03334	Na+/H+ antiporter subunit	1	0	1	2	0	1	0	1	1	1	0	1	1	1	1	2	1	1	0	1	1	1	1	0	1	2	0	0	0	2	1	1	1	1	1	0	2	0	1	0	1	2
PF02556	Preprotein translocase subunit SecB	1	1	1	1	1	1	1	1	1	1	0	1	1	0	1	1	1	1	0	2	1	0	1	1	0	1	0	1	0	1	1	1	1	0	0	0	1	1	1	0	0	1
PF01613	Flavin reductase like domain	6	2	2	1	3	2	0	1	1	1	1	2	1	1	5	0	6	2	2	1	3	1	1	3	1	2	2	1	2	2	3	2	2	1	1	2	2	1	3	2	0	2
PF00565	Staphylococcal nuclease homologue	1	0	0	0	2	5	0	0	0	0	0	2	4	1	2	0	1	0	0	0	2	1	0	2	0	0	0	0	1	0	0	0	0	2	2	1	0	0	0	0	0	0
PF00437	Type II/IV secretion system protein	1	0	6	5	1	2	6	5	5	6	0	5	5	2	1	5	1	7	0	7	1	3	5	1	1	0	0	6	1	5	5	6	6	2	2	1	5	6	5	0	4	0
PF03783	Curli production assembly/transport component CsgG	1	0	0	1	0	1	0	1	0	1	1	0	1	0	0	1	1	0	1	2	0	0	1	0	0	0	1	0	1	1	1	1	0	0	0	1	1	0	1	1	0	0
PF13444	Acetyltransferase (GNAT) domain	2	2	1	1	2	0	1	1	0	1	1	0	0	0	2	3	2	1	1	1	2	0	1	2	1	2	1	1	1	3	3	1	1	0	0	1	3	1	3	1	1	2
PF03167	Uracil DNA glycosylase superfamily	4	1	2	2	2	3	2	1	1	2	1	3	3	3	2	1	4	2	1	2	2	2	1	2	1	4	1	2	1	2	2	2	2	1	1	1	2	2	2	1	2	4
PF13566	Domain of unknown function (DUF4130	1	0	0	0	0	0	0	0	0	0	0	0	0	0	0	1	1	0	0	0	0	0	0	0	1	1	1	0	0	0	0	0	0	0	0	0	0	0	0	1	0	1
PF20469	Overcoming lysogenization defect protein-like, TOPRIM domain	1	0	1	0	0	0	0	1	0	0	0	1	0	0	2	0	1	1	0	1	1	0	0	0	1	0	1	1	2	1	0	0	0	0	0	2	1	1	0	1	0	0
PF13175	AAA ATPase domain	1	0	2	1	0	0	0	2	0	0	0	1	0	0	1	0	1	4	0	0	1	0	0	0	1	0	2	1	3	1	1	0	2	0	0	3	1	1	1	1	2	0
PF01070	FMN-dependent dehydrogenase	2	2	0	0	3	0	0	1	0	0	0	1	0	0	3	0	2	0	0	0	2	0	1	3	2	2	0	1	0	1	0	0	0	0	0	0	1	1	0	0	0	2
PF06723	MreB/Mbl protein	1	1	1	1	1	1	1	1	1	1	1	2	1	1	1	1	1	1	1	1	1	1	1	1	1	1	1	1	1	1	2	1	1	1	1	1	1	1	2	1	1	1
PF00499	NADH-ubiquinone/plastoquinone oxidoreductase chain 6	1	1	1	0	1	1	0	0	0	1	0	1	0	1	1	0	1	1	0	1	1	1	0	1	2	1	0	0	0	0	0	0	1	1	1	0	0	0	0	0	1	1
PF13671	AAA domain	1	0	3	0	0	0	1	1	0	0	0	1	2	0	0	0	1	3	0	0	0	0	1	0	0	1	0	1	0	1	2	0	3	0	0	0	1	1	1	0	1	1
PF09278	MerR, DNA binding	3	2	3	2	4	0	1	2	0	2	0	0	2	3	4	0	3	4	0	1	3	3	1	4	1	3	0	2	0	1	1	0	3	3	3	0	1	2	1	0	2	2
PF00376	MerR family regulatory protein	3	1	3	1	4	0	1	1	0	2	0	0	1	3	4	0	3	4	0	1	4	3	0	4	1	3	0	2	0	1	1	0	3	3	3	0	1	2	2	0	2	2
PF03547	Membrane transport protein	2	2	3	0	3	1	2	1	0	0	1	1	0	2	4	0	2	3	1	0	4	2	2	3	2	3	0	2	0	1	1	1	3	2	2	0	1	2	1	0	2	3
PF13483	Beta-lactamase superfamily domain	1	0	0	0	0	1	0	0	0	0	0	0	0	0	1	0	1	0	0	0	1	0	0	0	1	1	2	0	1	0	0	0	0	0	0	1	0	0	0	2	0	1
PF14588	YjgF/chorismate_mutase-like, putative endoribonuclease	1	0	0	0	1	1	0	0	0	0	0	1	0	0	2	0	1	0	0	0	2	0	0	1	1	1	0	0	0	0	0	0	0	0	0	0	0	0	0	0	0	1
PF13400	Putative Flp pilus-assembly TadE/G-like	1	0	0	0	1	5	0	0	0	0	0	2	1	0	1	0	1	0	0	0	1	0	0	1	0	0	0	0	0	0	0	1	0	0	0	0	0	0	0	0	0	0
PF10531	SLBB domain	1	1	4	2	2	2	0	2	1	2	1	2	0	3	2	1	1	5	0	3	2	2	2	2	2	0	1	1	1	4	3	2	4	1	1	1	4	1	3	1	4	0
PF10589	NADH-ubiquinone oxidoreductase-F iron-sulfur binding region	1	2	2	0	2	1	0	0	0	0	0	1	0	2	2	0	1	2	0	0	2	2	0	2	2	2	0	0	0	0	0	0	2	1	1	0	0	0	0	0	1	2
PF01512	Respiratory-chain NADH dehydrogenase 51 Kd subunit	1	2	3	1	2	1	1	1	1	1	0	1	0	2	2	0	1	3	0	1	2	2	1	2	2	2	0	1	0	1	1	1	3	1	1	0	1	1	1	0	2	2
PF19300	Binding-prot-dependent transport system membrane comp, N-term	7	3	2	0	4	1	1	1	0	0	0	0	1	5	5	0	7	2	0	0	5	5	1	4	6	8	1	1	0	1	1	0	2	4	4	0	1	1	1	1	1	7
PF07885	Ion channel	1	0	2	3	1	2	2	2	1	4	0	2	2	1	3	1	1	2	2	4	4	1	1	1	1	1	2	2	2	1	1	2	2	0	0	2	1	2	1	1	1	1
PF12867	DinB superfamily	1	0	1	0	0	1	0	1	0	1	3	0	0	0	0	0	1	1	3	1	0	0	1	0	1	0	7	1	3	0	1	1	1	0	0	3	0	1	1	7	0	0
PF03781	Sulfatase-modifying factor enzyme 1	2	1	3	1	0	2	2	2	6	1	3	3	1	1	1	0	2	3	3	1	1	1	2	0	1	0	3	2	3	1	2	1	3	2	2	3	1	2	2	3	2	0
PF01195	Peptidyl-tRNA hydrolase	1	1	1	1	1	1	1	1	1	1	1	1	1	0	1	1	1	1	1	1	1	0	1	1	2	1	1	1	1	1	1	1	1	0	0	1	1	1	1	1	1	1
PF06197	Protein of unknown function (DUF998)	1	0	0	0	0	0	0	0	0	0	0	0	0	0	0	0	1	0	0	0	0	0	0	0	0	1	0	0	0	0	0	0	0	0	0	0	0	0	0	0	0	1
PF11450	Protein of unknwon function (DUF3008)	1	0	0	0	0	0	0	0	0	0	0	1	1	0	0	0	1	0	0	0	1	0	0	0	0	1	0	0	0	0	0	0	0	0	0	0	0	0	0	0	0	1
PF04263	Thiamin pyrophosphokinase, catalytic domain	1	1	0	0	1	0	0	0	0	0	1	0	0	1	1	0	1	0	1	0	1	1	0	1	0	1	0	0	0	0	0	0	0	1	1	0	0	0	0	0	0	1
PF02190	ATP-dependent protease La (LON) substrate-binding domain	2	2	3	2	2	2	2	1	2	2	0	2	2	1	2	2	2	3	1	2	2	1	1	2	1	2	2	2	1	2	2	2	3	1	1	1	2	2	2	2	2	2
PF05362	Lon protease (S16) C-terminal proteolytic domain	1	0	3	2	1	1	2	2	1	2	0	1	1	1	1	1	1	4	1	3	1	1	2	1	0	1	1	2	1	2	2	2	3	0	0	1	2	2	2	1	2	1
PF03331	UDP-3-O-acyl N-acetylglycosamine deacetylase	1	1	1	1	1	1	1	1	1	0	1	1	1	1	1	2	1	1	1	0	1	1	1	1	0	1	1	1	1	1	1	1	1	1	1	1	1	1	1	1	1	1
PF17773	UPF0176 acylphosphatase like domain	1	1	1	1	1	1	1	1	1	1	1	1	1	0	1	0	1	1	1	1	1	0	1	1	1	1	1	1	1	1	1	1	1	0	0	1	1	1	1	1	0	1
PF13669	Glyoxalase/Bleomycin resistance protein/Dioxygenase superfamily	2	1	0	0	1	2	0	0	0	0	2	2	0	1	2	0	2	0	1	0	1	1	0	1	1	1	1	0	2	0	0	0	0	1	1	2	0	0	0	1	0	1
PF07286	D-glutamate cyclase	1	0	1	0	1	0	0	0	0	0	0	0	0	0	0	0	1	1	0	0	0	0	0	1	0	1	0	0	0	0	0	0	1	0	0	0	0	0	0	0	0	1
PF01497	Periplasmic binding protein	2	0	6	1	1	1	2	1	0	1	2	1	0	4	2	0	2	7	2	1	2	4	1	1	0	6	2	2	2	1	1	1	6	2	2	2	1	2	1	2	4	4
PF00699	Urease beta subunit	1	1	1	0	1	0	0	1	0	1	0	0	0	0	1	0	1	1	0	1	1	0	1	1	0	1	0	0	0	0	0	0	1	0	0	0	0	0	0	0	0	1
PF02391	MoaE protein	1	1	1	1	1	1	1	1	0	1	0	1	0	0	1	1	1	1	0	1	1	0	1	1	0	1	1	1	0	2	1	1	1	0	0	0	2	1	1	1	0	1
PF00953	Glycosyl transferase family 4	1	1	1	1	1	2	1	1	1	2	1	2	2	0	1	1	1	1	1	2	1	0	1	1	0	1	1	1	2	1	1	1	1	0	0	2	1	1	1	1	1	1
PF10555	Phospho-N-acetylmuramoyl-pentapeptide-transferase signature 1	1	1	1	1	1	0	0	1	1	1	1	0	0	0	1	1	1	1	1	1	1	0	1	1	0	1	1	1	1	1	1	1	1	0	0	1	1	1	1	1	1	1
PF02569	Pantoate-beta-alanine ligase	1	2	1	1	0	1	1	1	1	1	0	1	0	1	0	1	1	1	1	1	0	1	1	0	0	1	1	1	1	1	1	1	1	0	0	1	1	1	1	1	0	1
PF12616	Protein of unknown function (DUF3775)	1	0	0	0	1	0	0	0	0	0	0	0	0	0	1	0	1	0	0	0	1	0	0	1	0	1	0	0	0	0	0	0	0	0	0	0	0	0	0	0	0	1
PF05772	NinB protein	1	0	0	0	0	0	0	0	0	0	0	0	0	0	0	0	1	1	0	0	0	0	0	0	0	0	0	0	0	0	0	0	0	0	0	0	0	0	0	0	0	0
PF17939	Tetracyclin repressor-like, C-terminal domain	1	0	1	0	0	0	2	2	1	1	0	1	0	0	0	0	1	2	0	1	0	0	1	0	0	0	0	2	0	0	1	1	1	0	0	0	0	2	1	0	1	0
PF00011	Hsp20/alpha crystallin family	2	1	1	2	2	1	0	1	0	2	0	1	1	2	2	1	2	1	0	2	2	2	1	2	1	2	0	0	0	1	1	2	1	2	2	0	1	0	1	0	0	2
PF03795	YCII-related domain	2	2	4	1	1	1	2	0	1	1	0	1	1	1	2	1	2	4	0	1	3	1	1	1	1	1	1	1	0	2	2	2	4	1	1	0	2	1	2	1	2	1
PF00773	RNB domain	1	1	2	1	1	1	1	2	2	1	1	1	0	0	1	1	1	3	1	2	1	0	2	1	2	1	1	2	1	1	1	1	2	0	0	1	1	2	1	1	1	1
PF17876	Cold shock domain	1	1	2	1	1	1	1	2	2	1	1	1	0	0	1	1	1	4	1	2	1	0	2	1	2	1	1	2	1	1	1	1	2	0	0	1	1	2	1	1	1	1
PF00908	dTDP-4-dehydrorhamnose 3,5-epimerase	1	0	0	0	1	1	1	1	1	1	1	2	1	4	1	0	1	0	1	1	1	3	0	1	0	0	1	0	2	0	0	0	0	2	2	2	0	0	0	1	0	0
PF00834	Ribulose-phosphate 3 epimerase family	1	0	1	1	1	1	1	1	1	1	1	1	1	0	1	0	1	1	1	1	1	0	1	1	1	1	1	1	1	1	1	1	1	0	0	1	1	1	1	1	0	1
PF02104	SURF1 family	1	1	1	1	1	1	0	0	1	2	0	0	1	0	1	1	1	1	0	2	1	0	0	1	1	2	0	0	0	1	1	2	1	0	0	0	1	0	1	0	0	2
PF00561	alpha/beta hydrolase fold	7	8	18	20	7	14	17	11	8	12	2	8	6	3	19	8	7	20	3	12	17	3	11	7	2	5	9	17	10	11	13	22	18	2	2	10	11	17	16	9	4	5
PF13098	Thioredoxin-like domain	1	1	2	2	2	0	1	2	1	2	0	0	0	0	1	1	1	2	0	2	0	0	2	2	0	0	1	1	1	2	2	2	2	0	0	1	2	1	2	1	2	0
PF12161	HsdM N-terminal domain	1	0	3	1	0	1	1	3	0	1	0	0	0	0	2	1	0	3	1	2	0	0	3	0	0	0	1	6	1	1	1	1	1	0	0	1	1	6	0	1	1	0
PF02384	N-6 DNA Methylase	1	0	3	1	0	1	2	4	0	1	0	1	0	0	3	1	0	3	0	3	0	0	3	0	0	0	7	6	3	1	1	1	1	1	1	3	1	6	1	5	1	0
PF00121	Triosephosphate isomerase	1	2	2	1	1	1	1	1	1	1	1	1	1	0	1	1	1	2	1	1	1	0	1	1	0	2	1	1	1	1	1	1	2	0	0	1	1	1	1	1	1	2
PF01411	tRNA synthetases class II (A)	2	1	1	2	2	1	1	1	1	1	1	1	1	1	2	1	2	1	1	1	2	1	1	2	1	1	1	1	1	1	1	1	1	0	0	1	1	1	1	1	1	1
PF11150	Protein of unknown function (DUF2927)	2	0	0	0	3	0	0	0	0	0	0	0	0	2	2	0	2	0	0	0	2	2	0	3	1	1	0	0	0	0	0	0	0	2	2	0	0	0	0	0	0	1
PF01568	Molydopterin dinucleotide binding domain	1	1	4	2	1	0	1	3	0	3	0	1	0	2	5	2	1	4	0	4	4	1	3	1	1	4	1	2	0	3	1	1	4	0	0	0	3	2	1	1	0	2
PF00384	Molybdopterin oxidoreductase	2	3	4	2	3	1	1	3	0	3	0	2	0	3	6	2	2	4	0	4	5	2	3	3	4	5	1	2	0	3	1	1	4	0	0	0	3	2	1	1	0	3
PF08323	Starch synthase catalytic domain	1	0	0	0	0	0	0	0	0	0	1	0	0	0	1	0	1	0	1	0	1	0	0	0	0	1	2	0	2	1	1	0	0	0	0	2	1	0	2	2	0	1
PF13547	GTA TIM-barrel-like domain	1	0	0	0	1	0	0	0	0	0	0	1	1	1	1	0	1	0	0	0	1	1	0	1	1	1	0	0	0	0	0	0	0	0	0	0	0	0	0	0	0	1
PF13550	Putative phage tail protein	1	0	0	0	1	0	0	0	0	0	0	1	1	2	1	0	1	0	0	0	1	3	0	1	1	1	0	0	0	0	0	0	0	1	1	0	0	0	0	0	0	1
PF00614	Phospholipase D Active site motif	1	0	0	0	0	0	0	0	0	0	0	0	0	0	0	0	1	0	0	0	0	0	0	0	0	0	0	0	0	0	0	0	0	0	0	0	0	0	0	0	0	0
PF13091	PLD-like domain	1	0	3	3	0	0	1	1	2	3	0	0	0	0	2	0	1	3	0	3	3	0	0	0	1	2	1	3	1	0	1	4	3	0	0	1	0	3	1	1	2	2
PF00006	ATP synthase alpha/beta family, nucleotide-binding domain	3	3	5	4	3	4	2	4	2	3	3	4	3	3	2	6	3	5	3	3	3	3	6	3	4	4	3	4	3	4	5	3	5	2	2	3	4	4	2	3	2	4
PF00306	ATP synthase alpha/beta chain, C terminal domain	1	1	1	1	1	1	0	1	1	1	1	0	1	1	1	1	1	1	1	1	1	1	2	1	1	1	1	1	1	1	1	1	1	1	1	1	1	1	0	1	0	1
PF02874	ATP synthase alpha/beta family, beta-barrel domain	2	2	3	2	2	2	1	3	2	2	2	1	2	2	2	2	2	3	2	2	2	2	5	2	2	2	2	3	2	2	2	2	3	1	1	2	2	3	0	2	1	2
PF03884	DNA gyrase inhibitor YacG	1	1	1	1	1	1	1	1	1	1	0	1	0	1	1	0	1	1	0	1	1	1	1	1	0	1	0	1	0	1	2	1	1	1	1	0	1	1	2	0	1	1
PF02608	ABC transporter substrate-binding protein PnrA-like	3	2	2	0	2	0	1	0	0	0	0	0	0	3	2	0	3	2	0	0	2	3	1	2	3	2	0	0	0	0	0	0	2	3	3	0	0	0	0	0	0	2
PF13393	Histidyl-tRNA synthetase	2	2	2	2	2	2	2	2	2	2	1	2	2	1	3	1	2	3	1	3	2	1	2	2	3	2	1	2	1	1	1	2	2	1	1	1	1	2	1	1	2	2
PF20134	Family of unknown function (DUF6524)	1	0	0	0	1	0	0	0	0	0	0	0	0	0	1	0	1	0	0	0	1	0	0	1	0	0	0	0	0	0	0	0	0	0	0	0	0	0	0	0	0	0
PF13779	Domain of unknown function (DUF4175)	1	1	0	0	1	1	0	0	0	0	0	1	1	0	1	0	1	0	0	0	1	0	0	1	0	1	0	0	0	0	0	0	0	0	0	0	0	0	0	0	0	1
PF12831	FAD dependent oxidoreductase	1	2	0	0	1	0	0	0	0	0	0	0	0	1	2	0	1	0	0	0	2	0	0	1	1	0	0	0	0	0	0	0	0	0	0	0	0	0	0	0	0	0
PF11003	Protein of unknown function (DUF2842)	1	1	0	0	1	1	0	0	0	0	0	1	1	1	1	0	1	0	0	0	1	1	0	1	1	1	0	0	0	0	0	0	0	1	1	0	0	0	0	0	0	1
PF01809	Putative membrane protein insertion efficiency factor	1	0	1	1	1	1	0	0	0	0	1	1	1	1	2	0	1	1	1	0	2	1	0	1	0	1	1	0	0	2	1	1	1	1	1	0	2	0	1	1	0	1
PF01676	Metalloenzyme superfamily	2	1	0	0	2	0	1	1	0	0	1	0	0	1	2	1	2	0	1	0	2	1	1	2	1	2	1	1	1	1	0	0	0	0	0	1	1	1	0	1	0	2
PF06415	BPG-independent PGAM N-terminus (iPGM_N)	1	1	0	0	1	0	1	1	0	0	1	0	0	0	1	1	1	0	1	0	1	0	1	1	0	1	1	1	1	1	0	0	0	0	0	1	1	1	0	1	0	1
PF01144	Coenzyme A transferase	4	2	2	0	2	2	0	0	0	0	2	2	2	0	2	1	4	2	2	0	2	0	0	2	2	2	2	0	2	2	2	0	2	0	0	2	2	0	2	2	0	2
PF01734	Patatin-like phospholipase	2	0	6	5	0	2	4	3	4	5	2	2	1	0	2	2	2	7	2	4	2	0	4	0	2	2	2	4	5	3	6	6	6	0	0	5	3	4	6	2	3	2
PF13720	Udp N-acetylglucosamine O-acyltransferase; Domain 2	1	0	1	1	1	1	2	0	1	1	1	1	0	1	1	0	1	1	1	1	1	1	1	1	1	1	1	1	1	1	1	1	1	0	0	1	1	1	1	1	1	1
PF00301	Rubredoxin	1	0	2	2	0	0	2	1	1	1	0	0	1	0	0	1	1	2	0	1	0	0	1	0	0	0	0	1	0	1	0	2	2	0	0	0	1	1	0	0	1	0
PF06262	Zincin-like metallopeptidase	1	0	0	0	0	0	0	0	0	0	0	0	0	0	0	0	1	0	0	0	0	0	0	0	0	1	0	0	0	0	0	0	0	0	0	0	0	0	0	0	0	1
PF00582	Universal stress protein family	2	1	3	4	3	1	2	3	2	4	2	2	1	3	6	1	2	4	1	4	5	4	3	3	4	6	15	2	10	3	4	3	3	3	3	10	3	2	3	13	2	5
PF00494	Squalene/phytoene synthase	1	1	0	0	1	1	0	0	0	0	1	1	1	0	2	0	1	0	1	0	1	0	0	1	1	2	1	0	1	0	0	0	0	0	0	1	0	0	0	1	0	2
PF02492	CobW/HypB/UreG, nucleotide-binding domain	1	3	2	2	2	2	1	2	0	3	0	0	0	0	8	1	1	2	0	4	8	0	2	2	0	3	1	1	0	1	1	2	2	1	1	0	1	1	1	1	1	3
PF03458	Glycine transporter	1	0	1	1	1	1	0	1	1	0	1	1	1	0	0	1	1	1	1	0	0	0	1	1	1	1	1	0	1	1	2	1	1	0	0	1	1	0	2	1	1	1
PF13579	Glycosyl transferase 4-like domain	2	0	1	1	0	1	0	0	0	1	0	0	0	0	0	0	2	1	0	2	0	0	0	0	0	1	2	0	1	1	0	1	1	0	0	1	1	0	0	2	1	1
PF20142	Scaffold domain	1	1	0	0	1	0	1	1	0	0	0	2	1	0	2	0	1	0	1	0	1	0	1	1	1	1	0	1	0	0	0	0	0	0	0	0	0	1	0	0	0	1
PF17863	AAA lid domain	1	1	2	2	1	2	3	4	1	2	2	2	1	0	4	1	1	2	1	2	2	0	5	1	1	2	4	3	2	2	2	2	2	0	0	2	2	3	2	4	2	2
PF07726	ATPase family associated with various cellular activities (AAA)	1	0	2	2	1	2	3	4	1	2	2	2	1	0	2	1	1	2	1	2	1	0	5	2	1	2	4	3	2	2	2	2	2	0	0	2	2	3	2	4	2	2
PF01367	5'-3' exonuclease, C-terminal SAM fold	1	0	1	1	1	1	2	2	1	1	1	1	0	1	1	1	1	1	1	1	1	1	2	1	0	1	1	2	1	1	1	1	1	0	0	1	1	2	1	1	0	1
PF02739	5'-3' exonuclease, N-terminal resolvase-like domain	1	0	1	1	1	1	2	2	1	1	1	1	0	1	1	1	1	1	1	1	1	1	2	1	0	1	1	2	1	1	1	1	1	0	0	1	1	2	1	1	0	1
PF00476	DNA polymerase family A	1	0	1	1	1	1	0	1	1	1	1	1	1	1	1	1	1	1	1	1	1	1	1	1	0	1	1	1	2	1	1	1	1	0	0	2	1	1	1	1	0	1
PF07549	SecD/SecF GG Motif	1	1	2	2	1	2	2	2	2	2	1	2	2	1	1	2	1	2	1	2	1	1	2	1	0	1	1	2	1	2	2	2	2	1	1	1	2	2	2	1	2	1
PF02355	Protein export membrane protein	2	2	2	2	2	2	2	2	2	2	1	3	2	2	2	2	2	2	1	2	2	2	2	2	0	2	1	2	1	2	2	2	2	2	2	1	2	2	2	1	2	2
PF03255	Acetyl co-enzyme A carboxylase carboxyltransferase alpha subunit	1	1	1	1	1	1	0	0	1	1	1	1	0	0	1	1	1	1	1	1	2	0	0	1	1	1	1	0	1	1	1	1	1	0	0	1	1	0	1	1	1	1
PF01478	Type IV leader peptidase family	1	0	0	1	1	2	1	1	1	1	0	2	2	1	1	0	1	0	0	2	1	1	1	1	1	0	0	1	0	1	2	1	0	1	1	0	1	1	2	0	0	0
PF00916	Sulfate permease family	3	2	3	3	2	2	2	2	2	3	2	2	2	2	2	0	4	3	4	3	1	2	1	2	1	3	4	2	4	2	3	2	3	2	2	4	2	2	2	4	2	3
PF04607	Region found in RelA / SpoT proteins	1	1	2	2	2	1	3	2	3	2	0	1	1	1	1	2	1	2	0	3	1	1	2	2	0	1	1	2	1	2	2	2	2	1	1	1	2	2	2	1	1	1
PF13291	ACT domain	1	1	2	2	1	2	2	2	3	2	0	2	2	1	1	1	1	2	0	3	1	1	2	1	0	1	1	2	1	2	2	2	2	1	1	1	2	2	2	1	1	1
PF19296	RelA/SpoT, AH and RIS domains	1	1	2	2	1	1	2	2	3	2	0	1	1	1	1	1	1	2	0	3	1	1	2	1	0	1	0	2	0	2	1	2	2	1	1	0	2	2	1	0	1	1
PF13328	HD domain	1	1	2	2	1	1	2	2	3	2	0	1	1	1	1	2	1	2	0	3	1	1	2	1	1	1	1	2	1	4	2	2	2	1	1	1	4	2	2	1	1	1
PF00533	BRCA1 C Terminus (BRCT) domain	1	1	0	1	1	1	1	0	1	1	1	1	1	1	1	1	1	0	1	1	1	1	0	1	1	1	1	1	1	1	1	1	0	0	0	1	1	1	1	1	0	2
PF03119	NAD-dependent DNA ligase C4 zinc finger domain	1	0	0	1	1	0	1	0	0	1	1	1	1	0	1	1	1	0	1	1	1	0	0	1	1	1	1	1	1	1	1	1	0	0	0	1	1	1	1	1	0	1
PF03120	NAD-dependent DNA ligase OB-fold domain	1	0	0	1	1	1	1	0	1	1	1	1	1	0	1	1	1	0	1	1	1	0	0	1	1	1	1	1	1	1	1	1	0	0	0	1	1	1	1	1	0	1
PF01653	NAD-dependent DNA ligase adenylation domain	1	0	0	1	1	1	1	0	1	1	2	1	1	0	1	1	1	0	1	1	1	0	0	1	1	1	1	1	1	1	1	1	0	0	0	1	1	1	1	1	0	1
PF12826	Helix-hairpin-helix motif	2	1	0	1	2	0	1	0	1	1	1	0	0	1	1	1	2	0	1	1	1	1	0	2	1	1	1	1	1	1	1	1	0	0	0	1	1	1	1	1	0	1
PF01863	YgjP-like, metallopeptidase domain	2	1	1	2	1	1	2	1	1	2	0	1	0	2	1	0	1	0	0	3	2	2	1	1	0	1	0	2	0	0	1	3	0	2	2	0	0	2	0	0	0	1
PF02578	Multi-copper polyphenol oxidoreductase laccase	1	0	1	1	1	1	1	1	1	1	0	1	1	0	1	1	1	1	0	1	1	0	1	1	1	0	0	1	0	1	1	1	1	0	0	0	1	1	1	0	1	0
PF00203	Ribosomal protein S19	1	1	1	1	1	1	1	1	1	0	1	0	0	1	1	1	1	1	1	0	1	1	1	1	0	1	1	1	1	1	0	1	1	1	1	1	1	1	1	1	1	1
PF00535	Glycosyl transferase family 2	6	2	9	3	3	10	3	1	2	5	14	16	9	9	4	1	6	9	15	12	4	8	1	3	2	9	31	2	28	4	4	8	9	0	0	28	4	2	2	31	9	8
PF05690	Thiazole biosynthesis protein ThiG	1	0	1	1	0	1	1	1	0	1	1	1	0	0	1	0	1	1	1	1	1	0	0	0	1	1	0	1	0	0	1	1	1	0	0	0	0	1	1	0	0	1
PF13430	Domain of unknown function (DUF4112)	1	0	1	1	0	0	1	1	0	1	0	1	1	0	0	1	1	1	0	1	0	0	1	0	1	0	0	1	0	1	1	1	1	0	0	0	1	1	1	0	1	0
PF01883	Iron-sulfur cluster assembly protein	2	3	2	1	3	1	1	1	1	1	2	1	1	3	4	0	2	2	2	0	4	2	2	3	2	2	3	2	2	0	1	1	2	1	1	2	0	2	1	3	1	2
PF04654	Protein of unknown function, DUF599	1	0	1	0	0	0	1	1	1	0	0	0	0	0	1	0	1	1	0	0	1	0	0	0	0	1	0	1	0	0	0	0	1	0	0	0	0	1	0	0	1	1
PF06026	Ribose 5-phosphate isomerase A (phosphoriboisomerase A)	1	1	1	1	1	1	1	1	1	1	0	1	1	1	1	1	1	1	0	1	1	1	1	1	0	1	0	1	1	1	1	1	1	1	1	1	1	1	1	0	0	1
PF01804	Penicillin amidase	1	1	1	1	1	1	1	0	2	0	0	0	0	1	1	1	1	1	0	0	1	1	0	1	1	1	0	1	0	2	3	1	1	1	1	0	2	1	4	0	1	1
PF04972	BON domain	2	1	0	1	2	1	0	0	1	1	0	5	3	0	1	2	2	1	0	1	2	0	0	2	1	1	1	0	1	2	2	1	0	0	0	1	2	0	2	1	0	1
PF07876	Stress responsive A/B Barrel Domain	1	0	0	0	0	0	0	0	0	0	0	0	0	0	0	0	1	0	0	0	0	0	0	0	0	0	1	0	0	0	0	0	0	0	0	0	0	0	0	1	0	0
PF02167	Cytochrome C1 family	1	1	1	1	1	1	0	1	1	1	0	1	1	1	1	1	1	2	0	1	1	1	1	1	1	1	0	0	0	1	1	1	1	1	1	0	1	0	1	0	1	1
PF01774	UreD urease accessory protein	1	1	0	0	1	0	0	0	0	1	0	0	0	1	1	0	1	0	0	1	1	1	0	1	0	1	0	0	0	0	0	0	0	1	1	0	0	0	0	0	0	1
PF01966	HD domain	3	3	2	3	4	4	2	2	2	4	5	3	2	2	3	2	3	2	4	4	3	2	2	4	2	2	8	3	8	4	3	4	2	1	1	8	4	3	3	8	1	2
PF00410	Ribosomal protein S8	1	1	1	1	1	1	1	1	0	0	1	0	0	1	1	1	1	1	1	0	1	1	1	1	1	1	1	1	1	1	0	1	1	1	1	1	1	1	0	1	1	1
PF07584	Aerotolerance regulator N-terminal	1	0	0	0	1	1	0	0	0	0	2	1	1	0	1	0	1	0	3	0	1	1	0	1	1	1	3	0	1	0	0	0	0	0	0	1	0	0	0	3	0	1
PF13709	Domain of unknown function (DUF4159)	1	1	0	0	1	1	0	0	0	0	0	1	1	0	1	0	1	0	1	0	1	1	0	1	1	1	2	0	1	0	0	0	0	0	0	1	0	0	0	2	0	1
PF09898	Uncharacterized protein conserved in bacteria (DUF2125)	2	0	0	0	2	0	0	0	0	0	0	1	1	1	1	0	2	0	0	0	1	1	0	2	2	1	0	0	0	0	0	0	0	1	1	0	0	0	0	0	0	1
PF03372	Endonuclease/Exonuclease/phosphatase family	4	2	6	3	4	3	4	4	4	4	2	4	4	1	9	3	4	6	2	4	9	1	4	4	3	4	3	4	3	3	5	3	6	1	1	3	3	4	5	3	1	4
PF07372	Protein of unknown function (DUF1491)	1	1	0	0	1	1	0	0	0	0	0	1	1	0	1	0	1	0	0	0	1	0	0	1	0	1	0	0	0	0	0	0	0	0	0	0	0	0	0	0	0	1
PF00579	tRNA synthetases class I (W and Y)	2	2	2	2	2	2	4	1	1	2	2	2	1	0	2	1	2	2	2	2	2	0	3	2	0	2	2	3	2	3	2	2	2	1	1	2	3	3	2	2	1	2
PF01029	NusB family	2	1	2	2	2	2	1	2	2	2	0	2	1	1	2	2	2	2	1	3	2	1	3	2	2	2	1	2	1	2	2	2	2	1	1	1	2	2	2	1	1	2
PF05721	Phytanoyl-CoA dioxygenase (PhyH)	1	3	1	2	1	2	0	0	0	1	1	1	0	1	5	1	1	1	0	1	5	1	0	1	0	0	7	0	0	1	1	0	1	0	0	0	1	0	1	7	0	0
PF05437	Branched-chain amino acid transport protein (AzlD)	1	2	1	0	1	0	0	0	1	0	0	0	0	4	1	0	1	1	0	0	1	4	0	1	0	1	0	0	0	0	0	0	1	1	1	0	0	0	0	0	1	1
PF01794	Ferric reductase like transmembrane component	1	2	0	0	2	1	1	1	0	0	0	0	0	0	3	0	1	0	0	0	2	0	1	2	1	2	0	1	0	2	1	0	0	0	0	0	2	1	1	0	0	2
PF01594	AI-2E family transporter	3	1	4	1	1	1	2	2	2	2	0	2	2	0	2	1	3	4	0	2	2	0	1	1	1	6	2	3	2	2	4	2	4	0	0	2	2	3	4	2	4	5
PF19304	D-3-phosphoglycerate dehydrogenase intervening domain	1	1	0	0	1	1	0	0	0	0	0	1	0	0	1	0	1	0	0	0	1	0	0	1	1	1	0	0	0	0	0	0	0	0	0	0	0	0	0	0	0	1
PF07385	D-lyxose isomerase	1	0	0	0	0	0	0	0	0	0	0	0	0	0	1	0	1	0	0	0	1	0	0	0	0	0	0	0	0	0	0	0	0	0	0	0	0	0	0	0	0	0
PF13616	PPIC-type PPIASE domain	1	1	3	2	1	2	2	2	3	2	1	1	0	0	1	0	1	3	2	2	1	0	2	1	1	0	2	3	3	2	1	2	3	0	0	3	2	3	1	2	2	0
PF04166	Pyridoxal phosphate biosynthetic protein PdxA	1	1	1	1	1	1	0	1	1	1	1	1	0	0	1	1	1	1	1	1	1	0	1	1	3	2	1	0	1	1	1	1	1	0	0	1	1	0	1	1	0	2
PF00507	NADH-ubiquinone/plastoquinone oxidoreductase, chain 3	1	0	2	0	1	1	0	0	0	1	0	1	0	1	1	0	1	2	0	1	1	1	0	1	1	1	0	0	0	0	0	0	2	1	1	0	0	0	0	0	2	1
PF06071	Protein of unknown function (DUF933)	1	1	1	1	1	1	1	1	1	1	1	1	0	1	2	1	1	1	1	1	2	1	1	1	0	1	1	1	1	1	1	1	1	1	1	1	1	1	1	1	1	1
PF02867	Ribonucleotide reductase, barrel domain	2	2	2	1	2	1	0	1	1	1	1	1	1	1	3	0	2	3	1	1	2	0	1	2	1	2	1	0	1	1	1	1	2	0	0	1	1	0	1	1	1	2
PF08471	Class II vitamin B12-dependent ribonucleotide reductase	1	1	0	0	1	0	0	0	0	0	0	0	0	1	1	0	1	0	0	0	1	0	0	1	0	1	0	0	0	0	0	0	0	0	0	0	0	0	0	0	0	1
PF02649	Type I GTP cyclohydrolase folE2	1	1	0	1	1	0	0	0	0	1	0	0	0	0	1	0	1	0	0	1	1	0	0	1	0	1	0	0	0	0	0	1	0	0	0	0	0	0	0	0	0	1
PF14815	NUDIX domain	2	1	2	2	2	2	1	1	1	2	1	2	1	2	2	2	2	2	1	2	2	2	1	2	1	2	1	2	1	2	1	2	2	0	0	1	2	2	2	1	1	2
PF10576	Iron-sulfur binding domain of endonuclease III	1	1	1	1	2	1	2	1	0	1	0	2	0	2	1	1	1	1	0	1	1	2	1	2	1	2	0	1	0	2	1	1	1	1	1	0	2	1	2	0	1	2
PF12705	PD-(D/E)XK nuclease superfamily	2	1	1	2	2	2	1	1	1	1	1	2	0	1	2	0	2	2	1	1	2	1	1	2	0	2	2	1	1	1	1	2	1	1	1	1	1	1	1	2	0	2
PF13442	Cytochrome C oxidase, cbb3-type, subunit III	3	1	6	4	2	3	1	4	4	10	1	4	1	0	1	2	3	7	2	10	2	0	5	2	1	2	3	5	2	4	3	7	6	0	0	2	4	5	3	3	2	2
PF03389	MobA/MobL family	1	0	0	0	0	0	0	0	0	0	0	1	0	0	1	0	0	0	0	0	4	0	0	0	0	0	0	0	0	0	0	0	0	1	1	0	0	0	0	0	0	0
PF13468	Glyoxalase-like domain	1	1	0	0	1	2	0	0	0	0	0	2	2	1	1	0	1	0	0	0	1	1	0	1	0	1	0	0	0	0	0	0	0	1	1	0	0	0	0	0	0	1
PF06610	L-alanine exporter	1	0	0	0	0	0	0	0	0	0	0	0	0	0	0	0	1	0	0	0	0	0	0	0	0	0	0	0	0	0	0	0	0	0	0	0	0	0	0	0	0	0
PF01520	N-acetylmuramoyl-L-alanine amidase	2	0	1	1	1	1	0	1	1	1	2	1	1	1	1	1	2	1	2	1	1	1	1	1	1	0	3	0	3	1	1	1	1	0	0	3	1	0	1	1	1	0
PF11741	AMIN domain	1	0	2	2	1	0	1	2	2	2	0	0	0	0	0	2	1	2	0	2	0	0	2	1	1	0	0	1	0	2	2	2	2	0	0	0	2	1	2	0	2	0
PF13883	Pyridoxamine 5'-phosphate oxidase	1	0	0	0	0	0	0	0	0	0	0	0	0	1	0	0	1	0	0	0	0	1	0	0	0	0	0	0	0	0	0	0	0	0	0	0	0	0	0	0	0	0
PF02782	FGGY family of carbohydrate kinases, C-terminal domain	4	1	2	3	1	2	1	1	1	2	0	2	1	0	3	1	4	3	0	2	3	0	1	1	0	5	2	1	0	2	1	2	2	0	0	0	2	1	1	2	2	3
PF00370	FGGY family of carbohydrate kinases, N-terminal domain	4	1	2	3	1	2	1	1	1	2	0	2	1	0	3	1	4	3	0	2	3	0	1	1	0	5	2	1	0	2	1	2	2	0	0	0	2	1	1	2	2	3
PF04115	Ureidoglycolate lyase	2	0	2	0	1	0	0	1	0	0	0	0	0	0	1	0	1	2	0	0	1	0	1	1	0	1	0	0	0	0	0	0	2	0	0	0	0	0	0	0	0	1
PF01192	RNA polymerase Rpb6	1	1	1	1	1	1	1	1	1	1	1	1	1	1	1	1	1	1	0	1	1	1	1	1	1	1	1	1	1	1	1	1	1	1	1	1	1	1	1	1	0	1
PF02537	CrcB-like protein, Camphor Resistance (CrcB)	1	0	1	1	1	1	0	1	1	1	0	1	1	1	1	0	1	1	1	1	1	1	1	1	1	1	1	1	1	1	1	1	1	1	1	1	1	1	1	1	0	1
PF00430	ATP synthase B/B' CF(0)	2	0	1	1	2	2	0	1	1	1	1	2	2	1	2	1	2	1	1	1	2	1	2	2	0	2	1	1	1	1	1	1	1	1	1	1	1	1	1	1	0	2
PF02562	PhoH-like protein	1	1	2	2	1	2	2	2	1	2	1	2	2	1	1	1	1	2	1	2	1	1	2	1	1	1	1	2	1	2	2	2	2	1	1	1	2	2	2	1	2	1
PF04403	Paraquat-inducible protein A	2	0	0	1	1	1	1	1	0	3	0	0	0	1	1	3	1	0	0	3	1	1	1	1	0	2	0	1	0	3	1	3	0	1	1	0	3	1	1	0	0	2
PF04386	Stringent starvation protein B	1	1	1	1	1	2	0	1	1	1	0	1	1	0	1	1	1	2	0	1	1	0	1	1	0	1	0	1	0	1	1	1	1	0	0	0	1	1	1	0	1	1
PF01235	Sodium:alanine symporter family	2	1	2	2	0	1	0	1	2	1	0	1	1	1	0	2	2	3	0	0	0	1	1	0	1	2	2	1	2	2	2	1	2	1	1	2	2	1	2	2	0	2
PF00140	Sigma-70 factor, region 1.2	2	1	2	1	2	2	1	2	2	1	1	2	2	2	2	3	2	2	1	1	1	2	2	2	0	2	2	2	2	3	3	1	2	1	1	2	3	2	3	2	1	2
PF04545	Sigma-70, region 4	4	1	6	4	2	4	1	5	3	2	1	4	3	2	3	4	4	6	1	2	3	2	5	2	1	2	4	4	4	4	4	2	6	1	1	4	4	4	4	4	3	2
PF00226	DnaJ domain	3	2	6	3	3	4	3	4	3	3	2	4	3	1	2	1	3	6	2	3	3	1	4	3	2	3	2	4	4	2	4	2	6	1	1	4	2	4	4	2	2	3
PF00163	Ribosomal protein S4/S9 N-terminal domain	1	1	1	1	1	1	1	1	0	0	0	0	1	1	1	2	1	1	1	0	1	1	1	1	0	1	1	1	1	1	0	1	1	1	1	1	1	1	0	1	1	1
PF14437	MafB19-like deaminase	1	1	1	1	1	1	0	1	1	1	1	1	1	1	0	1	1	1	1	1	0	1	1	1	0	1	1	0	1	1	1	1	1	1	1	1	1	0	1	1	1	1
PF00177	Ribosomal protein S7p/S5e	1	1	1	1	1	0	0	0	1	1	1	0	0	1	1	2	0	1	1	1	1	0	1	1	0	1	1	0	1	1	0	1	1	1	1	1	1	0	1	1	1	1
PF03717	Penicillin-binding Protein dimerisation domain	2	2	1	2	2	2	2	1	2	2	1	2	2	1	2	1	2	1	2	2	2	1	1	2	1	2	2	2	2	2	2	2	1	1	1	2	2	2	2	2	1	2
PF13469	Sulfotransferase family	2	0	2	2	0	4	0	1	7	1	0	3	3	2	1	2	2	2	0	2	1	2	1	0	0	3	0	0	0	3	2	2	2	0	0	0	3	0	1	0	1	3
PF13432	Tetratricopeptide repeat	5	3	13	7	3	8	5	5	5	8	4	5	9	3	5	8	5	14	1	7	4	2	5	3	2	2	3	6	2	11	6	6	13	2	2	2	11	6	6	3	11	2
PF13181	Tetratricopeptide repeat	1	0	2	1	1	3	2	2	3	1	6	3	4	0	3	5	1	3	4	0	2	0	2	1	0	0	10	2	14	10	3	1	2	0	0	14	10	2	2	10	0	0
PF01503	Phosphoribosyl-ATP pyrophosphohydrolase	1	2	1	2	2	1	0	1	1	2	0	1	1	1	1	1	1	1	1	2	1	1	1	2	0	1	2	1	2	1	1	2	1	1	1	2	1	1	1	2	0	1
PF06170	Protein of unknown function (DUF983)	1	0	0	0	1	1	0	0	0	0	1	2	2	0	1	0	1	0	1	0	1	0	0	1	0	2	1	0	2	0	0	0	0	0	0	2	0	0	0	1	0	2
PF02699	Preprotein translocase subunit	1	1	1	1	1	1	1	1	1	1	0	1	1	1	1	1	1	1	1	1	1	1	1	1	0	1	1	1	1	1	1	1	1	1	1	1	1	1	1	1	1	1
PF01384	Phosphate transporter family	1	1	1	1	1	0	0	0	1	1	2	0	0	1	1	0	1	1	2	3	1	1	0	1	1	1	1	0	1	1	1	1	1	1	1	1	1	0	1	1	0	1
PF00510	Cytochrome c oxidase subunit III	1	1	1	2	1	1	0	0	1	2	2	1	1	1	1	1	1	1	2	2	1	1	0	1	1	2	2	0	2	1	1	2	1	0	0	2	1	0	1	2	0	2
PF21176	RecR, helix-hairpin-helix	1	1	1	1	1	1	0	1	1	1	1	1	1	0	1	0	1	1	1	1	1	0	1	1	1	1	1	0	1	1	1	1	1	0	0	1	1	0	1	1	1	1
PF21175	RecR, C-terminal	1	1	1	1	1	1	0	0	1	1	0	1	1	0	1	0	1	1	0	1	1	0	0	1	1	1	0	0	0	1	1	1	1	0	0	0	1	0	1	0	1	1
PF13662	Toprim domain	1	1	1	1	1	2	1	2	1	2	1	2	2	0	1	0	1	1	1	1	1	0	2	1	1	2	1	1	1	1	1	2	1	0	0	1	1	1	1	1	1	2
PF19833	ATP-dependent DNA helicase RecG, domain 3, C-terminal	1	0	1	1	1	1	1	1	1	1	1	1	0	0	1	1	1	1	1	1	1	0	1	1	1	1	1	1	1	1	1	1	1	0	0	1	1	1	1	1	0	1
PF04397	LytTr DNA-binding domain	1	1	1	1	1	4	1	1	1	1	4	3	2	1	2	2	1	1	3	1	2	1	2	1	0	0	17	1	11	3	3	1	1	1	1	11	3	1	2	17	0	0
PF00381	PTS HPr component phosphorylation site	1	0	2	1	1	1	0	1	1	1	0	1	1	1	1	1	1	2	0	1	1	1	1	1	0	1	0	0	0	1	1	1	2	1	1	0	1	0	1	0	1	1
PF00768	D-alanyl-D-alanine carboxypeptidase	2	2	2	1	2	2	1	1	1	1	0	2	1	1	2	1	2	2	0	1	2	1	1	2	2	1	0	1	0	1	1	1	2	1	1	0	1	1	1	0	1	1
PF01741	Large-conductance mechanosensitive channel, MscL	1	0	0	0	1	1	0	0	0	0	1	1	1	0	1	0	1	0	1	0	1	0	0	1	0	1	2	0	2	0	0	0	0	0	0	2	0	0	0	2	0	1
PF01575	MaoC like domain	1	3	4	4	3	2	2	2	2	3	0	4	1	2	4	1	1	3	0	3	3	2	2	3	2	0	1	3	0	2	2	3	3	3	3	0	2	3	2	1	2	0
PF01726	LexA DNA binding domain	1	1	1	1	1	1	1	1	1	1	0	1	1	0	1	1	1	2	0	1	1	0	0	1	1	1	0	1	0	1	1	1	1	0	0	0	1	1	1	0	1	1
PF12627	Probable RNA and SrmB- binding site of polymerase A	1	1	2	2	1	1	1	2	2	2	1	1	1	1	1	1	1	2	0	2	1	1	2	1	1	1	1	2	1	2	2	2	2	0	0	1	2	2	2	1	0	1
PF01743	Poly A polymerase head domain	1	1	2	2	1	1	1	2	2	2	1	1	1	1	1	1	1	2	1	2	1	1	2	1	1	1	1	2	1	2	2	2	2	0	0	1	2	2	2	1	0	1
PF02617	ATP-dependent Clp protease adaptor protein ClpS	1	1	1	1	1	1	1	0	1	1	0	1	1	1	1	1	1	1	1	1	1	1	0	1	0	1	1	1	1	1	1	0	1	1	1	1	1	1	1	1	1	1
PF00639	PPIC-type PPIASE domain	1	1	1	1	1	0	1	2	1	2	1	1	0	1	1	0	1	1	1	2	2	1	2	1	1	2	1	2	2	2	2	1	1	0	0	2	2	2	2	1	0	2
PF09856	Short-chain fatty acyl coenzyme A regulators	2	0	0	0	2	1	0	0	0	0	0	0	0	2	2	0	2	0	0	0	2	2	0	2	1	2	0	0	0	0	0	0	0	1	1	0	0	0	0	0	0	2
PF06114	IrrE N-terminal-like domain	1	0	2	0	1	1	0	1	0	0	1	2	2	1	1	1	1	2	1	1	1	1	1	1	0	1	0	1	0	0	1	0	1	1	1	0	0	1	0	0	1	1
PF01381	Helix-turn-helix	5	4	5	4	9	7	3	6	8	1	1	10	10	9	10	2	6	8	2	3	7	9	4	9	5	5	6	10	5	12	9	6	4	6	6	5	12	10	6	3	3	5
PF12708	Pectate lyase superfamily protein	1	1	0	0	1	0	0	0	0	0	0	2	0	0	1	0	1	0	0	0	1	0	0	1	0	1	0	0	0	0	0	0	0	0	0	0	0	0	0	0	0	1
PF17432	Domain of unknown function (DUF3458_C) ARM repeats	1	2	1	0	1	1	1	0	1	1	0	1	1	1	2	0	1	1	0	1	1	1	0	1	0	1	0	1	0	1	1	1	1	1	1	0	1	1	1	0	1	1
PF17900	Peptidase M1 N-terminal domain	1	1	1	0	1	2	1	0	2	1	1	2	1	1	2	0	1	1	3	1	1	1	0	1	0	1	2	1	2	2	3	1	1	1	1	2	2	1	3	2	1	1
PF11940	Domain of unknown function (DUF3458) Ig-like fold	1	1	1	0	1	1	1	0	1	1	0	1	1	1	2	0	1	1	0	1	1	1	0	1	0	1	0	1	0	1	1	1	1	1	1	0	1	1	1	0	1	1
PF01433	Peptidase family M1 domain	1	1	1	0	1	3	1	0	3	1	3	2	1	1	2	2	1	1	4	1	1	1	0	1	0	1	5	1	4	4	5	1	1	1	1	4	4	1	5	5	1	1
PF02683	Cytochrome C biogenesis protein transmembrane region	2	2	2	1	3	1	1	1	0	1	1	1	1	1	4	1	2	2	1	1	3	1	1	3	1	1	1	1	2	1	1	1	2	1	1	2	1	1	1	1	2	1
PF00829	Ribosomal prokaryotic L21 protein	1	1	1	1	1	1	1	1	1	1	1	1	1	0	1	0	1	1	1	1	1	0	1	1	1	1	1	1	1	1	1	1	1	0	0	1	1	1	1	1	1	1
PF14520	Helix-hairpin-helix domain	2	3	4	4	3	4	3	2	3	4	3	4	1	1	3	1	2	4	4	4	6	1	2	3	3	3	3	4	4	4	4	4	4	1	1	4	4	4	4	3	3	3
PF00312	Ribosomal protein S15	1	1	1	1	1	1	0	1	1	1	0	1	1	1	1	0	1	1	1	1	1	1	1	1	1	1	1	1	1	1	1	1	1	1	1	1	1	1	1	1	0	1
PF13489	Methyltransferase domain	2	1	4	3	2	2	3	3	3	2	3	0	0	3	7	0	1	4	5	3	5	3	4	2	0	2	1	2	2	1	3	2	4	2	2	2	1	2	3	1	2	2
PF08421	Putative zinc binding domain	1	0	0	0	0	0	0	0	0	0	0	0	0	0	0	0	0	0	0	0	0	0	0	0	0	0	0	0	0	0	0	0	0	0	0	0	0	0	0	0	0	0
PF08484	C-methyltransferase C-terminal domain	1	0	0	0	0	0	0	0	0	0	0	0	0	1	0	0	0	0	0	0	0	1	0	0	0	0	0	0	0	0	0	0	0	1	1	0	0	0	0	0	0	0
PF07978	NIPSNAP	1	0	0	0	0	0	0	0	0	0	0	0	0	0	2	0	1	0	0	0	2	0	0	0	0	0	0	0	0	0	0	0	0	0	0	0	0	0	0	0	0	0
PF09837	Uncharacterized protein conserved in bacteria (DUF2064)	1	1	1	1	1	1	0	0	0	1	0	1	1	0	1	0	1	1	0	1	1	0	0	1	2	0	1	0	2	0	0	1	1	0	0	2	0	0	0	1	1	0
PF00679	Elongation factor G C-terminus	3	3	3	3	3	2	1	3	4	3	3	2	1	4	3	2	2	3	3	2	3	3	3	3	1	3	3	2	3	4	3	3	3	2	2	3	4	2	3	3	3	3
PF21018	TypA/BipA C-terminal domain	1	1	1	1	1	1	0	1	1	1	1	1	0	1	1	1	1	1	1	1	1	1	1	1	1	1	1	1	1	1	1	1	1	1	1	1	1	1	1	1	1	1
PF10137	CAP12/Pycsar effector protein, TIR domain	1	0	0	0	0	0	0	0	0	0	0	0	0	0	0	0	1	0	0	0	0	0	0	0	0	0	0	0	0	0	0	0	0	0	0	0	0	0	0	0	0	0
PF16327	Cytochrome c-type biogenesis protein CcmF C-terminal	1	1	2	1	1	1	1	1	1	1	0	1	1	0	1	1	1	3	0	1	1	1	1	1	1	1	0	1	0	1	1	1	2	0	0	0	1	1	1	0	2	1
PF01171	PP-loop family	2	1	2	2	2	2	1	2	2	2	1	2	1	1	2	1	2	2	1	2	2	1	1	2	1	2	1	2	1	2	2	2	2	1	1	1	2	2	2	1	2	2
PF01656	CobQ/CobB/MinD/ParA nucleotide binding domain	3	1	3	2	1	1	1	3	0	4	0	1	1	2	2	0	2	4	0	4	2	2	3	1	2	4	0	2	0	1	1	4	3	0	0	0	1	2	1	0	3	3
PF02626	Carboxyltransferase domain, subdomain A and B	1	0	1	1	2	1	2	0	0	1	0	1	0	1	1	0	1	1	0	1	1	1	1	2	1	1	1	2	0	1	1	1	1	1	1	0	1	2	1	1	0	1
PF08713	DNA alkylation repair enzyme	1	0	0	0	1	0	0	0	0	0	0	0	0	0	2	1	1	0	0	0	2	0	0	1	1	1	2	1	0	1	0	0	0	0	0	0	1	1	0	1	0	1
PF01522	Polysaccharide deacetylase	1	1	5	0	1	1	1	1	2	0	1	1	1	2	1	1	1	5	1	0	1	2	1	1	0	2	1	1	2	2	3	0	5	1	1	2	2	1	3	1	3	2
PF09349	OHCU decarboxylase	1	1	1	0	1	0	0	1	0	0	0	0	0	1	1	0	1	1	0	0	1	1	1	1	0	1	0	0	0	0	1	0	1	1	1	0	0	0	2	0	0	1
PF02504	Fatty acid synthesis protein	1	1	0	1	1	1	1	1	1	1	0	1	0	1	1	0	1	0	0	1	1	1	1	1	0	1	0	1	0	1	1	1	0	1	1	0	1	1	1	0	0	1
PF06418	CTP synthase N-terminus	1	0	1	1	1	1	1	1	1	1	1	1	1	1	1	1	1	1	1	1	1	1	1	1	1	1	1	1	1	1	1	1	1	1	1	1	1	1	1	1	1	1
PF13426	PAS domain	3	1	7	2	2	1	7	9	4	2	0	1	1	4	5	8	3	7	0	2	4	4	7	2	3	3	2	10	7	12	9	2	7	4	4	7	12	10	10	2	3	3
PF02585	GlcNAc-PI de-N-acetylase	3	0	0	0	0	0	0	0	0	0	2	1	0	0	0	0	2	0	2	0	0	0	0	0	0	1	2	1	2	0	0	0	0	0	0	2	0	1	0	2	0	1
PF02361	Cobalt transport protein	1	0	0	0	0	0	0	0	0	0	0	0	0	0	0	0	1	0	0	0	0	0	0	0	0	0	0	0	0	0	0	0	0	0	0	0	0	0	0	0	0	0
PF13305	Tetracyclin repressor-like, C-terminal domain	1	1	1	4	1	3	1	1	1	3	0	1	2	0	4	0	1	2	0	3	4	0	1	1	1	3	0	1	0	1	1	5	1	0	0	0	1	1	1	0	0	3
PF12973	ChrR Cupin-like domain	2	1	3	0	2	3	0	2	2	1	0	2	2	1	2	2	2	3	0	1	2	1	1	2	0	0	0	0	0	2	2	0	3	1	1	0	2	0	2	0	2	0
PF00986	DNA gyrase B subunit, carboxyl terminus	2	2	2	2	2	2	2	2	2	2	1	2	2	1	3	0	2	3	1	2	3	1	2	2	0	2	1	2	1	2	2	2	2	1	1	1	2	2	2	1	1	2
PF00204	DNA gyrase B	2	2	2	2	2	2	2	2	2	2	2	2	2	1	2	0	2	3	2	2	2	1	2	2	0	2	2	2	2	2	2	2	2	1	1	2	2	2	2	2	1	2
PF01751	Toprim domain	3	3	4	2	3	3	4	4	4	4	3	3	2	2	4	0	3	6	3	3	3	2	4	3	0	3	3	4	4	3	4	3	4	2	2	4	3	4	4	3	3	3
PF02538	Hydantoinase B/oxoprolinase	1	3	0	1	0	0	1	1	0	1	0	0	0	0	2	0	1	1	0	1	3	0	1	0	0	0	0	1	0	0	0	2	0	0	0	0	0	1	0	0	0	0
PF00085	Thioredoxin	3	2	2	3	4	4	3	3	2	3	2	4	4	3	4	3	3	2	2	3	4	3	3	4	0	2	3	3	4	3	2	3	2	3	3	4	3	3	2	3	0	2
PF01555	DNA methylase	1	2	0	0	1	2	1	1	0	1	0	1	1	2	2	2	1	0	0	1	2	2	1	1	0	1	0	0	0	2	1	1	0	1	1	0	2	0	1	0	0	1
PF18755	Restriction Enzyme Adenine Methylase Associated	1	1	0	0	1	1	0	0	0	0	0	1	1	1	1	0	1	0	0	0	1	1	0	1	0	1	0	0	0	0	0	0	0	1	1	0	0	0	0	0	0	1
PF01642	Methylmalonyl-CoA mutase	2	2	1	0	2	3	0	0	0	0	2	3	3	1	2	0	2	1	3	0	2	1	0	2	2	2	3	0	3	0	0	0	1	1	1	3	0	0	0	3	1	2
PF11014	Protein of unknown function (DUF2852)	1	1	0	0	1	0	0	0	0	0	0	0	0	1	1	0	1	0	0	0	1	1	0	1	1	1	0	0	0	0	0	0	0	1	1	0	0	0	0	0	0	1
PF03881	Fructosamine kinase	1	0	1	1	0	0	1	1	0	1	0	0	0	0	0	0	1	1	0	1	0	0	1	0	0	0	0	1	0	0	1	1	1	0	0	0	0	1	1	0	0	0
PF00753	Metallo-beta-lactamase superfamily	7	5	8	9	9	11	6	9	8	10	1	8	8	5	12	6	7	10	1	11	11	5	7	9	4	9	8	9	6	11	9	10	8	2	2	6	11	9	8	7	6	9
PF02779	Transketolase, pyrimidine binding domain	4	5	4	2	5	5	3	2	3	3	4	5	3	2	6	4	4	4	5	4	5	2	2	5	2	5	7	3	6	4	4	3	4	2	2	6	4	3	4	7	2	5
PF02780	Transketolase, C-terminal domain	3	4	3	2	4	3	1	2	2	2	3	3	2	1	5	3	3	3	4	3	4	1	2	4	2	4	6	2	5	3	3	2	3	1	1	5	3	2	3	6	1	4
PF19335	Heavy metal binding domain	1	0	2	0	0	0	0	2	1	4	2	1	1	0	0	1	1	4	2	4	1	0	2	0	1	0	2	2	3	2	1	2	2	0	0	3	2	2	1	1	2	0
PF04945	YHS domain	1	0	1	0	0	1	0	0	0	1	0	1	1	0	0	1	1	1	0	1	0	0	0	0	0	0	0	0	0	3	0	1	1	0	0	0	3	0	0	0	0	0
PF01476	LysM domain	2	2	2	4	4	1	2	5	4	5	5	1	0	3	2	5	2	2	5	5	2	3	5	4	2	2	5	4	7	5	5	5	2	2	2	7	5	4	5	5	1	2
PF00709	Adenylosuccinate synthetase	1	1	1	1	1	1	1	1	1	1	0	1	1	0	1	2	1	2	0	2	1	0	1	1	1	1	1	1	1	1	1	1	1	0	0	1	1	1	1	1	1	1
PF14532	Sigma-54 interaction domain	1	1	0	0	2	0	0	0	0	0	0	0	0	1	1	0	1	0	0	0	1	1	0	2	1	2	0	0	0	0	0	0	0	1	1	0	0	0	0	0	0	2
PF01451	Low molecular weight phosphotyrosine protein phosphatase	3	1	2	3	2	0	1	2	3	3	1	0	0	1	2	2	3	3	1	4	2	1	1	2	1	2	2	1	1	2	2	3	2	0	0	1	2	1	2	2	1	2
PF13410	Glutathione S-transferase, C-terminal domain	2	4	7	5	5	7	1	1	2	4	0	11	6	3	6	1	2	7	0	4	6	3	1	5	2	4	0	1	0	2	2	4	7	2	2	0	2	1	2	0	3	4
PF13409	Glutathione S-transferase, N-terminal domain	3	2	7	3	6	5	0	1	3	3	0	11	6	2	6	3	3	7	0	3	5	2	1	6	1	2	0	2	0	5	2	1	7	1	1	0	5	2	2	0	2	2
PF14696	Hydroxyphenylpyruvate dioxygenase, HPPD, N-terminal	1	1	0	0	0	1	0	0	1	0	0	1	1	1	1	0	1	0	0	0	1	1	0	0	1	2	0	0	0	1	1	0	0	1	1	0	1	0	1	0	0	2
PF01592	NifU-like N terminal domain	1	1	0	0	0	1	0	0	0	0	0	1	1	0	1	1	1	0	0	0	1	0	0	0	1	1	0	0	0	1	0	0	0	0	0	0	1	0	0	0	0	1
PF01989	Aconitase X swivel domain	1	0	0	0	0	0	0	0	0	0	0	0	0	0	1	0	1	0	0	0	1	0	0	0	0	0	0	0	0	0	0	0	0	0	0	0	0	0	0	0	0	0
PF04412	Aconitase X	1	0	0	0	0	0	0	0	0	0	0	0	0	0	1	0	1	0	0	0	1	0	0	0	0	0	0	0	0	0	0	0	0	0	0	0	0	0	0	0	0	0
PF02922	Carbohydrate-binding module 48 (Isoamylase N-terminal domain)	3	0	1	0	0	0	0	0	0	0	0	0	0	0	2	1	3	1	0	0	2	0	0	0	0	5	1	0	1	3	4	0	1	0	0	1	3	0	4	1	1	4
PF01624	MutS domain I	1	1	1	1	1	1	0	1	1	1	0	1	1	1	1	1	1	1	1	1	1	1	1	1	1	1	1	1	1	1	1	1	1	0	0	1	1	1	1	1	1	1
PF05192	MutS domain III	1	1	1	1	1	1	0	1	1	1	1	1	1	1	1	1	1	1	1	1	1	1	1	1	1	1	1	1	2	1	1	1	1	0	0	2	1	1	1	1	1	1
PF05188	MutS domain II	1	1	1	1	1	1	0	1	1	1	0	1	1	1	1	1	1	1	1	1	1	1	1	1	1	1	1	1	1	1	1	1	1	0	0	1	1	1	1	1	1	1
PF00488	MutS domain V	1	1	1	1	1	1	0	1	1	1	1	1	1	1	1	1	1	1	2	1	1	1	1	1	1	1	2	1	4	1	1	1	1	0	0	4	1	1	1	2	1	1
PF05190	MutS family domain IV	1	1	1	1	1	1	0	1	1	1	1	1	1	1	1	1	1	1	1	1	1	1	1	1	1	1	1	1	1	1	1	1	1	0	0	1	1	1	1	1	1	1
PF01810	LysE type translocator	3	8	7	2	7	3	0	0	2	1	1	3	2	5	11	2	3	7	1	2	11	4	0	7	2	5	4	0	5	4	3	1	7	2	2	5	4	0	3	4	6	4
PF00353	RTX calcium-binding nonapeptide repeat (4 copies)	5	0	0	0	7	8	0	0	0	0	0	0	0	12	8	0	5	0	0	0	7	12	0	7	4	9	0	0	0	0	0	0	0	9	9	0	0	0	0	0	0	12
PF02525	Flavodoxin-like fold	2	0	3	2	0	3	2	1	1	1	0	1	3	2	1	1	2	4	0	1	1	2	1	0	0	1	0	2	1	1	2	1	3	2	2	1	1	2	2	0	0	1
PF00861	Ribosomal L18 of archaea, bacteria, mitoch. and chloroplast	1	1	1	1	1	1	1	1	1	0	1	0	0	1	1	1	1	1	1	0	1	1	1	1	1	1	1	1	1	1	0	1	1	1	1	1	1	1	0	1	1	1
PF01967	MoaC family	1	0	1	1	1	1	1	1	0	1	0	1	0	1	1	1	1	1	0	1	1	1	1	1	1	1	1	1	0	2	1	1	1	0	0	0	2	1	1	1	1	1
PF01327	Polypeptide deformylase	3	2	1	1	3	1	0	1	1	1	1	1	1	1	3	1	3	1	1	1	3	1	1	3	0	3	1	1	2	1	1	1	1	1	1	2	1	1	1	1	0	3
PF12002	MgsA AAA+ ATPase C terminal	1	1	1	1	1	1	0	1	1	1	1	1	0	0	2	0	1	1	1	1	1	0	1	1	0	1	1	1	1	1	1	1	1	0	0	1	1	1	1	1	1	1
PF16193	AAA C-terminal domain	1	1	1	1	1	1	0	1	1	1	1	1	0	0	2	0	1	1	1	1	1	0	1	1	0	1	1	1	1	1	1	1	1	0	0	1	1	1	1	1	1	1
PF01746	tRNA (Guanine-1)-methyltransferase	1	1	1	1	1	1	1	1	1	1	1	1	1	1	1	1	1	1	1	1	1	1	1	1	1	1	1	1	1	1	1	1	1	1	1	1	1	1	1	1	1	1
PF02463	RecF/RecN/SMC N terminal domain	2	1	3	2	3	3	3	3	3	3	1	3	3	1	3	2	2	3	1	3	3	0	3	3	0	2	2	3	2	3	3	3	3	0	0	2	3	3	3	2	1	2
PF03576	Peptidase family S58	1	0	0	0	1	2	0	0	0	0	0	3	1	0	1	0	1	0	0	0	1	0	0	1	1	1	0	0	0	0	0	0	0	0	0	0	0	0	0	0	0	1
PF17396	Domain of unknown function (DUF1611_N) Rossmann-like domain	1	1	0	0	1	0	0	0	0	0	0	2	0	0	1	0	1	0	0	0	1	0	0	1	1	0	0	0	0	0	0	0	0	1	1	0	0	0	0	0	0	0
PF07755	Domain of unknown function (DUF1611_C) P-loop domain	1	1	0	0	1	0	0	0	0	0	0	2	0	0	1	0	1	0	0	0	1	0	0	1	1	0	0	0	0	0	0	0	0	1	1	0	0	0	0	0	0	0
PF00625	Guanylate kinase	2	1	1	1	1	1	1	1	1	1	1	1	0	1	1	1	1	1	1	1	1	1	1	1	1	1	1	1	1	1	1	1	1	1	1	1	1	1	1	1	0	1
PF01245	Ribosomal protein L19	1	1	1	1	1	1	1	1	0	1	1	1	1	1	1	1	1	1	1	1	1	1	1	1	1	1	1	1	1	1	1	1	1	1	1	1	1	1	1	1	1	1
PF01501	Glycosyl transferase family 8	1	0	0	0	0	0	1	0	0	0	0	0	0	0	0	0	1	0	0	0	0	0	0	0	0	0	0	0	0	0	0	0	0	0	0	0	0	0	0	0	0	0
PF03481	Threonylcarbamoyl-AMP synthase, C-terminal domain	1	0	0	0	1	1	0	0	0	0	0	1	1	1	1	0	1	0	0	0	1	0	0	1	1	1	0	0	0	0	1	0	0	0	0	0	0	0	1	0	0	1
PF01300	Telomere recombination	1	1	2	2	1	1	2	1	2	2	1	1	1	1	1	3	1	2	2	2	1	0	2	1	0	1	3	2	2	3	3	2	2	0	0	2	3	2	3	3	1	1
PF00346	Respiratory-chain NADH dehydrogenase, 49 Kd subunit	1	1	1	0	1	1	0	0	0	1	0	1	0	1	1	0	1	1	0	1	1	1	0	1	2	1	0	0	0	0	0	0	1	1	1	0	0	0	0	0	1	1
PF18072	Formylglycinamide ribonucleotide amidotransferase linker domain	1	0	1	1	1	1	1	1	1	1	1	1	1	0	1	1	1	1	1	1	1	0	1	1	1	1	1	1	1	1	1	1	1	0	0	1	1	1	1	1	1	1
PF17209	Hfq protein	1	1	1	1	1	1	1	1	1	1	0	1	0	1	1	1	1	1	0	2	1	1	1	1	0	1	0	1	0	1	1	1	1	1	1	0	1	1	1	0	1	1
PF16360	GTP-binding GTPase Middle Region	1	1	1	0	1	1	1	1	1	1	1	1	0	1	1	1	1	1	1	2	1	1	1	1	0	0	1	1	1	1	1	1	1	1	1	1	1	1	1	1	1	0
PF13167	GTP-binding GTPase N-terminal	1	1	1	0	1	1	1	1	1	1	1	1	0	1	1	1	1	1	1	2	1	1	1	1	0	0	1	1	1	1	1	1	1	1	1	1	1	1	1	1	1	0
PF19275	HflX C-terminal domain	1	1	1	0	1	1	0	0	1	0	0	1	0	1	1	0	1	1	0	0	1	1	0	1	0	0	0	0	0	0	1	0	1	1	1	0	0	0	1	0	1	0
PF21697	Exopolyphosphatase, C-terminal	1	1	0	0	1	1	0	0	0	0	0	1	0	1	1	0	1	0	0	0	1	0	0	1	1	1	0	0	0	0	0	0	0	0	0	0	0	0	0	0	0	1
PF14246	AefR-like transcriptional repressor, C-terminal domain	1	0	0	1	2	1	0	0	0	2	0	0	0	0	1	2	1	0	0	2	1	0	0	2	0	1	0	0	0	1	2	2	0	0	0	0	1	0	2	0	0	1
PF02674	Colicin V production protein	1	1	1	1	1	1	1	1	1	1	1	1	1	1	1	1	1	1	1	1	1	1	1	1	1	1	1	1	1	1	1	1	1	1	1	1	1	1	1	1	1	1
PF01434	Peptidase family M41	1	1	1	1	1	2	1	1	1	1	0	1	1	0	1	1	1	1	1	1	1	0	1	1	1	1	1	2	1	1	1	1	1	1	0	1	1	2	2	1	0	1
PF06480	FtsH Extracellular	1	1	1	1	1	0	1	1	1	1	0	0	0	0	1	1	1	1	1	1	1	0	1	1	1	1	0	2	1	1	1	1	1	1	0	1	1	2	1	0	0	1
PF17862	AAA+ lid domain	1	1	1	1	1	2	1	1	1	1	0	1	1	0	1	1	1	1	1	1	1	0	1	1	1	1	1	2	1	1	1	1	1	1	0	1	1	2	2	1	0	1
PF13531	Bacterial extracellular solute-binding protein	1	1	1	1	1	0	1	1	0	2	0	0	0	1	2	0	1	1	0	2	1	1	1	1	1	4	0	1	0	2	2	2	1	0	0	0	2	1	2	0	0	4
PF01292	Prokaryotic cytochrome b561	1	1	3	2	2	1	1	4	1	3	0	1	1	2	3	2	1	3	0	3	2	2	4	2	0	6	0	2	0	4	3	2	3	1	1	0	4	2	4	0	1	4
PF04264	YceI-like domain	2	0	2	1	0	3	2	2	0	1	3	3	3	1	3	2	2	3	2	1	3	1	1	0	0	2	5	2	3	3	2	1	2	1	1	3	3	2	2	5	2	2
PF16859	Tetracyclin repressor-like, C-terminal domain	1	0	0	0	0	1	0	0	0	0	0	0	1	0	0	0	1	0	0	0	0	0	0	0	0	0	0	0	0	0	0	0	0	0	0	0	0	0	0	0	0	0
PF03459	TOBE domain	1	1	2	1	1	0	0	0	0	1	0	0	0	1	2	1	1	2	0	1	2	1	0	1	1	1	0	1	0	2	0	1	2	0	0	0	2	1	0	0	1	1
PF04390	Lipopolysaccharide-assembly	1	0	1	1	1	0	1	1	1	1	1	1	1	1	1	1	1	1	1	1	1	1	1	1	0	1	1	1	1	1	1	1	1	1	1	1	1	1	1	1	1	1
PF01483	Proprotein convertase P-domain	1	0	0	0	0	0	0	0	0	0	2	0	0	0	0	0	1	0	4	0	0	0	0	0	0	0	3	1	0	0	1	0	0	0	0	0	0	1	1	3	0	0
PF00082	Subtilase family	1	0	3	1	0	3	3	6	2	0	4	2	2	0	0	4	1	3	3	0	1	0	6	0	0	1	5	4	3	5	3	2	3	0	0	3	5	4	3	5	2	0
PF06253	Trimethylamine methyltransferase (MTTB)	1	6	0	0	5	0	0	0	0	0	0	0	0	2	6	0	1	0	0	0	6	2	0	5	1	0	0	0	0	0	0	0	0	2	2	0	0	0	0	0	0	0
PF08447	PAS fold	3	0	8	2	0	1	5	8	1	3	1	3	2	6	0	4	3	8	2	3	0	6	7	0	3	2	2	7	7	7	13	3	8	2	2	7	7	7	13	2	3	2
PF13185	GAF domain	3	1	1	4	1	1	0	0	2	2	0	1	0	0	6	2	3	1	1	2	5	0	0	1	1	4	1	0	2	3	3	4	1	0	0	2	3	0	3	1	1	4
PF13470	PIN domain	1	1	0	0	1	0	0	0	0	0	0	0	0	1	1	0	1	0	0	0	1	1	0	1	1	1	0	0	0	0	0	0	0	1	1	0	0	0	1	0	0	1
PF19040	SGNH domain (fused to AT3 domains)	1	0	1	0	0	1	0	0	0	0	0	0	0	0	0	0	1	1	0	0	0	0	0	0	0	0	0	1	0	1	0	0	1	0	0	0	1	1	0	0	1	0
PF01757	Acyltransferase family	1	0	2	0	0	5	0	0	0	0	1	8	7	0	1	1	1	2	1	0	1	0	0	0	0	3	3	2	2	3	1	0	2	0	0	2	3	2	1	3	2	3
PF08410	Domain of unknown function (DUF1737)	1	1	0	0	1	0	0	0	0	0	0	0	0	1	1	0	1	0	0	0	1	1	0	1	0	1	0	0	0	0	0	0	0	1	1	0	0	0	0	0	0	1
PF01614	Bacterial transcriptional regulator	7	4	3	1	1	0	0	0	0	0	0	2	1	2	4	0	6	3	0	0	5	1	0	1	3	5	0	0	0	0	0	1	3	1	1	0	0	0	0	0	0	5
PF01182	Glucosamine-6-phosphate isomerases/6-phosphogluconolactonase	1	1	1	0	1	1	1	1	1	0	0	1	0	0	1	1	1	1	0	0	1	0	0	1	0	1	0	1	0	1	1	0	1	0	0	0	1	1	1	0	1	1
PF13116	Protein of unknown function	1	0	1	1	1	1	1	1	1	1	0	1	1	1	1	1	1	1	0	1	1	1	1	1	0	0	0	1	0	1	1	1	1	1	1	0	1	1	1	0	1	0
PF13502	AsmA-like C-terminal region	1	1	1	1	2	1	1	1	1	1	0	1	1	1	3	1	1	1	1	1	2	1	1	2	2	0	1	1	1	1	1	1	1	1	1	1	1	1	1	1	1	0
PF09084	NMT1/THI5 like	4	0	4	1	2	0	0	1	0	0	1	0	0	2	6	0	4	4	0	0	5	1	1	2	2	3	1	0	1	0	0	2	4	2	2	1	0	0	0	1	0	2
PF09459	Ethylbenzene dehydrogenase	1	0	0	0	0	0	0	0	0	1	0	0	0	0	0	0	0	0	0	1	0	0	0	0	0	0	0	0	0	0	0	0	0	0	0	0	0	0	0	0	0	0
PF02700	Phosphoribosylformylglycinamidine (FGAM) synthase	2	1	0	0	1	1	0	0	0	0	0	1	1	1	1	0	1	0	0	0	1	1	0	1	1	1	0	0	0	0	0	0	0	1	1	0	0	0	0	0	0	1
PF04860	Phage portal protein	2	0	0	0	1	0	0	0	0	0	0	1	1	4	0	0	2	0	0	0	0	4	0	1	2	3	0	1	0	0	1	0	0	1	1	0	0	1	1	0	0	3
PF05875	Ceramidase	1	0	0	0	0	0	0	0	0	0	0	0	0	0	1	0	1	0	0	0	1	0	0	0	0	1	0	0	0	0	0	0	0	0	0	0	0	0	0	0	0	1
PF16925	Tetracyclin repressor-like, C-terminal domain	1	0	1	0	0	1	0	0	0	1	0	0	0	0	0	0	1	1	0	1	0	0	0	0	0	0	2	0	1	0	0	1	1	0	0	1	0	0	0	2	0	0
PF13629	Pilus formation protein N terminal region	1	0	0	1	1	2	0	0	0	1	0	3	2	1	1	0	1	1	0	1	1	1	0	1	0	0	0	0	0	0	0	1	0	0	0	0	0	0	0	0	0	0
PF00263	Bacterial type II and III secretion system protein	1	0	3	3	1	2	2	3	2	3	0	3	2	0	1	4	1	4	0	3	1	0	3	1	1	0	0	4	1	4	2	3	3	0	0	1	4	4	2	0	3	0
PF12802	MarR family	4	2	2	1	5	5	3	2	2	0	1	6	5	7	6	4	4	3	1	0	5	7	2	5	4	7	1	2	1	6	2	1	2	6	6	1	6	2	2	1	1	7
PF13507	CobB/CobQ-like glutamine amidotransferase domain	2	1	1	1	1	1	0	1	1	1	1	1	1	1	1	1	1	1	1	1	1	1	1	1	1	1	1	1	1	1	1	1	1	1	1	1	1	1	1	1	1	1
PF05258	Dna[CI] antecedent, DciA	1	1	1	0	1	1	0	0	0	0	1	1	0	0	1	0	1	1	1	0	1	0	0	1	1	1	1	0	1	0	0	0	1	0	0	1	0	0	0	1	1	1
PF10073	GapR-like, DNA-binding domain	1	0	0	0	1	1	0	0	0	0	0	1	1	2	2	0	1	0	0	0	1	2	0	1	0	1	0	0	0	0	0	0	0	1	1	0	0	0	0	0	0	1
PF02515	CoA-transferase family III	2	2	3	3	2	5	1	1	2	2	0	8	1	3	6	0	2	3	0	2	5	2	1	2	2	2	0	1	0	0	0	2	3	2	2	0	0	1	0	0	3	2
PF13145	PPIC-type PPIASE domain	1	0	0	0	1	2	0	0	1	0	0	2	1	0	2	0	1	0	0	0	2	0	0	1	0	1	1	0	1	0	0	1	0	0	0	1	0	0	0	1	0	1
PF13624	SurA-like N-terminal domain	1	0	1	1	1	1	1	0	1	1	0	1	1	0	1	0	1	1	0	1	1	0	0	1	0	1	0	1	0	1	1	1	1	0	0	0	1	1	1	0	1	1
PF02353	Mycolic acid cyclopropane synthetase	1	2	2	2	2	1	1	1	1	1	0	1	0	1	2	0	1	3	0	1	2	1	1	2	2	0	0	1	0	1	1	2	2	0	0	0	1	1	1	0	1	0
PF06319	DNA repair protein MmcB-like	1	1	0	0	1	1	0	0	0	0	0	1	1	0	1	0	1	0	0	0	1	0	0	1	0	1	0	0	0	0	0	0	0	0	0	0	0	0	0	0	0	1
PF02659	Putative manganese efflux pump	1	0	0	1	0	0	0	0	0	2	0	0	0	0	0	0	1	0	0	2	0	0	0	0	0	0	0	0	0	2	1	0	0	0	0	0	2	0	1	0	0	0
PF04413	3-Deoxy-D-manno-octulosonic-acid transferase (kdotransferase)	2	3	1	1	2	1	2	1	1	1	1	1	1	0	3	1	2	1	1	0	3	0	1	2	1	2	1	1	1	1	1	1	1	0	0	1	1	1	1	1	1	2
PF02381	MraZ protein, putative antitoxin-like	1	1	1	1	1	1	1	1	0	1	0	1	1	1	1	1	1	1	1	1	1	1	1	1	1	1	1	1	1	1	1	1	1	1	1	1	1	1	1	1	1	1
PF03928	Haem degrading protein HbpS-like	2	2	2	0	0	0	0	0	0	0	0	1	1	1	2	0	2	2	0	0	1	1	0	0	0	1	0	1	0	0	0	0	2	1	1	0	0	1	0	0	0	1
PF04932	O-Antigen ligase	1	0	3	1	0	3	0	2	0	1	2	2	1	0	0	1	0	3	2	1	0	0	2	0	0	0	4	2	2	4	3	2	3	0	0	2	4	2	2	4	3	0
PF03960	ArsC family	1	1	2	1	2	2	4	0	2	2	1	3	3	0	1	1	1	2	2	2	1	0	1	2	1	2	2	2	3	2	2	2	2	0	0	3	2	2	2	2	2	2
PF01729	Quinolinate phosphoribosyl transferase, C-terminal domain	1	0	1	1	0	1	0	1	1	1	0	1	1	0	0	0	0	2	0	2	0	0	1	0	0	0	1	1	1	1	1	1	1	0	0	1	1	1	1	1	1	0
PF02749	Quinolinate phosphoribosyl transferase, N-terminal domain	1	0	1	1	0	1	0	1	1	1	0	1	1	0	0	0	0	2	0	1	0	0	1	0	0	0	1	1	1	1	1	1	1	0	0	1	1	1	1	1	1	0
PF13538	UvrD-like helicase C-terminal domain	1	1	1	1	1	0	1	2	1	1	1	0	0	0	3	0	1	3	1	1	2	0	1	1	1	1	1	1	2	1	3	1	1	0	0	2	1	1	2	1	0	1
PF13604	AAA domain	1	1	0	0	1	0	0	0	0	0	0	1	0	1	3	0	1	1	0	0	2	1	0	1	0	1	0	0	1	0	2	0	0	0	0	1	0	0	1	0	0	1
PF03837	RecT family	1	0	0	0	0	0	0	0	0	0	0	0	0	0	0	0	1	1	0	0	0	0	0	0	0	0	0	0	0	1	0	0	0	0	0	0	1	0	0	0	0	0
PF03099	Biotin/lipoate A/B protein ligase family	1	1	1	1	1	1	0	1	1	2	0	1	0	0	1	0	1	1	1	2	1	0	0	1	0	1	1	0	1	1	0	2	1	0	0	1	1	0	0	1	1	1
PF02237	Biotin protein ligase C terminal domain	1	0	0	1	1	1	0	1	1	1	0	1	0	0	1	0	1	0	0	1	1	0	0	1	0	1	0	0	0	1	0	1	0	0	0	0	1	0	0	0	0	1
PF13755	Sensor N-terminal transmembrane domain	1	0	0	0	1	1	0	0	0	0	0	1	1	1	1	0	1	0	0	0	1	1	0	1	0	0	0	0	0	0	0	0	0	0	0	0	0	0	0	0	0	0
PF00673	ribosomal L5P family C-terminus	1	1	1	1	1	1	1	1	1	0	1	0	0	1	1	1	1	1	1	0	1	1	1	1	1	1	1	1	1	1	1	1	1	1	1	1	1	1	1	1	1	1
PF00281	Ribosomal protein L5	1	1	1	1	1	1	1	1	1	0	1	0	0	1	1	1	1	1	1	0	1	1	1	1	1	1	1	1	1	1	1	1	1	1	1	1	1	1	1	1	1	1
PF14403	Circularly permuted ATP-grasp type 2	2	0	1	0	1	0	2	3	0	1	0	1	1	0	1	0	2	1	0	1	1	0	5	1	0	1	0	2	0	0	0	0	1	0	0	0	0	2	0	0	0	1
PF06305	Lipopolysaccharide assembly protein A domain	1	1	1	1	1	0	0	0	1	1	0	0	0	0	1	0	1	1	0	1	2	0	0	1	1	1	0	0	0	1	1	1	1	0	0	0	1	0	1	0	1	1
PF00977	Histidine biosynthesis protein	2	2	2	2	2	2	2	2	2	2	0	2	2	2	2	2	2	2	2	2	2	2	2	2	0	2	2	2	2	2	2	2	2	2	2	2	2	2	2	2	0	2
PF02348	Cytidylyltransferase	1	1	1	1	1	2	1	1	1	1	1	1	1	1	1	1	1	1	2	1	1	1	1	1	1	1	2	2	2	2	1	1	1	1	1	2	2	2	1	2	1	1
PF19029	DUF883 C-terminal glycine zipper region	1	0	0	0	0	0	0	0	0	0	0	0	0	0	0	0	1	0	0	0	0	0	0	0	1	1	0	0	0	0	0	0	0	0	0	0	0	0	0	0	0	1
PF01250	Ribosomal protein S6	1	1	1	1	1	1	1	1	1	1	1	1	0	1	1	1	1	1	1	0	1	1	1	1	1	1	1	1	1	1	1	1	1	1	1	1	1	1	1	1	1	1
PF00800	Prephenate dehydratase	1	1	1	1	1	1	3	1	1	1	1	1	1	0	1	0	1	1	1	1	1	0	1	1	1	1	1	1	1	2	1	1	1	0	0	1	2	1	1	1	1	1
PF06689	ClpX C4-type zinc finger	1	1	1	1	1	1	1	1	1	1	0	1	0	0	1	1	1	1	1	1	1	0	1	1	0	1	1	1	1	1	1	1	1	0	0	1	1	1	1	1	1	1
PF19353	Family of unknown function (DUF5930)	1	0	0	0	1	1	0	0	0	0	0	1	1	0	1	0	1	0	0	0	1	0	0	1	1	1	0	0	0	0	0	0	0	0	0	0	0	0	0	0	0	1
PF07244	Surface antigen variable number repeat	2	0	3	2	1	1	2	0	2	2	1	2	0	1	2	0	2	3	1	2	2	1	1	1	1	2	2	1	2	1	2	2	3	0	0	2	1	1	2	2	2	2
PF01103	Omp85 superfamily domain	2	0	3	2	2	1	2	0	2	2	1	4	1	2	3	1	2	3	1	2	3	2	1	2	1	2	3	1	2	2	2	4	3	0	0	2	2	1	2	3	3	2
PF01078	Magnesium chelatase, subunit ChlI	1	2	1	0	1	2	2	1	1	1	1	1	1	0	2	1	1	3	1	1	1	0	1	1	0	1	1	1	1	1	2	1	1	0	0	1	1	1	2	1	0	1
PF13335	Magnesium chelatase, subunit ChlI C-terminal	1	1	1	0	1	1	1	1	1	1	1	1	1	0	1	1	1	2	1	1	1	0	1	1	0	1	1	1	1	1	1	1	1	0	0	1	1	1	1	1	0	1
PF13541	Subunit ChlI of Mg-chelatase	2	1	2	1	2	2	2	2	2	2	1	2	2	1	2	2	2	3	2	3	2	1	2	2	1	2	2	2	2	2	2	2	2	1	1	2	2	2	2	2	1	2
PF06938	Domain of unknown function (DUF1285), N-terminal domain	1	0	1	1	1	1	0	1	1	1	0	1	1	1	1	1	1	1	0	1	1	1	1	1	0	1	0	1	0	1	1	1	1	1	1	0	1	1	1	0	1	1
PF21028	Protein of unknown function (DUF1285), C-terminal domain	1	0	1	1	1	1	0	1	0	1	0	1	1	1	1	1	1	1	0	1	1	1	1	1	0	1	0	1	0	1	1	1	1	1	1	0	1	1	1	0	1	1
PF04380	Membrane fusogenic activity	1	1	1	1	1	1	1	1	1	1	0	1	1	0	1	1	1	1	0	1	1	0	1	1	1	1	0	1	0	1	1	1	1	0	0	0	1	1	1	0	0	1
PF10609	NUBPL iron-transfer P-loop NTPase	1	1	2	1	1	1	1	2	1	1	1	1	1	1	2	3	1	2	1	1	2	1	2	1	1	1	1	2	1	2	2	1	2	0	0	1	2	2	2	1	1	1
PF07486	Cell Wall Hydrolase	1	1	0	0	1	1	0	0	0	0	0	1	1	0	1	0	1	0	0	0	1	0	0	1	2	2	0	0	0	0	0	0	0	0	0	0	0	0	0	0	0	2
PF02321	Outer membrane efflux protein	1	0	6	3	2	5	4	7	4	11	6	7	2	1	3	5	1	10	6	9	3	1	6	2	2	3	9	6	16	6	3	8	6	0	0	16	6	6	4	6	3	3
PF01041	DegT/DnrJ/EryC1/StrS aminotransferase family	5	2	2	2	2	1	0	0	0	2	3	1	1	0	2	1	2	2	2	4	2	0	0	2	2	1	5	3	5	4	1	2	2	0	0	5	4	3	1	5	2	1
PF14715	N-terminal domain of cytochrome oxidase-cbb3, FixP	1	0	1	1	1	1	1	1	1	1	1	1	0	0	1	0	1	1	1	1	1	0	0	1	1	0	1	1	1	1	1	1	1	0	0	1	1	1	1	1	1	0
PF00224	Pyruvate kinase, barrel domain	1	1	1	1	1	1	0	0	1	1	1	1	0	0	1	1	1	1	1	1	1	0	0	1	1	1	1	0	1	1	1	1	1	0	0	1	1	0	1	1	1	1
PF02887	Pyruvate kinase, alpha/beta domain	1	1	1	1	1	0	0	0	1	1	1	0	0	0	1	1	1	1	1	1	1	0	0	1	1	1	1	0	1	1	1	1	1	0	0	1	1	0	1	1	1	1
PF13286	Phosphohydrolase-associated domain	1	1	0	0	1	1	0	0	0	0	0	1	0	1	1	0	1	0	0	0	1	1	0	1	0	1	0	0	0	1	1	0	0	0	0	0	1	0	1	0	0	1
PF02660	Glycerol-3-phosphate acyltransferase	1	1	1	1	1	1	0	0	0	1	0	1	0	0	1	1	1	1	0	1	1	0	0	1	0	1	0	0	0	1	1	1	1	0	0	0	1	0	0	0	0	1
PF06470	SMC proteins Flexible Hinge Domain	1	0	0	0	0	0	1	1	0	1	0	0	0	0	0	0	1	0	0	1	0	0	1	0	0	0	0	1	0	0	0	1	0	0	0	0	0	1	0	0	0	0
PF00487	Fatty acid desaturase	2	3	5	14	3	5	11	9	2	4	1	1	2	3	6	2	2	5	1	4	6	3	8	4	0	3	2	9	2	4	2	11	5	2	2	2	4	9	3	2	3	2
PF08501	Shikimate dehydrogenase substrate binding domain	3	1	1	1	1	1	1	1	1	1	1	1	1	0	1	1	2	1	0	1	1	0	1	1	1	1	1	1	1	1	1	1	1	0	0	1	1	1	1	1	0	1
PF03705	CheR methyltransferase, all-alpha domain	2	0	2	2	0	1	1	3	0	2	0	0	0	0	0	2	2	2	0	2	0	0	4	0	0	3	0	3	0	2	2	2	2	0	0	0	2	3	2	0	1	3
PF01339	CheB methylesterase	2	0	2	3	0	0	2	3	1	2	0	0	0	1	0	1	2	3	0	2	0	1	4	0	0	2	0	3	0	2	2	2	2	0	0	0	2	3	4	0	1	2
PF01739	CheR methyltransferase, SAM binding domain	2	0	2	2	0	1	1	3	1	2	0	1	1	0	0	2	2	2	0	2	1	0	4	0	0	3	0	3	0	2	2	2	2	0	0	0	2	3	2	0	1	3
PF13292	1-deoxy-D-xylulose-5-phosphate synthase	1	2	1	1	1	1	1	1	1	1	1	1	1	0	2	1	1	1	1	2	1	0	1	1	2	1	1	1	1	1	1	1	1	0	0	1	1	1	1	1	1	1
PF01618	MotA/TolQ/ExbB proton channel family	1	1	9	4	2	6	10	12	4	4	2	5	4	3	3	7	1	9	2	4	3	3	10	3	2	3	3	13	2	7	7	4	9	2	2	2	7	13	7	3	6	3
PF00491	Arginase family	2	4	0	0	3	0	0	0	2	0	2	0	0	2	5	0	1	0	3	0	6	2	0	3	2	3	3	0	3	0	0	0	0	2	2	3	0	0	0	3	0	2
PF01018	GTP1/OBG	1	1	1	1	1	1	1	1	1	1	1	1	1	1	1	0	1	1	1	1	1	1	1	1	1	1	1	1	1	1	1	1	1	1	1	1	1	1	1	1	1	1
PF00390	Malic enzyme, N-terminal domain	2	1	1	1	2	1	1	1	1	1	0	1	1	0	2	2	2	1	0	1	1	0	1	2	2	2	1	1	1	2	2	1	1	0	0	1	2	1	2	1	1	2
PF01515	Phosphate acetyl/butaryl transferase	2	2	0	0	4	1	1	2	1	0	1	2	1	0	3	0	2	0	1	0	4	0	2	4	2	2	1	1	1	0	1	0	0	0	0	1	0	1	1	1	0	2
PF03949	Malic enzyme, NAD binding domain	2	1	1	1	2	1	1	1	1	1	1	1	1	0	2	2	2	1	0	1	1	0	1	2	2	2	1	1	1	2	2	1	1	0	0	1	2	1	2	1	1	2
PF10417	C-terminal domain of 1-Cys peroxiredoxin	1	0	3	2	1	1	1	2	0	1	0	1	1	0	1	0	1	3	0	1	1	0	2	1	1	0	1	1	2	0	2	2	3	0	0	2	0	1	2	1	1	0
PF00578	AhpC/TSA family	3	2	5	4	3	4	4	4	3	4	4	7	5	3	6	5	3	5	3	4	6	3	4	3	3	1	7	4	11	8	4	5	5	2	2	11	8	4	4	7	3	1
PF18073	Rubredoxin metal binding domain	1	1	2	2	1	1	2	1	2	2	1	1	1	1	1	1	1	2	1	3	1	1	2	1	1	1	1	2	1	2	2	2	2	1	1	1	2	2	2	1	2	1
PF02719	Polysaccharide biosynthesis protein	1	0	1	2	0	1	1	0	1	0	2	1	1	2	1	0	0	1	1	1	1	2	0	0	0	0	1	1	2	2	1	1	1	1	1	2	2	1	1	1	1	0
PF04893	Yip1 domain	1	0	1	0	1	0	1	1	4	0	0	0	0	0	1	0	1	1	0	0	1	0	1	1	0	1	0	1	0	2	2	0	1	0	0	0	2	1	2	0	0	1
PF01176	Translation initiation factor 1A / IF-1	1	1	1	1	1	1	1	1	1	1	0	1	1	1	1	0	1	1	1	1	1	1	1	1	1	1	1	1	1	1	1	1	1	1	1	1	1	1	1	1	1	1
PF05816	Toxic anion resistance protein (TelA)	1	0	0	0	1	0	1	1	0	0	0	0	0	0	1	0	1	0	0	0	1	0	1	1	0	1	0	1	0	0	0	0	0	0	0	0	0	1	0	0	0	1
PF01702	Queuine tRNA-ribosyltransferase	1	2	1	0	1	1	1	1	1	1	1	1	0	0	1	1	1	1	1	1	1	0	1	1	1	1	1	1	1	1	1	1	1	0	0	1	1	1	1	1	1	1
PF05035	2-keto-3-deoxy-galactonokinase	1	1	0	0	1	1	0	0	0	0	0	1	0	0	1	1	1	0	0	0	1	0	0	1	0	1	0	0	0	1	0	0	0	0	0	0	1	0	0	0	0	1
PF02882	Tetrahydrofolate dehydrogenase/cyclohydrolase, NAD(P)-binding domain	1	1	1	1	1	1	1	1	1	1	1	1	0	0	2	1	1	2	1	1	2	0	1	1	0	1	1	1	1	1	1	1	1	0	0	1	1	1	1	1	1	1
PF00763	Tetrahydrofolate dehydrogenase/cyclohydrolase, catalytic domain	1	1	1	1	1	1	1	1	1	1	1	1	0	0	1	1	1	1	1	1	1	0	1	1	0	1	1	1	1	1	1	1	1	0	0	1	1	1	1	1	1	1
PF03764	Elongation factor G, domain IV	1	1	1	1	1	0	0	1	2	1	1	0	0	2	1	1	0	1	1	1	1	1	1	1	0	1	1	0	1	2	1	1	1	1	1	1	2	0	1	1	1	1
PF14492	Elongation Factor G, domain III	1	1	1	1	1	0	0	1	2	1	1	0	0	2	1	1	0	1	1	1	1	1	1	1	0	1	1	0	1	2	1	1	1	1	1	1	2	0	1	1	1	1
PF03597	Cytochrome oxidase maturation protein cbb3-type	1	0	1	1	1	1	1	0	0	1	1	1	1	1	1	0	1	1	0	1	1	1	0	1	0	0	1	1	1	1	1	1	1	1	1	1	1	1	1	1	1	0
PF02628	Cytochrome oxidase assembly protein	1	0	1	1	1	1	0	0	1	1	2	1	1	1	1	0	1	1	0	1	1	1	0	1	2	1	1	0	1	1	1	1	1	0	0	1	1	0	1	1	0	1
PF09678	Cytochrome c oxidase caa3 assembly factor (Caa3_CtaG)	1	0	1	0	0	0	0	0	0	0	0	0	0	0	0	0	1	1	0	0	0	0	0	0	2	1	0	0	0	0	0	0	1	0	0	0	0	0	0	0	1	1
PF01244	Membrane dipeptidase (Peptidase family M19)	2	1	0	0	1	2	1	1	1	0	0	1	0	0	2	2	2	0	0	0	2	0	0	1	0	2	2	1	0	2	1	0	0	0	0	0	2	1	1	2	0	2
PF01272	Transcription elongation factor, GreA/GreB, C-term	1	1	2	3	1	1	4	2	2	4	2	1	1	1	2	1	1	2	1	3	1	1	1	1	1	1	1	3	2	2	2	4	2	1	1	2	2	3	2	1	1	1
PF03449	Transcription elongation factor, N-terminal	1	1	2	2	1	1	2	2	2	2	1	1	1	1	1	1	1	2	1	2	1	1	1	1	1	1	1	2	1	2	2	2	2	1	1	1	2	2	2	1	1	1
PF07578	Lipid A Biosynthesis N-terminal domain	1	0	0	0	0	0	0	0	0	0	0	0	0	0	0	0	1	0	0	0	0	0	0	0	0	0	1	0	1	0	0	0	0	0	0	1	0	0	0	1	0	0
PF02357	Transcription termination factor nusG	2	2	2	1	1	1	0	0	1	1	1	1	0	1	1	0	0	2	1	1	1	0	1	1	0	1	1	0	2	1	1	1	2	1	1	2	1	0	1	1	2	1
PF10399	Ubiquitinol-cytochrome C reductase Fe-S subunit TAT signal	1	1	1	1	1	1	1	1	1	2	0	1	1	1	1	1	1	2	0	2	1	1	1	1	1	1	0	1	0	1	1	1	1	1	1	0	1	1	1	0	1	1
PF00355	Rieske [2Fe-2S] domain	1	2	2	4	3	6	2	2	3	5	0	4	3	2	8	1	1	4	0	5	7	2	2	3	1	3	0	3	0	1	1	4	2	1	2	0	1	3	1	0	1	2
PF02852	Pyridine nucleotide-disulphide oxidoreductase, dimerisation domain	6	2	6	3	6	4	3	1	3	4	0	4	3	2	6	3	5	7	2	6	4	3	1	6	3	5	4	4	2	5	4	4	6	2	2	2	5	4	4	3	4	5
PF07291	Methylamine utilisation protein MauE	1	0	0	0	0	0	0	0	0	0	1	1	1	0	0	0	1	0	1	0	0	0	0	0	2	1	3	0	3	0	1	0	0	0	0	3	0	0	1	3	0	0
PF21088	Mechanosensitive ion channel, transmembrane helices 2/3	1	0	3	4	0	3	2	2	2	4	3	2	3	0	5	3	1	3	2	4	4	0	2	0	1	0	1	2	2	2	5	6	3	0	0	2	2	2	5	1	3	0
PF06271	RDD family	1	1	1	4	1	1	1	1	2	3	0	3	0	0	1	2	1	1	0	3	1	0	1	1	1	0	1	1	0	2	2	3	1	0	0	0	2	1	2	1	1	0
PF01118	Semialdehyde dehydrogenase, NAD binding domain	2	2	3	3	2	2	2	2	2	3	1	1	1	0	2	2	2	3	1	3	2	0	2	2	0	2	1	2	2	3	3	4	3	0	0	2	3	2	3	1	1	2
PF02774	Semialdehyde dehydrogenase, dimerisation domain	2	2	2	3	2	2	2	2	2	3	1	1	1	0	2	2	2	2	1	3	2	0	2	2	0	1	1	2	2	2	3	3	2	0	0	2	2	2	3	1	1	1
PF17769	Phosphoribosylaminoimidazole carboxylase C-terminal domain	1	0	1	1	1	1	1	0	1	1	1	1	1	0	1	1	1	1	1	1	1	0	0	1	0	1	1	0	1	1	1	1	1	0	0	1	1	0	1	1	1	1
PF02222	ATP-grasp domain	1	1	2	2	1	2	2	1	1	2	1	1	1	0	1	1	1	2	1	2	1	0	1	1	0	1	2	1	1	2	1	2	2	0	0	1	2	1	1	2	2	1
PF04940	Sensors of blue-light using FAD	1	0	1	0	2	2	0	0	0	0	0	1	1	0	0	0	1	1	0	0	0	0	0	2	0	2	3	1	2	0	1	0	1	0	0	2	0	1	2	3	1	2
PF01717	Cobalamin-independent synthase, Catalytic domain	1	1	1	0	0	0	1	1	1	1	0	0	0	0	1	0	1	1	0	1	1	0	1	0	0	0	0	1	0	0	0	1	1	0	0	0	0	1	1	0	1	0
PF00762	Ferrochelatase	1	1	1	1	1	1	1	1	1	1	1	1	1	0	1	1	1	1	1	1	1	0	1	1	1	1	1	1	1	1	1	1	1	0	0	1	1	1	1	1	1	1
PF05491	RuvB C-terminal winged helix domain	1	1	1	1	1	1	1	1	1	1	1	1	1	1	1	1	1	1	1	1	1	1	0	1	1	1	1	1	1	1	1	1	1	1	1	1	1	1	1	1	1	1
PF17864	RuvB AAA lid domain	1	1	1	1	1	1	1	1	1	1	1	1	1	1	1	1	1	1	1	1	1	1	0	1	1	1	1	1	1	1	1	1	1	1	1	1	1	1	1	1	1	1
PF05496	Holliday junction DNA helicase RuvB P-loop domain	1	1	1	1	1	1	1	1	1	1	1	1	1	1	2	1	1	1	1	1	3	1	0	1	1	1	1	1	1	1	1	1	1	1	1	1	1	1	1	1	1	1
PF09538	Protein of unknown function (FYDLN_acid)	1	1	0	0	1	1	0	0	0	0	0	1	1	1	1	0	1	0	0	0	2	1	0	1	0	1	0	0	0	0	0	0	0	1	1	0	0	0	0	0	0	1
PF00253	Ribosomal protein S14p/S29e	1	1	1	1	1	1	1	1	1	0	1	0	0	1	1	1	1	1	1	0	1	1	1	1	1	1	1	1	1	1	0	1	1	1	1	1	1	1	0	1	1	1
PF07835	Bacterial aa3 type cytochrome c oxidase subunit IV	1	1	0	0	1	0	0	0	0	0	0	1	1	0	1	0	1	0	0	0	1	0	0	1	0	1	0	0	0	0	0	0	0	0	0	0	0	0	0	0	0	1
PF01812	5-formyltetrahydrofolate cyclo-ligase family	1	0	1	1	1	1	0	1	1	1	0	1	0	0	1	1	1	1	1	1	1	0	2	1	1	1	1	1	1	1	1	1	1	0	0	1	1	1	1	1	0	1
PF00146	NADH dehydrogenase	1	1	2	0	1	1	0	0	0	1	0	1	0	1	1	0	1	2	0	1	1	1	0	1	3	1	0	0	0	0	0	0	2	1	1	0	0	0	0	0	2	1
PF03477	ATP cone domain	1	0	2	2	1	1	1	2	1	2	1	1	0	1	1	1	1	3	1	2	1	1	2	1	1	1	3	1	3	2	2	2	2	1	1	3	2	1	2	2	1	1
PF13242	HAD-hyrolase-like	2	1	1	1	1	2	1	1	1	1	0	3	2	0	3	2	1	1	1	1	2	0	1	1	1	1	1	1	1	2	2	1	1	0	0	1	2	1	2	1	0	1
PF13344	Haloacid dehalogenase-like hydrolase	2	1	1	1	1	1	0	0	1	0	0	2	1	0	2	0	1	1	0	0	1	0	0	1	1	1	0	0	0	0	0	0	1	0	0	0	0	0	0	0	0	1
PF03819	MazG nucleotide pyrophosphohydrolase domain	1	1	1	1	1	1	1	1	1	1	2	1	0	0	1	0	1	1	1	2	2	0	1	1	0	1	2	1	2	1	1	1	1	0	0	2	1	1	1	2	1	1
PF09836	Putative DNA-binding domain	1	0	2	1	1	0	1	1	1	1	0	0	0	1	1	0	1	2	0	1	1	2	1	1	0	1	0	1	0	1	1	1	2	0	0	0	1	1	0	0	2	1
PF07345	ATPase inhibitor subunit zeta	1	0	0	0	1	1	0	0	0	0	0	1	1	0	1	0	1	0	0	0	1	0	0	1	0	1	0	0	0	0	0	0	0	0	0	0	0	0	0	0	0	1
PF07972	NrdI Flavodoxin like	1	0	0	0	0	0	0	0	0	0	0	0	0	0	0	0	1	0	0	0	0	0	0	0	0	0	0	0	0	0	0	0	0	0	0	0	0	0	0	0	0	0
PF13801	Heavy-metal resistance	1	0	0	0	1	1	0	0	0	0	0	1	1	0	1	0	1	0	0	0	1	0	0	1	1	0	1	0	0	0	0	0	0	0	0	0	0	0	0	1	0	0
PF00670	S-adenosyl-L-homocysteine hydrolase, NAD binding domain	1	1	1	1	1	1	1	1	1	1	1	1	1	1	1	0	1	1	1	0	1	1	1	1	1	1	1	1	1	0	1	1	1	1	1	1	0	1	1	1	0	1
PF05221	S-adenosyl-L-homocysteine hydrolase	1	1	1	1	1	1	1	1	1	1	1	1	1	1	1	0	1	1	1	2	1	1	1	1	1	1	1	1	1	0	1	1	1	1	1	1	0	1	1	1	0	1
PF01252	Signal peptidase (SPase) II	1	1	3	2	1	2	1	1	1	1	0	1	2	1	1	0	1	2	1	2	1	1	1	1	2	1	1	2	2	1	1	3	2	1	1	2	1	2	1	1	2	1
PF01628	HrcA protein C terminal domain	1	1	0	0	1	1	0	0	0	1	0	1	1	1	1	0	1	0	0	1	1	1	0	1	1	1	0	0	0	0	0	1	0	1	1	0	0	0	0	0	0	1
PF11351	Holin of 3TMs, for gene-transfer release	1	0	0	0	1	0	0	0	0	0	0	0	0	0	1	0	1	0	0	0	1	0	0	1	0	0	0	1	0	1	0	0	0	0	0	0	1	1	0	0	0	0
PF10090	Histidine phosphotransferase C-terminal domain	1	1	0	0	1	1	0	0	0	0	0	1	1	1	1	0	1	0	0	0	1	1	0	1	0	1	0	0	0	0	0	0	0	1	1	0	0	0	0	0	0	1
PF13174	Tetratricopeptide repeat	1	1	3	3	1	1	0	2	1	1	3	1	1	0	0	1	1	3	3	1	0	0	1	1	0	1	4	1	6	3	2	2	3	0	0	6	3	1	2	4	3	1
PF12728	Helix-turn-helix domain	3	0	1	0	0	3	1	3	0	4	1	1	3	0	0	2	1	1	1	2	1	0	2	0	0	1	6	1	9	2	1	1	1	0	0	9	2	1	1	4	0	1
PF01098	Cell cycle protein	2	2	2	2	2	2	2	2	2	2	2	2	2	2	2	2	2	2	1	2	2	2	2	2	2	2	2	2	2	2	2	2	2	2	2	2	2	2	2	2	2	2
PF13476	AAA domain	2	1	0	3	0	0	1	0	0	2	0	0	0	0	0	0	1	0	2	1	0	0	0	0	1	1	1	1	0	1	1	1	0	0	0	0	1	1	1	0	0	1
PF00210	Ferritin-like domain	1	0	2	2	0	1	1	2	1	2	0	2	2	1	1	1	1	2	0	2	1	1	2	0	0	1	1	3	2	3	4	2	2	0	0	2	3	3	4	1	0	1
PF00731	AIR carboxylase	1	1	1	1	1	1	1	1	1	1	1	1	1	0	1	1	1	1	1	1	1	0	0	1	0	1	1	1	1	1	1	1	1	0	0	1	1	1	1	1	1	1
PF10002	Predicted membrane protein (DUF2243)	2	0	0	0	0	0	0	0	0	0	0	0	0	0	0	0	2	0	0	0	0	0	0	0	0	0	0	0	0	0	0	0	0	0	0	0	0	0	0	0	0	0
PF06693	Protein of unknown function (DUF1190)	1	0	0	0	0	0	0	0	0	0	0	0	0	0	0	1	1	0	0	0	0	0	0	0	0	1	0	0	0	1	1	0	0	0	0	0	1	0	1	0	0	1
PF11941	Domain of unknown function (DUF3459)	1	0	0	0	0	0	0	0	0	0	0	0	0	0	1	0	1	0	0	0	1	0	0	0	0	0	0	0	0	0	0	0	0	0	0	0	0	0	0	0	0	0
PF02881	SRP54-type protein, helical bundle domain	2	2	2	2	2	2	2	2	2	2	2	2	2	2	2	2	2	2	2	2	2	2	2	2	1	2	2	2	2	2	2	2	2	2	2	2	2	2	2	2	2	2
PF00448	SRP54-type protein, GTPase domain	2	2	3	2	2	3	3	3	2	2	2	2	3	2	2	3	2	3	2	2	2	2	3	2	1	2	2	3	2	3	3	2	3	2	2	2	3	3	3	2	3	2
PF02978	Signal peptide binding domain	1	1	1	1	1	1	1	1	1	1	1	1	1	1	1	1	1	1	1	1	1	1	1	1	0	1	1	1	1	1	1	1	1	1	1	1	1	1	1	1	1	1
PF03692	Putative zinc- or iron-chelating domain	1	1	1	0	1	1	2	3	1	1	2	1	1	0	1	1	1	1	2	1	1	0	3	1	0	1	1	1	1	2	1	1	1	0	0	1	2	1	1	1	1	1
PF00549	CoA-ligase	2	2	2	2	2	2	4	0	2	2	2	2	2	2	2	2	2	2	1	2	2	2	0	2	1	2	2	2	2	2	2	2	2	2	2	2	2	2	2	2	2	2
PF08442	ATP-grasp domain	1	1	1	1	1	1	2	0	1	1	1	1	1	1	1	1	1	1	0	1	1	1	0	1	0	1	1	1	1	1	1	1	1	1	1	1	1	1	1	1	1	1
PF00994	Probable molybdopterin binding domain	4	2	3	2	4	3	2	1	0	2	1	3	1	6	5	2	4	4	1	2	5	6	1	4	4	3	3	2	1	4	2	2	3	2	2	1	4	2	2	3	0	3
PF05401	Nodulation protein S (NodS)	1	0	0	0	0	0	0	0	0	0	0	0	0	0	0	0	1	0	0	0	0	0	0	0	0	1	0	0	0	0	0	0	0	0	0	0	0	0	0	0	0	1
PF01820	D-ala D-ala ligase N-terminus	1	1	1	1	1	1	1	1	1	1	1	0	0	0	1	1	1	1	1	1	1	0	1	1	0	1	1	1	1	1	1	1	1	0	0	1	1	1	1	1	1	1
PF07478	D-ala D-ala ligase C-terminus	1	2	1	1	1	1	1	1	1	1	1	1	1	0	1	1	1	1	1	1	1	0	1	1	0	1	1	1	2	1	1	1	1	0	0	2	1	1	1	1	1	1
PF00815	Histidinol dehydrogenase	1	3	1	1	4	1	1	1	2	1	0	1	1	0	4	1	1	1	1	1	4	0	1	4	3	1	1	1	1	1	1	2	1	0	0	1	1	1	1	1	1	1
PF07995	Glucose / Sorbosone dehydrogenase	1	0	3	1	1	1	0	1	1	1	1	2	1	0	1	2	1	3	1	1	1	0	1	1	1	3	2	0	1	2	3	1	3	1	1	1	2	0	3	2	2	3
PF01899	Na+/H+ ion antiporter subunit	1	0	1	2	1	1	1	1	1	1	0	1	0	1	1	1	1	1	0	1	1	1	1	1	2	2	0	1	0	2	1	1	1	0	0	0	2	1	1	0	1	2
PF20259	tRNA methyl transferase PRC-barrel domain	1	1	1	1	1	1	1	1	1	1	0	1	1	0	1	1	1	1	0	1	1	0	1	1	1	1	1	1	1	1	1	1	1	0	0	1	1	1	1	1	1	1
PF20258	Aminomethyltransferase beta-barrel domain	1	0	1	1	1	1	1	1	1	1	0	1	1	0	1	1	1	1	0	1	1	0	1	1	1	1	1	1	1	1	1	1	1	0	0	1	1	1	1	1	1	1
PF03411	Penicillin-insensitive murein endopeptidase	1	1	0	0	1	0	0	1	0	0	0	0	0	0	1	0	1	0	0	0	1	0	1	1	0	1	0	1	0	0	0	0	0	0	0	0	0	1	0	0	0	1
PF02601	Exonuclease VII, large subunit	1	1	1	1	1	1	0	1	1	1	0	1	1	0	1	1	1	1	0	1	1	0	1	1	0	1	0	1	0	1	1	1	1	0	0	0	1	1	1	0	1	1
PF13742	OB-fold nucleic acid binding domain	1	1	1	1	1	1	0	1	1	1	0	1	1	0	1	1	1	1	0	1	1	0	1	1	0	1	0	1	0	1	1	1	1	0	0	0	1	1	1	0	1	1
PF02801	Beta-ketoacyl synthase, C-terminal domain	3	2	3	3	3	2	1	2	5	3	4	2	2	2	3	1	3	4	4	2	3	2	1	3	4	4	3	2	1	2	2	3	3	1	1	1	2	2	2	3	2	3
PF00109	Beta-ketoacyl synthase, N-terminal domain	3	2	3	3	3	2	1	2	5	3	5	2	2	2	3	1	3	4	5	3	3	2	1	3	4	4	3	2	1	2	2	3	3	1	1	1	2	2	2	3	2	4
PF21352	Thioredoxin 2, N-terminal	1	0	0	0	1	0	1	1	1	0	0	1	0	1	0	1	1	0	0	0	0	1	1	1	0	0	0	1	0	1	0	0	0	1	1	0	1	1	0	0	0	0
PF04014	Antidote-toxin recognition MazE, bacterial antitoxin	1	0	0	0	0	0	0	0	1	1	0	0	1	0	0	0	1	0	0	0	0	0	0	0	0	0	0	0	0	0	0	1	0	0	0	0	0	0	0	0	0	0
PF13545	Crp-like helix-turn-helix domain	2	0	1	1	0	2	1	2	4	2	1	4	1	3	1	1	2	1	0	1	2	3	1	0	1	4	4	2	4	2	1	2	1	2	2	4	2	2	1	4	0	4
PF00027	Cyclic nucleotide-binding domain	2	0	3	8	0	4	6	4	5	9	2	5	1	6	8	2	2	4	2	9	8	6	3	0	1	5	7	8	10	3	3	9	3	4	4	10	3	8	3	7	1	5
PF08459	UvrC RNAse H endonuclease domain	1	1	1	1	1	1	1	1	1	1	1	1	0	1	1	0	1	1	1	1	1	1	1	1	0	1	1	1	1	1	1	1	1	0	0	1	1	1	1	1	1	1
PF01541	GIY-YIG catalytic domain	1	1	2	3	1	2	2	2	3	2	4	4	3	1	1	2	1	2	8	2	1	1	2	1	1	2	3	2	5	4	2	2	2	0	0	5	4	2	2	3	2	2
PF09835	Uncharacterized protein conserved in bacteria (DUF2062)	1	1	1	1	1	0	2	2	1	1	1	0	0	0	1	1	1	1	1	1	1	0	2	1	0	1	0	2	0	1	1	1	1	0	0	0	1	2	1	0	1	1
PF01914	MarC family integral membrane protein	1	1	1	0	1	1	2	1	2	0	2	1	1	1	2	1	1	1	2	0	1	1	2	1	2	1	1	2	4	1	1	0	1	1	1	4	1	2	1	1	0	1
PF04101	Glycosyltransferase family 28 C-terminal domain	1	1	2	1	1	1	1	2	1	1	1	1	1	1	6	1	1	2	2	1	4	1	2	1	1	2	2	1	2	1	2	1	2	0	0	2	1	1	3	2	1	2
PF03033	Glycosyltransferase family 28 N-terminal domain	1	1	1	1	1	1	1	1	1	1	1	1	1	1	1	1	1	1	1	1	1	1	1	1	1	1	1	1	1	1	1	1	1	0	0	1	1	1	1	1	1	1
PF00445	Ribonuclease T2 family	1	0	0	0	1	0	0	0	0	0	0	0	0	0	1	0	1	0	0	0	1	0	0	1	0	0	0	0	0	0	0	0	0	0	0	0	0	0	0	0	0	0
PF07681	DoxX	2	0	3	3	2	1	1	1	1	2	0	1	0	0	1	1	2	3	1	2	2	0	1	2	0	1	2	2	1	2	1	2	3	0	0	1	2	2	1	2	1	1
PF00338	Ribosomal protein S10p/S20e	1	0	1	1	1	1	1	1	1	1	1	1	1	1	1	1	1	1	1	1	1	1	1	1	0	1	1	1	1	1	1	1	1	1	1	1	1	1	1	1	1	1
PF13463	Winged helix DNA-binding domain	1	1	0	0	1	1	0	0	0	0	0	0	2	1	1	0	1	0	0	0	0	1	0	1	2	1	0	0	0	0	0	0	0	1	1	0	0	0	0	0	0	1
PF00909	Ammonium Transporter Family	1	2	2	3	2	2	1	2	1	3	0	2	1	2	3	1	1	2	0	3	2	2	2	2	2	1	1	1	1	1	1	3	2	2	2	1	1	1	1	1	0	1
PF07497	Rho termination factor, RNA-binding domain	1	1	1	1	1	1	1	1	0	1	1	1	1	1	0	1	1	1	1	1	1	1	1	1	1	1	1	1	1	1	1	1	1	1	1	1	1	1	1	1	0	1
PF07498	Rho termination factor, N-terminal domain	1	1	1	1	1	1	1	1	0	1	1	1	1	1	0	1	1	1	1	1	1	1	1	1	1	1	2	1	1	1	2	1	1	1	1	1	1	1	2	2	0	1
PF19303	Anticodon binding domain of methionyl tRNA ligase	1	1	1	1	1	1	0	1	1	1	1	1	1	0	1	1	1	1	1	1	1	0	1	1	1	0	1	1	1	1	1	1	1	0	0	1	1	1	1	1	1	0
PF01975	Survival protein SurE	1	1	2	0	1	1	0	1	0	0	0	1	1	0	1	1	1	2	1	0	1	0	1	1	1	1	1	0	1	1	0	0	2	0	0	1	1	0	0	1	1	1
PF00453	Ribosomal protein L20	1	1	1	1	1	1	2	0	1	1	1	2	1	1	1	0	1	1	1	1	1	1	0	1	0	1	1	1	1	1	1	1	1	1	1	1	1	1	1	1	1	1
PF19306	Helicase Lhr winged helix domain	1	0	0	0	0	1	0	0	0	0	0	1	1	0	1	1	1	0	0	0	1	0	0	0	1	1	1	0	0	1	1	0	0	0	0	0	1	0	1	1	0	1
PF08494	DEAD/H associated	1	0	0	0	0	1	0	0	0	0	0	1	1	0	1	1	1	0	0	0	1	0	0	0	1	1	1	0	0	1	1	0	0	0	0	0	1	0	1	1	0	1
PF00654	Voltage gated chloride channel	1	0	1	1	1	0	1	1	1	1	1	0	0	1	1	1	1	1	0	1	1	1	1	1	0	1	0	1	1	1	1	1	1	0	0	1	1	1	1	0	0	0
PF01923	Cobalamin adenosyltransferase	1	1	1	1	1	1	0	1	2	0	0	1	1	1	1	0	1	2	1	0	1	1	1	1	0	1	1	0	1	1	1	1	1	1	1	1	1	0	1	1	1	1
PF13020	Protein NO VEIN, C-terminal	1	0	1	0	0	0	0	0	0	0	0	0	0	0	0	0	1	1	0	0	0	0	0	0	0	0	1	0	0	0	0	0	1	0	0	0	0	0	0	0	1	0
PF20086	Family of unknown function (DUF6478)	1	0	0	0	1	0	0	0	0	0	0	0	0	1	1	0	1	0	0	0	1	1	0	1	0	1	0	0	0	0	0	0	0	0	0	0	0	0	0	0	0	1
PF00248	Aldo/keto reductase family	3	3	6	3	2	2	0	1	2	3	1	5	3	0	6	3	3	7	1	3	6	0	1	2	2	4	2	0	4	3	3	3	6	0	0	4	3	0	3	2	5	4
PF09917	Uncharacterized protein conserved in bacteria (DUF2147)	1	0	0	0	1	1	0	0	1	0	0	1	1	0	1	0	1	0	0	0	1	0	0	1	0	1	1	0	1	0	0	0	0	0	0	1	0	0	0	1	0	1
PF03009	Glycerophosphoryl diester phosphodiesterase family	1	1	3	3	1	2	4	2	2	2	0	3	2	1	2	0	1	3	0	2	3	1	2	1	2	1	0	4	2	2	2	2	3	1	1	2	2	4	2	0	3	1
PF02233	NAD(P) transhydrogenase beta subunit	1	2	1	1	1	1	0	1	0	1	0	1	0	1	1	0	1	1	0	1	1	1	1	1	0	1	0	0	0	0	1	1	1	1	1	0	0	0	1	0	0	1
PF10722	Putative bacterial sensory transduction regulator	1	1	0	1	1	1	0	0	0	1	0	2	1	1	1	0	1	0	0	1	1	1	0	1	1	1	1	0	0	0	0	1	0	1	1	0	0	0	0	1	0	1
PF00590	Tetrapyrrole (Corrin/Porphyrin) Methylases	2	3	2	1	2	2	1	2	2	2	2	3	2	4	9	2	2	3	2	2	9	4	2	2	7	7	1	2	2	3	4	2	2	1	1	2	3	2	4	1	2	7
PF10414	Sirohaem synthase dimerisation region	1	0	0	1	1	1	0	1	1	1	0	1	1	0	2	0	1	0	0	1	2	0	1	1	0	0	0	1	0	1	1	1	0	0	0	0	1	1	1	0	0	0
PF13241	Putative NAD(P)-binding	1	0	0	1	1	1	0	1	1	1	0	1	1	0	2	0	1	0	0	1	2	0	1	1	0	0	0	1	0	1	1	1	0	0	0	0	1	1	1	0	0	0
PF06559	2'-deoxycytidine 5'-triphosphate deaminase (DCD)	1	1	0	0	1	1	0	0	0	0	0	1	1	0	1	0	1	0	0	0	1	0	0	1	0	1	0	0	0	0	0	0	0	0	0	0	0	0	0	0	0	1
PF16123	Hydroxyacylglutathione hydrolase C-terminus	1	1	1	1	1	1	1	1	1	1	0	1	1	1	1	1	1	1	0	1	1	1	0	1	1	1	0	1	0	1	1	1	1	0	0	0	1	1	1	0	1	1
PF06240	Carbon monoxide dehydrogenase subunit G (CoxG)	2	0	0	0	1	0	0	0	0	0	0	0	0	0	3	0	3	0	0	0	2	0	0	1	2	0	0	0	0	0	0	0	0	0	0	0	0	0	0	0	0	0
PF12838	4Fe-4S dicluster domain	1	2	4	1	2	1	1	1	1	1	2	1	0	3	4	0	1	4	2	1	4	3	1	2	2	2	1	1	1	0	1	1	4	2	2	1	0	1	1	1	2	2
PF00899	ThiF family	2	1	2	1	1	1	1	1	1	1	1	1	2	0	2	2	2	2	2	1	2	0	2	1	2	2	1	3	0	3	3	1	2	0	0	0	3	3	3	1	1	2
PF00162	Phosphoglycerate kinase	1	2	1	1	1	1	0	1	1	1	1	1	1	0	1	1	1	1	1	1	1	0	1	1	1	0	1	1	1	1	1	1	1	0	0	1	1	1	1	1	0	0
PF02036	SCP-2 sterol transfer family	1	1	2	3	2	1	1	2	1	2	0	1	1	1	1	0	1	2	0	2	1	1	3	2	0	1	0	2	0	0	1	3	2	1	1	0	0	2	1	0	1	1
PF03652	Holliday junction resolvase	1	1	1	1	1	1	0	1	1	1	0	1	0	1	1	1	1	2	1	1	1	1	2	1	0	1	1	1	1	1	1	1	1	1	1	1	1	1	1	1	0	1
PF01645	Conserved region in glutamate synthase	2	1	2	2	2	3	2	1	2	2	0	2	2	0	4	2	2	2	0	2	4	0	1	2	0	1	2	2	2	2	2	2	2	0	0	2	2	2	2	1	2	1
PF18074	Primosomal protein N C-terminal domain	1	1	1	1	1	1	1	1	1	1	0	0	1	1	1	1	1	1	1	1	1	1	1	1	1	1	1	1	1	1	1	1	1	0	0	1	1	1	1	1	1	1
PF18319	PriA DNA helicase Cys-rich region (CRR) domain	1	1	1	1	1	0	1	1	0	1	1	0	0	0	1	1	1	1	1	1	1	0	1	1	1	1	1	1	1	1	1	1	1	0	0	1	1	1	1	1	1	1
PF17764	3'DNA-binding domain (3'BD)	1	1	1	1	1	1	1	1	1	1	1	0	1	1	1	0	1	1	1	1	1	1	1	1	0	1	1	1	1	1	1	1	1	0	0	1	1	1	1	1	1	1
PF20154	Apolipoprotein N-acyltransferase N-terminal domain	1	2	1	1	1	1	1	1	1	1	0	1	1	0	1	0	1	1	0	1	1	0	1	1	2	1	1	1	0	1	1	1	1	0	0	0	1	1	1	1	1	1
PF21274	Aromatic-ring hydroxylase, C-terminal	1	0	0	1	0	0	0	0	0	0	0	0	0	1	1	0	1	0	0	0	1	1	0	0	0	0	0	0	0	0	0	1	0	0	0	0	0	0	0	0	0	0
PF01493	GXGXG motif	1	1	1	1	1	1	1	0	1	1	0	1	1	0	2	1	1	1	0	1	1	0	0	1	0	1	0	1	1	1	1	1	1	0	0	1	1	1	1	0	1	1
PF00310	Glutamine amidotransferases class-II	1	1	1	1	1	1	1	0	1	1	0	1	1	0	1	1	1	1	0	1	1	0	0	1	0	1	0	1	1	1	1	1	1	0	0	1	1	1	1	0	1	1
PF04898	Glutamate synthase central domain	1	1	1	1	1	1	1	0	1	1	0	1	1	0	1	1	1	1	0	1	1	0	0	1	0	1	0	1	1	1	1	1	1	0	0	1	1	1	1	0	1	1
PF11010	Protein of unknown function (DUF2848)	1	0	0	0	0	0	0	0	0	0	0	0	0	0	0	0	1	0	0	0	0	0	0	0	0	0	0	0	0	0	0	0	0	0	0	0	0	0	0	0	0	0
PF06532	Negative regulator of sigma F	1	0	0	0	0	0	0	0	0	0	0	0	0	0	0	0	1	0	0	0	0	0	0	0	0	1	0	0	0	0	0	0	0	0	0	0	0	0	0	0	0	1
PF08755	Hemimethylated DNA-binding protein YccV like	1	1	0	0	1	1	0	0	0	0	0	1	0	1	1	0	1	0	0	0	1	1	0	1	0	1	0	0	0	0	0	0	0	1	1	0	0	0	0	0	0	1
PF07509	Protein of unknown function (DUF1523)	1	0	0	0	1	0	0	0	0	0	0	0	0	0	1	0	1	0	0	0	1	0	0	1	0	1	0	0	0	0	0	0	0	0	0	0	0	0	0	0	0	1
PF02673	Bacitracin resistance protein BacA	1	1	1	1	1	1	1	1	1	1	1	1	1	1	1	1	1	1	1	2	1	1	1	1	1	1	1	1	1	1	2	1	1	0	0	1	1	1	1	1	1	2
PF13350	Tyrosine phosphatase family	1	0	0	1	0	1	0	0	0	0	0	1	1	0	1	0	1	0	0	0	0	0	0	0	0	0	0	0	0	0	0	1	0	0	0	0	0	0	0	0	0	0
PF19315	Mesaconyl-CoA hydratase	1	1	0	0	1	1	0	0	0	0	0	1	1	0	1	0	1	0	0	0	1	0	0	1	0	1	0	0	0	0	0	0	0	0	0	0	0	0	0	0	0	1
PF11700	Vacuole effluxer Atg22 like	1	2	1	0	1	2	0	0	0	0	1	1	1	1	1	0	1	1	1	0	1	1	0	1	0	1	1	0	1	0	0	0	1	1	1	1	0	0	0	1	0	1
PF13433	Periplasmic binding protein domain	1	0	1	1	0	0	3	3	0	2	0	0	0	1	1	0	1	1	0	2	2	1	3	0	0	1	0	3	0	0	0	0	1	1	1	0	0	3	0	0	0	1
PF19360	TadB/TadC N-terminal domain	1	0	0	0	1	0	0	0	0	0	0	0	0	1	1	0	1	0	0	0	1	1	0	1	1	0	0	0	0	0	0	0	0	1	1	0	0	0	0	0	0	0
PF04679	ATP dependent DNA ligase C terminal region	2	0	0	0	0	1	0	0	0	0	0	1	1	0	1	1	2	0	0	0	1	0	0	0	1	2	1	0	0	1	1	0	0	0	0	0	1	0	1	1	0	2
PF01068	ATP dependent DNA ligase domain	2	0	1	1	0	1	0	0	0	0	0	1	1	0	1	1	2	1	0	0	1	0	0	0	1	2	1	0	0	2	2	0	1	0	0	0	2	0	2	1	1	2
PF04675	DNA ligase N terminus	1	0	0	0	0	1	0	0	0	0	0	1	1	0	1	1	1	0	0	0	1	0	0	0	0	0	1	0	0	1	0	0	0	0	0	0	1	0	0	1	0	0
PF04085	rod shape-determining protein MreC	1	1	1	1	1	1	1	1	1	1	1	1	1	0	1	1	1	1	1	1	1	0	1	1	0	1	1	1	1	1	1	1	1	0	0	1	1	1	1	1	1	1
PF02470	MlaD protein	1	1	2	1	1	2	1	1	0	2	0	2	1	1	2	2	0	2	0	2	2	1	1	1	0	2	1	1	1	2	2	2	2	0	0	1	2	1	2	1	2	2
PF19849	Family of unknown function (DUF6324)	1	1	0	0	1	0	0	0	0	0	0	0	0	1	1	0	1	0	0	0	1	1	0	1	0	1	0	0	0	0	0	0	0	1	1	0	0	0	0	0	0	1
PF02517	Type II CAAX prenyl endopeptidase Rce1-like	1	0	1	0	2	1	1	1	0	0	0	0	0	1	1	1	1	1	1	0	1	1	0	2	1	2	8	1	4	4	0	0	1	0	0	4	4	1	0	8	1	1
PF20082	Family of unknown function (DUF6476)	1	0	0	0	1	0	0	0	0	0	0	0	0	1	1	0	1	0	0	0	0	1	0	1	0	1	0	0	0	0	0	0	0	1	1	0	0	0	0	0	0	1
PF09527	Putative F0F1-ATPase subunit Ca2+/Mg2+ transporter	1	0	0	0	1	1	0	0	0	0	1	1	1	1	1	0	1	0	1	0	1	1	0	1	1	1	1	0	1	0	0	0	0	1	1	1	0	0	0	1	0	1
PF03883	Peroxide stress protein YaaA	1	1	1	1	1	0	1	1	1	1	1	0	0	1	1	1	1	1	0	1	1	1	0	1	0	0	1	1	1	1	1	1	1	0	0	1	1	1	1	1	1	0
PF02230	Phospholipase/Carboxylesterase	1	1	1	1	1	0	0	0	0	1	1	0	0	1	2	1	1	1	1	1	2	1	0	1	1	1	2	0	2	1	1	1	1	1	1	2	1	0	1	2	1	1
PF01547	Bacterial extracellular solute-binding protein	6	4	5	0	1	0	0	0	1	0	0	0	0	0	10	0	6	5	0	0	10	0	0	1	1	5	0	0	0	0	1	0	5	0	0	0	0	0	1	0	3	4
PF01921	tRNA synthetases class I (K)	1	1	0	0	1	1	0	0	0	0	0	1	0	0	1	0	1	0	0	0	1	0	0	1	0	1	0	0	0	0	0	0	0	0	0	0	0	0	0	0	0	1
PF04883	Bacteriophage HK97-gp10, putative tail-component	1	0	0	0	0	0	0	0	0	0	0	1	0	1	0	0	1	0	0	0	0	1	0	0	1	1	0	0	0	0	0	0	0	0	0	0	0	0	0	0	0	1
PF13602	Zinc-binding dehydrogenase	1	0	1	3	0	0	0	0	0	4	0	0	0	1	0	0	1	2	0	4	0	1	0	0	1	0	0	0	3	1	1	4	1	0	0	3	1	0	1	0	0	0
PF13360	PQQ-like domain	2	1	4	1	1	2	1	1	2	1	0	4	2	1	1	1	2	4	0	1	1	1	1	1	1	3	1	1	0	1	1	1	4	1	1	0	1	1	1	1	2	3
PF02075	Crossover junction endodeoxyribonuclease RuvC	1	1	1	1	1	1	1	0	1	1	1	1	1	1	1	0	1	1	1	1	2	1	0	1	1	1	0	1	1	1	1	1	1	1	1	1	1	1	1	0	1	1
PF01026	TatD related DNase	1	2	2	2	1	1	2	2	3	2	1	1	0	1	1	1	1	3	2	2	1	1	2	1	1	1	1	2	1	3	3	2	2	1	1	1	3	2	3	1	1	1
PF13023	HD domain	1	0	0	0	1	0	0	0	0	0	0	0	0	1	0	0	1	0	0	0	0	1	0	1	0	1	0	0	0	0	1	0	0	0	0	0	0	0	1	0	0	1
PF07219	HemY protein N-terminus	1	0	1	1	1	1	1	1	1	1	0	1	0	0	1	1	1	1	0	1	1	1	2	1	0	1	0	1	0	1	1	1	1	0	0	0	1	1	1	0	0	1
PF00623	RNA polymerase Rpb1, domain 2	1	0	1	1	1	1	0	0	1	1	1	0	0	1	1	1	0	1	1	1	1	0	1	1	0	1	1	0	1	1	0	1	1	1	1	1	1	0	1	1	1	1
PF05000	RNA polymerase Rpb1, domain 4	1	1	1	1	1	0	0	0	1	1	1	0	0	1	1	3	0	1	1	1	1	0	1	1	0	1	1	0	1	1	0	1	1	1	1	1	1	0	1	1	1	1
PF04998	RNA polymerase Rpb1, domain 5	1	1	1	1	1	0	0	0	1	1	1	0	0	1	1	3	0	1	1	1	1	0	1	1	0	1	1	0	1	1	0	1	1	1	1	1	1	0	1	1	1	1
PF04983	RNA polymerase Rpb1, domain 3	1	1	1	1	1	1	0	0	1	1	1	0	0	1	1	2	0	1	1	1	1	0	1	1	0	1	1	0	1	1	0	1	1	1	1	1	1	0	1	1	1	1
PF04997	RNA polymerase Rpb1, domain 1	1	0	1	1	1	1	0	0	1	1	1	0	0	1	1	2	0	1	1	1	1	0	1	1	0	1	1	0	1	1	0	1	1	1	1	1	1	0	1	1	1	1
PF11967	Recombination protein O N terminal	1	1	1	1	1	1	0	0	1	1	1	1	1	0	1	1	1	1	1	1	1	0	0	1	0	1	1	0	1	1	1	1	1	0	0	1	1	0	1	1	1	1
PF02565	Recombination protein O C terminal	1	1	1	1	1	1	1	1	1	1	1	1	1	0	1	1	1	1	1	1	1	0	1	1	0	1	1	1	1	1	1	1	1	0	0	1	1	1	1	1	1	1
PF00091	Tubulin/FtsZ family, GTPase domain	1	1	1	1	1	1	0	1	1	0	1	1	1	0	1	2	1	1	1	0	1	0	1	1	0	1	1	0	1	1	2	1	1	0	0	1	1	0	2	1	1	1
PF12327	FtsZ family, C-terminal domain	1	1	1	1	1	1	0	1	1	0	1	1	1	0	1	2	1	1	1	0	1	0	1	1	0	1	1	0	1	1	2	1	1	0	0	1	1	0	2	1	1	1
PF00484	Carbonic anhydrase	1	2	1	1	1	2	1	1	1	1	2	1	1	1	1	2	1	1	2	1	1	1	1	1	0	1	3	1	2	2	1	1	1	1	1	2	2	1	1	2	1	1
PF03313	Serine dehydratase alpha chain	1	1	1	0	1	1	0	0	1	0	1	1	0	1	1	1	1	1	1	0	1	1	0	1	0	1	1	0	1	1	1	0	1	1	1	1	1	0	1	1	1	1
PF03315	Serine dehydratase beta chain	1	1	1	0	1	1	0	0	1	0	1	1	0	1	1	1	1	1	1	0	1	1	0	1	0	1	1	0	1	1	1	0	1	1	1	1	1	0	1	1	1	1
PF13501	Sulfur oxidation protein SoxY	1	1	0	0	1	1	0	0	0	0	0	0	0	1	1	0	1	0	0	0	0	1	0	1	0	1	0	0	0	0	0	0	0	1	1	0	0	0	0	0	0	1
PF09343	Conserved hypothetical protein 2217 (DUF2460)	1	0	0	0	1	0	0	0	0	0	0	1	0	1	1	0	1	0	0	0	1	1	0	1	0	1	0	0	0	0	0	0	0	0	0	0	0	0	0	0	0	1
PF07943	Penicillin-binding protein 5, C-terminal domain	1	1	1	1	1	1	1	1	1	1	0	1	0	1	1	1	1	1	0	1	1	1	1	1	1	1	0	1	0	1	1	1	1	1	1	0	1	1	1	0	1	1
PF00989	PAS fold	3	2	9	6	0	2	10	8	2	7	1	5	2	5	3	3	3	9	1	7	1	5	7	0	4	2	2	9	2	3	5	6	9	3	3	2	3	9	5	2	6	2
PF01627	Hpt domain	2	0	5	4	1	1	8	7	4	3	0	5	2	1	2	7	2	6	0	3	2	1	7	1	0	2	2	8	0	12	8	3	5	1	1	0	12	8	8	2	2	2
PF13517	FG-GAP-like repeat	1	0	0	2	1	0	1	1	0	0	1	2	0	0	2	0	1	0	1	0	2	0	1	1	1	0	6	2	2	1	0	0	0	0	0	2	1	2	0	6	0	0
PF02618	YceG-like family	1	1	1	1	1	1	1	1	1	1	1	1	0	0	1	0	1	1	1	1	1	0	1	1	0	1	1	1	1	1	1	1	1	0	0	1	1	1	1	1	1	1
PF05751	FixH	1	0	1	1	1	1	1	1	1	1	1	1	0	0	1	0	1	1	1	1	1	0	0	1	1	0	1	1	1	1	1	1	1	0	0	1	1	1	1	1	1	0
PF14602	Hexapeptide repeat of succinyl-transferase	2	2	1	1	1	2	3	3	4	2	0	3	2	0	1	1	2	1	1	2	1	0	3	1	1	2	3	2	1	3	3	2	1	0	0	1	3	2	3	3	1	2
PF14805	Tetrahydrodipicolinate N-succinyltransferase N-terminal	1	1	0	0	1	1	0	0	0	0	0	1	1	0	1	1	1	0	1	0	1	0	0	1	1	1	1	0	1	1	1	0	0	0	0	1	1	0	1	1	0	1
PF17770	Ribonuclease J C-terminal domain	1	0	0	0	1	1	0	0	0	0	0	1	0	0	1	0	1	0	0	0	1	0	0	1	1	1	0	0	0	0	0	0	0	0	0	0	0	0	0	0	0	1
PF02545	Maf-like protein	2	2	2	2	2	2	1	1	2	2	1	2	1	0	1	1	2	2	1	2	2	0	1	2	2	1	1	2	1	2	2	2	2	0	0	1	2	2	2	1	2	1
PF01106	NifU-like domain	1	1	1	1	1	1	1	1	1	1	1	1	1	1	1	1	1	1	2	1	1	1	1	1	1	1	2	1	2	1	1	1	1	1	1	2	1	1	1	2	1	1
PF08712	Scaffold protein Nfu/NifU N terminal	1	0	0	0	1	1	0	0	0	0	0	1	1	1	1	0	1	0	1	0	1	1	0	1	0	1	1	0	1	0	0	0	0	1	1	1	0	0	0	1	0	1
PF04228	Putative neutral zinc metallopeptidase	1	0	0	0	1	0	0	0	0	0	1	1	1	0	0	0	1	0	1	0	0	0	0	1	1	1	0	0	0	0	0	0	0	0	0	0	0	0	0	0	0	1
PF02894	Oxidoreductase family, C-terminal alpha/beta domain	1	5	1	0	0	3	0	0	0	0	0	2	2	0	12	1	1	1	1	0	11	0	0	0	0	5	3	0	0	1	1	0	1	0	0	0	1	0	1	3	1	3
PF00285	Citrate synthase, C-terminal domain	1	0	1	2	2	3	3	0	2	2	1	1	1	1	2	2	1	1	1	2	2	1	0	2	1	1	1	2	1	2	2	2	1	1	1	1	2	2	2	1	1	1
PF02403	Seryl-tRNA synthetase N-terminal domain	1	1	1	1	1	1	0	1	1	1	1	1	1	1	1	0	1	1	1	1	1	1	1	1	0	1	1	1	1	1	1	1	1	1	1	1	1	1	1	1	1	1
PF00394	Multicopper oxidase	1	0	2	1	1	1	0	0	0	3	0	1	0	1	1	1	1	2	0	4	2	2	0	1	1	0	1	1	1	1	0	1	2	1	1	1	1	1	1	0	1	0
PF01513	ATP-NAD kinase N-terminal domain	1	1	1	2	1	1	3	1	2	2	0	1	0	1	1	2	1	1	0	2	1	1	1	1	0	1	1	2	1	2	2	2	1	1	1	1	2	2	2	1	1	1
PF20143	ATP-NAD kinase C-terminal domain	1	1	1	2	1	1	3	1	2	2	0	1	0	1	1	2	1	1	0	2	1	1	1	1	0	1	1	2	1	2	2	2	1	1	1	1	2	2	2	1	1	1
PF05161	MOFRL family	1	1	1	0	1	0	0	0	0	0	0	0	0	0	1	0	1	1	0	0	1	0	0	1	0	1	0	0	0	0	0	0	1	0	0	0	0	0	0	0	0	1
PF13660	Domain of unknown function (DUF4147)	1	1	1	0	1	0	0	0	0	0	0	0	0	0	1	0	1	1	0	0	1	0	0	1	0	1	0	0	0	0	0	0	1	0	0	0	0	0	0	0	0	1
PF02436	Conserved carboxylase domain	1	1	2	0	1	0	2	2	1	1	0	0	0	1	1	1	1	3	0	1	1	1	2	1	0	1	0	2	0	1	1	1	2	0	0	0	1	2	1	0	2	1
PF06620	Protein of unknown function (DUF1150)	1	1	0	0	1	1	0	0	0	0	0	1	1	1	1	0	1	0	0	0	1	1	0	1	0	1	0	0	0	0	0	0	0	1	1	0	0	0	0	0	0	1
PF00411	Ribosomal protein S11	1	1	1	1	1	1	1	1	1	0	0	1	1	1	1	2	1	1	1	0	1	1	1	1	0	1	1	1	1	1	0	1	1	1	1	1	1	1	0	1	1	1
PF02666	Phosphatidylserine decarboxylase	1	0	1	1	2	1	1	2	1	1	0	1	1	0	0	0	0	1	1	1	0	0	2	2	0	0	1	1	1	1	1	1	1	0	0	1	1	1	2	1	1	0
PF02896	PEP-utilising enzyme, PEP-binding domain	2	1	3	2	2	2	1	1	2	2	0	2	2	1	2	1	2	4	0	2	2	1	2	2	3	2	0	2	0	2	2	2	3	1	1	0	2	2	2	0	2	2
PF00391	PEP-utilising enzyme, mobile domain	2	1	4	3	2	2	1	1	2	3	0	2	2	2	2	1	2	5	0	3	2	2	2	2	3	2	0	2	0	2	2	3	4	1	1	0	2	2	2	0	3	2
PF05524	PEP-utilising enzyme, N-terminal	1	0	2	1	1	1	0	1	1	1	0	1	1	0	1	1	1	2	0	1	1	0	2	1	1	1	0	1	0	1	1	1	2	0	0	0	1	1	1	0	1	1
PF14145	YrhK-like protein	1	0	1	0	0	0	0	0	0	1	0	0	0	0	0	0	1	1	0	1	1	0	0	0	0	0	0	0	0	0	0	1	1	0	0	0	0	0	0	0	1	0
PF00464	Serine hydroxymethyltransferase	1	1	1	1	2	1	1	1	1	1	0	1	0	0	1	1	1	1	1	1	1	0	1	2	0	1	1	1	1	1	1	1	1	0	0	1	1	1	1	1	1	1
PF01595	Cyclin M transmembrane N-terminal domain	1	0	1	2	1	1	3	1	2	2	4	1	1	1	1	2	1	1	2	2	1	1	1	1	1	2	3	3	3	2	2	2	1	1	1	3	2	3	2	3	1	2
PF03471	Transporter associated domain	2	1	3	2	2	2	3	2	2	2	2	2	2	1	2	1	2	3	3	2	2	1	2	2	2	3	2	3	2	2	2	2	3	1	1	2	2	3	2	2	2	3
PF01148	Cytidylyltransferase family	1	1	1	1	1	1	2	0	1	1	0	1	0	0	1	1	1	1	1	1	1	0	1	1	1	1	1	1	1	1	1	1	1	0	0	1	1	1	1	1	1	1
PF00551	Formyl transferase	4	2	3	3	3	4	3	2	2	3	1	3	2	2	2	2	3	3	2	3	2	2	2	3	1	4	2	4	3	4	4	3	3	0	0	3	4	4	4	2	2	3
PF02911	Formyl transferase, C-terminal domain	2	1	1	1	1	1	0	1	2	1	0	1	1	1	1	1	1	1	1	1	1	1	1	1	1	1	1	1	1	1	1	1	1	0	0	1	1	1	1	1	0	1
PF02735	Ku70/Ku80 beta-barrel domain	1	0	0	0	0	0	0	0	0	0	0	1	0	0	0	0	1	0	0	0	0	0	0	0	1	1	0	0	0	0	0	0	0	0	0	0	0	0	0	0	0	1
PF01218	Coproporphyrinogen III oxidase	1	1	1	1	1	1	0	1	1	1	1	1	1	0	1	1	1	1	2	1	1	0	1	1	1	1	1	1	1	1	1	1	1	0	0	1	1	1	1	1	0	1
PF00999	Sodium/hydrogen exchanger family	2	0	4	4	1	2	6	5	3	5	1	4	4	2	2	3	2	5	1	6	2	2	5	1	1	2	2	6	3	5	5	4	4	1	1	3	5	6	5	2	1	1
PF09994	Uncharacterized alpha/beta hydrolase domain (DUF2235)	2	1	2	0	1	0	0	0	1	0	0	0	0	0	2	0	2	2	0	0	2	0	0	1	0	1	0	0	0	0	0	0	2	0	0	0	0	0	0	0	0	1
PF03719	Ribosomal protein S5, C-terminal domain	1	1	1	1	1	1	1	1	0	0	1	0	1	1	1	1	1	1	1	0	1	1	1	1	1	1	1	1	1	1	0	1	1	1	1	1	1	1	0	1	1	1
PF00333	Ribosomal protein S5, N-terminal domain	1	1	1	1	1	1	1	1	0	0	1	0	1	1	1	1	1	1	1	0	1	1	1	1	1	1	1	1	1	1	0	1	1	1	1	1	1	1	0	1	1	1
PF01019	Gamma-glutamyltranspeptidase	2	1	1	1	2	2	1	1	2	1	0	2	2	0	4	3	2	1	0	0	4	0	1	2	1	5	1	1	1	3	4	1	1	0	0	1	3	1	4	1	1	2
PF04267	Sarcosine oxidase, delta subunit family	1	1	0	0	2	0	0	0	0	0	0	0	0	1	3	0	1	0	0	0	3	1	0	2	2	1	0	0	0	0	0	0	0	1	1	0	0	0	0	0	0	1
PF12787	EcsC protein family	1	0	0	0	1	0	0	0	0	0	0	0	0	0	1	0	1	0	0	0	1	0	0	1	1	2	0	0	0	0	0	0	0	0	0	0	0	0	0	0	0	2
PF02706	Chain length determinant protein	2	0	2	1	0	1	2	1	1	1	1	1	0	0	0	0	1	3	0	2	0	0	2	0	0	0	1	2	1	2	2	1	2	0	0	1	2	2	1	1	2	0
PF13807	G-rich domain on putative tyrosine kinase	2	0	2	1	0	0	0	1	1	1	2	1	0	0	0	0	1	3	2	2	0	0	1	0	0	0	1	2	1	2	1	1	2	0	0	1	2	2	0	1	2	0
PF09374	Predicted Peptidoglycan domain	1	0	0	0	1	0	0	0	0	0	0	0	0	0	1	0	1	0	0	0	1	0	0	1	0	1	0	1	0	0	0	0	0	0	0	0	0	1	0	0	0	1
PF05838	Glycosyl hydrolase 108	1	0	0	0	1	0	0	0	0	0	0	0	0	0	1	0	1	0	0	0	1	0	0	1	0	1	0	1	0	0	0	0	0	0	0	0	0	1	0	0	0	1
PF08543	Phosphomethylpyrimidine kinase	1	0	1	1	0	1	1	0	0	1	1	1	1	1	2	0	1	1	1	1	2	1	0	0	1	1	0	1	1	0	1	1	1	0	0	1	0	1	1	0	0	1
PF02560	Cyanate lyase C-terminal domain	1	0	0	0	0	0	1	1	0	0	0	0	0	0	0	0	1	0	0	0	0	0	2	0	0	1	0	1	0	0	0	0	0	0	0	0	0	1	0	0	0	1
PF21291	Cyanate hydratase, N-terminal	1	0	0	0	0	0	1	1	0	0	0	0	0	0	0	0	1	0	0	0	0	0	2	0	0	0	0	1	0	0	0	0	0	0	0	0	0	1	0	0	0	0
PF01416	tRNA pseudouridine synthase	1	1	0	1	1	1	1	1	1	1	0	1	1	0	1	1	1	1	0	1	1	0	1	1	1	1	2	1	2	1	1	1	0	0	0	2	1	1	1	2	1	1
PF04248	Domain of unknown function (DUF427)	1	1	0	0	1	1	0	0	0	0	0	0	0	2	1	0	1	0	0	0	1	2	0	1	0	0	1	0	0	0	0	0	0	1	1	0	0	0	0	1	0	0
PF13533	Biotin-lipoyl like	1	0	3	1	3	3	0	4	4	2	1	2	1	3	4	4	1	3	1	2	4	3	4	3	1	1	1	0	1	5	3	2	3	2	2	1	5	0	3	1	2	1
PF00881	Nitroreductase family	1	0	6	3	3	6	1	2	3	3	1	5	3	5	4	2	1	7	0	3	4	5	2	3	3	2	3	2	4	3	4	3	6	5	5	4	3	2	4	3	4	2
PF12903	Protein of unknown function (DUF3830)	1	0	0	0	0	0	0	0	0	0	0	0	0	0	0	0	1	0	0	0	0	0	0	0	0	0	0	0	0	0	0	0	0	0	0	0	0	0	0	0	0	0
PF16326	ABC transporter C-terminal domain	1	1	2	1	1	1	0	1	2	1	0	1	1	1	1	0	1	2	1	1	1	1	1	1	0	1	1	1	1	1	1	1	2	1	1	1	1	1	1	1	1	1
PF01028	Eukaryotic DNA topoisomerase I, catalytic core	1	0	0	0	0	0	0	0	0	0	0	1	1	0	0	0	1	0	0	0	0	0	0	0	0	1	1	0	1	0	0	0	0	0	0	1	0	0	0	1	0	1
PF21338	Bacterial DNA topoisomerase IB, N-terminal domain	1	0	0	0	0	0	0	0	0	0	0	1	1	0	0	0	1	0	0	0	0	0	0	0	0	1	1	0	1	0	0	0	0	0	0	1	0	0	0	1	0	1
PF03976	Polyphosphate kinase 2 (PPK2)	1	0	0	1	1	1	0	1	0	1	1	1	0	3	2	1	1	0	1	1	2	3	1	2	1	2	3	0	1	1	1	0	0	3	3	1	1	0	1	3	0	2
PF10670	Domain of unknown function (DUF4198)	1	1	0	1	0	2	0	0	0	1	0	2	0	1	1	1	1	0	0	1	1	1	0	0	1	0	1	0	0	1	1	1	0	1	1	0	1	0	1	1	0	0
PF03749	Sugar fermentation stimulation protein RE domain	1	1	1	1	1	0	1	1	1	1	0	0	0	0	1	1	1	1	0	1	1	0	1	1	1	0	0	1	0	1	1	1	1	0	0	0	1	1	1	0	0	0
PF17746	SfsA N-terminal OB domain	1	1	1	1	1	0	1	1	1	1	0	0	0	0	1	0	1	1	0	1	1	0	1	1	0	0	0	1	0	1	1	1	1	0	0	0	1	1	1	0	0	0
PF13183	4Fe-4S dicluster domain	1	1	3	1	2	0	1	0	1	1	1	0	0	0	2	1	1	3	2	1	2	0	0	2	1	0	1	0	2	2	1	0	3	0	0	2	2	0	0	1	1	0
PF02754	Cysteine-rich domain	1	0	2	0	1	0	0	0	1	0	1	0	0	0	2	0	1	2	1	0	2	0	0	1	1	0	1	0	1	0	0	0	2	0	0	1	0	0	0	1	0	0
PF00268	Ribonucleotide reductase, small chain	1	0	1	2	0	1	1	1	1	1	1	1	1	0	0	0	1	2	1	1	0	0	1	0	0	0	1	1	1	1	1	1	1	0	0	1	1	1	1	1	0	0
PF02643	Uncharacterized ACR, COG1430	1	0	1	0	1	1	0	0	0	0	0	1	1	0	1	1	1	1	0	0	1	0	0	1	1	1	1	0	1	1	1	0	1	0	0	1	1	0	1	1	1	1
PF01226	Formate/nitrite transporter	1	0	0	0	0	0	1	1	0	0	0	0	0	0	0	0	1	0	0	0	0	0	2	0	1	0	1	1	0	0	2	0	0	0	0	0	0	1	2	1	0	0
PF13411	MerR HTH family regulatory protein	1	2	6	9	2	4	5	3	2	7	2	4	3	1	2	4	1	6	2	7	2	1	2	2	1	2	2	7	2	8	0	8	6	1	1	2	8	7	1	2	4	2
PF03738	Glutathionylspermidine synthase preATP-grasp	1	0	0	0	0	0	0	0	0	0	0	0	0	0	0	1	1	0	0	0	0	0	0	0	0	1	0	0	0	1	1	0	0	0	0	0	1	0	1	0	0	1
PF07879	PHB/PHA accumulation regulator DNA-binding domain	1	1	0	0	1	1	0	0	1	0	0	1	1	1	1	0	1	0	0	0	1	1	0	1	1	1	0	0	0	1	0	0	0	1	1	0	1	0	0	0	0	1
PF05233	PHB accumulation regulatory domain	1	1	0	0	1	1	0	0	0	0	0	1	1	1	1	0	1	0	0	0	1	1	0	1	1	1	0	0	0	1	0	0	0	1	1	0	1	0	0	0	0	1
PF00035	Double-stranded RNA binding motif	1	1	1	0	1	1	1	1	1	1	1	1	1	1	1	1	1	1	1	1	1	1	1	1	0	1	1	1	1	1	1	1	1	1	1	1	1	1	1	1	1	1
PF14622	Ribonuclease-III-like	1	1	1	0	1	1	1	1	1	1	1	1	1	0	1	1	1	1	1	1	1	0	1	1	0	1	1	1	1	1	1	1	1	1	1	1	1	1	1	1	1	1
PF00543	Nitrogen regulatory protein P-II	2	2	2	2	2	2	2	2	1	4	0	3	1	2	2	1	2	2	0	3	2	2	1	2	0	1	0	2	2	2	2	2	2	2	2	2	2	2	2	0	0	1
PF01322	Cytochrome C'	2	0	0	0	2	0	0	1	1	0	0	0	0	0	2	1	2	0	0	0	2	0	1	2	0	0	0	0	0	1	1	0	0	0	0	0	1	0	1	0	0	0
PF07750	GcrA cell cycle regulator	1	1	0	0	1	1	0	0	0	0	0	1	1	1	1	0	1	0	0	0	1	1	0	1	0	1	0	0	0	0	0	0	0	1	1	0	0	0	0	0	0	1
PF13298	DNA polymerase Ligase (LigD)	1	0	0	0	0	0	0	0	0	0	0	0	0	0	0	0	1	0	0	0	0	0	0	0	1	1	0	0	0	0	0	0	0	0	0	0	0	0	0	0	0	1
PF21686	LigD, primase-polymerase domain	1	0	0	0	0	0	0	0	0	0	0	0	0	0	0	0	1	0	0	0	0	0	0	0	1	1	0	0	0	0	0	0	0	0	0	0	0	0	0	0	0	1
PF10017	Histidine-specific methyltransferase, SAM-dependent	1	0	0	1	0	1	1	1	0	1	0	0	0	0	0	0	1	0	0	1	0	0	1	0	0	0	1	1	1	0	0	1	0	0	0	1	0	1	0	1	0	0
PF12418	Acyl-CoA dehydrogenase N terminal	1	1	4	3	1	1	4	6	2	4	0	1	1	1	2	3	1	5	0	3	2	1	5	1	0	0	0	4	0	3	2	4	4	0	0	0	3	4	3	0	3	0
PF00889	Elongation factor TS	1	0	1	1	1	1	2	0	1	1	1	1	0	1	1	2	1	1	1	1	1	1	1	1	1	1	1	1	1	1	1	1	1	1	1	1	1	1	1	1	1	1
PF08125	Mannitol dehydrogenase C-terminal domain	1	3	1	0	0	0	0	0	0	0	0	1	0	1	2	1	1	1	0	0	2	1	0	0	0	2	0	0	1	1	0	0	1	0	0	1	1	0	0	0	1	2
PF01232	Mannitol dehydrogenase Rossmann domain	1	2	1	0	0	0	0	0	0	0	0	1	0	1	2	1	1	1	0	0	2	1	0	0	1	2	0	0	1	1	0	0	1	0	0	1	1	0	0	0	1	2
PF00849	RNA pseudouridylate synthase	4	2	7	7	5	7	10	7	10	7	4	8	7	3	5	5	4	8	6	7	4	3	8	5	3	4	5	8	6	9	8	7	7	3	3	6	9	8	8	5	5	4
PF02091	Glycyl-tRNA synthetase alpha subunit	1	1	1	1	1	1	0	1	1	1	0	1	1	1	1	1	1	1	0	1	1	1	1	1	1	1	0	1	0	1	1	1	1	1	1	0	1	1	1	0	0	1
PF01663	Type I phosphodiesterase / nucleotide pyrophosphatase	1	0	0	0	1	0	0	1	1	0	0	0	0	0	1	2	0	0	1	0	0	0	1	1	0	0	0	0	1	2	1	0	0	0	0	1	2	0	0	0	0	0
PF03720	UDP-glucose/GDP-mannose dehydrogenase family, UDP binding domain	1	0	3	1	1	1	1	1	1	3	2	1	1	2	2	1	0	4	2	4	1	2	1	1	0	1	2	2	2	1	1	4	3	0	0	2	1	2	1	2	2	1
PF00984	UDP-glucose/GDP-mannose dehydrogenase family, central domain	1	1	3	1	1	1	1	1	1	3	2	0	1	2	2	0	0	4	2	4	1	2	1	1	0	1	3	2	2	1	1	4	3	0	0	2	1	2	1	3	2	1
PF03721	UDP-glucose/GDP-mannose dehydrogenase family, NAD binding domain	1	1	3	1	1	1	1	1	1	3	2	1	1	2	2	0	0	4	2	5	1	2	1	1	0	1	3	2	2	1	1	4	3	0	0	2	1	2	1	3	2	1
PF10099	Anti-sigma-K factor rskA	1	0	2	2	0	0	1	2	0	2	0	0	0	0	0	1	1	2	0	2	0	0	2	0	1	1	2	1	2	1	1	1	2	0	0	2	1	1	1	2	1	1
PF12631	MnmE helical domain	1	0	1	1	1	1	0	0	1	1	1	1	1	0	1	0	1	1	1	2	0	0	0	1	0	1	1	1	1	1	1	1	1	0	0	1	1	1	1	1	0	1
PF10396	GTP-binding protein TrmE N-terminus	1	1	1	1	1	1	0	0	1	1	1	1	1	0	1	0	1	1	1	1	0	0	0	1	0	1	1	1	1	1	1	1	1	0	0	1	1	1	1	1	0	1
PF13609	Gram-negative porin	1	0	2	1	3	1	0	1	1	3	0	1	1	1	1	0	1	2	0	2	1	1	1	1	0	1	0	0	0	1	0	3	2	2	2	0	1	0	0	0	1	1
PF00398	Ribosomal RNA adenine dimethylase	1	1	1	1	1	1	0	1	1	1	2	1	0	1	1	1	1	1	1	1	1	1	1	1	1	1	1	1	2	1	1	1	1	1	1	2	1	1	1	1	0	1
PF12224	Putative amidoligase enzyme	1	0	1	1	0	0	0	1	0	0	0	0	0	0	0	0	1	2	0	0	0	0	1	0	0	0	0	0	0	0	0	0	1	0	0	0	0	0	0	0	1	0
PF06537	Di-haem oxidoreductase, putative peroxidase	1	0	1	1	0	0	0	0	0	1	0	0	0	1	3	0	1	1	0	1	3	1	0	0	1	0	0	0	0	0	0	1	1	0	0	0	0	0	0	0	1	0
PF20730	YetF N-terminal transmembrane domain	1	0	0	0	0	0	0	0	0	1	0	1	1	0	0	0	1	0	0	1	0	0	0	0	0	1	0	0	0	0	0	0	0	0	0	0	0	0	0	0	0	1
PF04239	YetF C-terminal domain	2	0	0	0	0	0	0	0	0	1	0	1	1	0	0	0	2	0	0	1	0	0	0	0	0	2	1	0	1	0	0	0	0	0	0	1	0	0	0	1	0	2
PF07332	Putative Actinobacterial Holin-X, holin superfamily III	1	0	0	0	0	0	0	0	0	0	0	0	0	0	0	0	1	0	0	0	0	0	0	0	2	1	0	0	0	0	0	0	0	0	0	0	0	0	0	0	0	1
PF01765	Ribosome recycling factor	1	0	1	1	1	1	2	0	1	1	1	1	0	1	1	1	1	1	1	1	1	1	1	1	0	1	1	1	1	1	1	1	1	1	1	1	1	1	1	1	1	1
PF08529	NusA N-terminal domain	1	1	1	1	1	1	0	1	1	1	1	1	1	0	1	0	1	1	1	1	1	0	1	1	1	1	1	1	1	1	1	1	1	0	0	1	1	1	1	1	0	1
PF13184	NusA-like KH domain	1	1	1	1	1	1	0	1	1	1	1	1	1	0	1	0	1	1	1	1	2	0	1	1	1	1	1	1	1	1	1	1	1	0	0	1	1	1	1	1	0	1
PF13382	Adenine deaminase C-terminal domain	2	1	0	0	1	0	0	0	0	0	0	0	0	1	1	0	2	0	0	0	2	1	0	1	0	1	0	0	1	0	0	0	0	0	0	1	0	0	0	0	0	1
PF13692	Glycosyl transferases group 1	1	0	2	0	1	1	2	1	3	4	1	1	1	1	0	0	0	2	1	5	0	1	1	1	0	5	3	1	2	2	2	1	2	0	0	2	2	1	2	3	2	4
PF13439	Glycosyltransferase Family 4	2	0	9	1	0	2	3	2	2	2	2	4	3	2	1	1	1	9	6	4	1	2	2	0	0	5	6	5	6	4	5	2	9	0	0	6	4	5	3	6	8	4
PF05193	Peptidase M16 inactive domain	3	2	2	2	3	2	2	2	3	2	2	2	2	2	3	3	3	2	2	2	3	1	2	3	3	3	2	3	4	5	4	2	2	1	1	4	5	3	4	2	2	3
PF12849	PBP superfamily domain	1	2	2	1	3	0	3	0	1	1	0	1	1	0	3	1	1	2	0	1	3	0	0	3	2	1	0	2	0	1	1	2	2	0	0	0	1	2	1	0	0	0
PF07007	Lysozyme inhibitor LprI	1	0	0	0	0	1	0	0	0	0	0	0	0	0	1	0	1	0	1	0	1	0	0	0	1	1	0	0	0	0	0	0	0	0	0	0	0	0	0	0	0	1
PF04186	FxsA cytoplasmic membrane protein	1	1	1	1	1	0	1	1	1	1	0	0	0	0	1	1	1	1	0	1	1	0	1	1	1	1	0	1	0	1	1	1	1	0	0	0	1	1	1	0	1	1
PF00572	Ribosomal protein L13	1	1	1	1	1	1	1	1	1	1	1	1	1	0	1	0	1	2	1	1	1	0	1	1	1	1	1	1	1	1	1	1	1	1	1	1	1	1	1	1	1	1
PF01790	Prolipoprotein diacylglyceryl transferase	1	1	2	2	1	1	1	1	1	3	1	1	1	1	1	2	1	2	1	3	1	1	1	1	0	1	1	1	2	1	1	3	2	1	1	2	1	1	1	1	2	1
PF18317	Shikimate 5'-dehydrogenase C-terminal domain	1	0	1	1	1	1	1	1	1	1	0	1	1	0	1	1	1	1	0	1	1	0	1	1	1	0	0	1	0	1	1	1	1	0	0	0	1	1	1	0	0	0
PF03486	HI0933-like protein	2	0	1	1	2	2	2	1	1	1	1	2	1	0	2	1	2	1	1	1	2	0	2	2	0	3	1	2	1	1	1	1	1	0	0	1	1	2	1	1	1	3
PF00825	Ribonuclease P	1	1	1	1	1	1	1	1	1	1	1	1	1	1	1	0	1	1	1	1	1	1	1	1	0	1	1	1	1	1	1	1	1	1	1	1	1	1	1	1	0	1
PF01035	6-O-methylguanine DNA methyltransferase, DNA binding domain	1	1	2	3	2	1	3	2	1	2	2	1	1	2	2	1	1	3	2	2	2	2	1	2	2	1	2	3	2	2	3	2	2	2	2	2	2	3	2	2	1	1
PF02823	ATP synthase, Delta/Epsilon chain, beta-sandwich domain	1	1	1	1	1	1	0	1	1	1	1	1	1	1	1	1	1	1	1	1	1	1	2	1	1	1	1	1	1	1	2	1	1	1	1	1	1	1	0	1	0	1
PF07700	Haem-NO-binding	1	0	0	2	2	1	2	0	1	0	0	0	0	1	1	0	1	0	0	0	1	1	1	2	0	0	1	1	1	1	2	1	0	0	0	1	1	1	2	1	0	0
PF20833	RNase E/G, Thioredoxin-like domain	1	1	1	1	1	1	1	2	2	1	0	1	1	1	1	1	1	1	0	1	1	1	2	1	0	1	0	1	0	2	2	1	1	1	1	0	2	1	2	0	1	1
PF10150	Ribonuclease E/G family	2	2	2	1	2	2	1	2	2	1	1	2	1	2	2	1	2	2	2	1	2	2	2	2	1	2	1	2	1	2	3	1	2	2	2	1	2	2	2	1	2	2
PF02113	D-Ala-D-Ala carboxypeptidase 3 (S13) family	1	1	1	1	1	0	0	0	0	1	0	0	0	0	1	0	1	1	0	1	1	0	0	1	1	1	0	0	0	0	0	1	1	0	0	0	0	0	0	0	1	1
PF01569	PAP2 superfamily	1	1	2	1	2	0	2	2	2	1	4	1	1	0	0	1	1	2	4	1	0	0	2	2	1	3	5	2	1	1	2	1	2	0	0	1	1	2	2	5	2	2
PF08239	Bacterial SH3 domain	5	0	1	2	1	0	1	0	0	1	0	1	0	3	2	3	5	1	0	1	1	3	1	1	2	4	2	0	0	3	2	1	1	2	2	0	3	0	2	2	1	4
PF00982	Glycosyltransferase family 20	1	0	0	0	0	0	1	1	0	0	0	2	0	0	0	0	1	0	0	0	0	0	1	0	0	1	0	1	0	0	0	0	0	0	0	0	0	1	0	0	0	1
PF02547	Queuosine biosynthesis protein	1	1	1	0	1	1	1	1	1	1	1	1	1	0	1	1	1	1	1	1	1	0	1	1	1	1	1	1	1	1	1	1	1	0	0	1	1	1	1	1	1	1
PF09945	Predicted membrane protein (DUF2177)	1	0	0	0	0	0	0	0	0	0	0	0	0	0	0	0	1	0	0	0	0	0	0	0	0	0	0	0	0	1	1	0	0	0	0	0	1	0	1	0	0	0
PF01058	NADH ubiquinone oxidoreductase, 20 Kd subunit	1	1	1	0	1	1	0	0	0	0	0	1	0	1	1	0	1	1	0	0	1	1	0	1	1	1	1	0	0	1	0	0	1	1	1	0	1	0	0	1	1	1
PF17778	Beta-lactamase associated winged helix domain	1	0	1	1	1	1	0	0	1	1	0	1	1	1	1	0	1	1	0	1	1	1	0	1	1	0	0	0	0	0	0	1	1	0	0	0	0	0	0	0	0	0
PF19796	Family of unknown function (DUF6280)	1	0	0	0	1	0	0	0	0	0	0	0	0	1	1	0	1	0	0	0	1	1	0	1	1	1	0	0	0	0	0	0	0	1	1	0	0	0	0	0	0	1
PF13429	Tetratricopeptide repeat	1	1	1	1	0	0	0	0	0	1	0	2	2	0	1	0	1	1	1	1	1	0	0	0	0	0	0	0	0	1	0	1	1	0	0	0	1	0	0	0	0	0
PF10276	Zinc-finger domain	1	0	0	0	1	1	0	0	0	0	0	1	1	1	1	0	1	0	0	0	1	1	0	1	0	1	0	0	0	0	0	0	0	1	1	0	0	0	0	0	0	1
PF14574	C-terminal domain of RACo the ASKHA domain	1	1	0	0	1	0	0	0	0	0	0	0	0	1	1	0	1	0	0	0	1	1	0	1	1	0	0	0	0	0	0	0	0	1	1	0	0	0	0	0	0	0
PF17650	RACo linker region	1	1	0	0	1	0	0	0	0	0	0	0	0	1	1	0	1	0	0	0	1	1	0	1	1	0	0	0	0	0	0	0	0	1	1	0	0	0	0	0	0	0
PF17651	RACo middle region	1	1	0	0	1	0	0	0	0	0	0	0	0	1	1	0	1	0	0	0	1	1	0	1	1	0	0	0	0	0	0	0	0	1	1	0	0	0	0	0	0	0
PF03631	Virulence factor BrkB	2	0	1	2	0	1	2	0	1	2	1	1	1	0	1	1	2	1	1	2	1	0	1	0	3	4	1	1	2	1	2	2	1	0	0	2	1	1	2	1	0	3
PF03591	AzlC protein	1	2	1	0	1	0	0	0	1	0	0	0	0	3	1	0	1	1	0	0	1	3	0	1	1	1	0	0	0	0	0	0	1	1	1	0	0	0	0	0	1	1
PF11300	Protein of unknown function (DUF3102)	1	0	0	0	0	0	0	0	0	0	0	0	0	0	0	0	1	0	0	0	0	0	0	0	0	0	0	0	0	0	0	0	0	0	0	0	0	0	0	0	0	0
PF14698	Argininosuccinate lyase C-terminal	1	1	1	1	1	1	1	1	1	1	0	1	1	1	1	1	1	1	0	1	1	1	2	1	1	2	0	1	0	1	1	1	1	1	1	0	1	1	1	0	0	2
PF00444	Ribosomal protein L36	1	0	0	1	1	0	1	1	0	0	0	1	1	1	1	2	1	0	1	0	1	1	1	1	0	1	0	1	0	1	0	1	0	1	1	0	1	1	0	0	0	1
PF17785	PUA-like domain	1	0	1	0	1	0	0	1	1	1	0	0	0	1	1	0	1	1	0	1	1	1	2	1	1	1	1	1	0	1	1	1	1	1	1	0	1	1	1	1	1	1
PF10672	S-adenosylmethionine-dependent methyltransferase	1	0	2	2	1	1	1	2	2	3	0	1	1	1	1	0	1	3	0	2	1	1	3	1	1	1	1	2	0	2	2	3	2	1	1	0	2	2	2	1	2	1
PF21095	CarD, C-terminal	1	1	0	0	1	1	0	0	0	0	0	0	2	1	1	0	1	0	0	0	1	1	0	1	1	1	0	0	0	0	0	0	0	1	1	0	0	0	0	0	0	1
PF14659	Phage integrase, N-terminal SAM-like domain	1	0	1	0	0	0	0	2	1	0	0	1	1	0	0	0	0	0	0	1	0	0	1	0	0	0	0	0	0	2	1	0	0	0	0	0	2	0	1	0	0	0
PF08207	Elongation factor P (EF-P) KOW-like domain	1	0	2	2	1	1	2	3	1	2	1	1	1	1	1	0	1	2	1	3	1	1	3	1	1	1	1	2	1	1	2	2	2	1	1	1	1	2	2	1	2	1
PF09285	Elongation factor P, C-terminal	1	1	2	2	1	1	2	3	1	2	1	1	1	1	1	0	1	2	1	3	1	1	3	1	1	1	1	2	1	1	2	2	2	1	1	1	1	2	2	1	2	1
PF01132	Elongation factor P (EF-P) OB domain	1	0	2	2	1	1	2	3	1	2	1	1	1	1	1	0	1	2	1	3	1	1	3	1	1	1	1	2	1	1	2	2	2	1	1	1	1	2	2	1	2	1
PF16881	N-terminal domain of lipoyl synthase of Radical_SAM family	1	0	1	1	1	0	1	1	1	1	0	0	0	0	1	1	1	1	0	1	1	0	1	1	0	1	0	1	0	1	1	1	1	0	0	0	1	1	1	0	1	1
PF05787	Alkaline phosphatase PhoX	1	0	1	1	1	1	0	1	0	1	0	0	0	0	1	1	1	3	0	1	1	0	1	1	1	0	0	0	0	1	1	1	1	0	0	0	1	0	1	0	1	0
PF07370	Protein of unknown function (DUF1489)	1	1	0	0	1	1	0	0	0	0	0	1	1	0	2	0	1	0	0	0	1	0	0	1	0	0	0	0	0	0	0	0	0	0	0	0	0	0	0	0	0	0
PF00988	Carbamoyl-phosphate synthase small chain, CPSase domain	1	1	1	0	1	1	1	1	1	1	0	1	1	0	1	0	1	1	1	1	1	0	1	1	0	1	1	1	1	1	1	1	1	0	0	1	1	1	1	1	0	1
PF03741	Integral membrane protein TerC family	2	0	0	0	0	1	0	0	0	0	1	1	1	0	0	0	2	0	2	0	0	0	0	0	0	1	1	0	2	0	0	0	0	0	0	2	0	0	0	1	0	1
PF10129	OpgC protein	1	0	0	0	0	0	0	0	0	0	0	1	1	0	1	0	1	0	0	0	1	0	0	0	0	1	0	0	0	0	0	0	0	0	0	0	0	0	0	0	0	1
PF12704	MacB-like periplasmic core domain	2	1	2	2	1	2	1	3	7	3	5	3	1	0	2	7	2	2	5	3	1	0	1	1	0	1	10	2	6	6	3	3	2	0	0	6	6	2	3	10	1	1
PF02687	FtsX-like permease family	2	2	6	4	3	2	1	5	8	5	6	4	1	2	4	8	2	6	6	5	4	2	4	3	2	2	12	3	8	10	7	5	6	0	0	8	10	3	7	12	4	2
PF08482	ATP-dependent helicase C-terminal	1	1	1	1	1	1	0	1	1	1	0	1	1	1	2	0	1	1	0	1	1	1	1	1	0	1	0	1	0	1	1	1	1	1	1	0	1	1	1	0	0	1
PF13484	4Fe-4S double cluster binding domain	1	3	1	1	1	1	1	1	1	1	0	1	1	1	1	1	1	1	0	1	1	1	1	1	1	1	1	1	1	1	1	1	1	0	0	1	1	1	1	1	1	1
PF08331	Epoxyqueuosine reductase QueG, DUF1730	1	1	1	1	1	1	1	1	1	1	0	1	1	0	1	1	1	1	0	1	1	0	1	1	0	1	1	1	1	1	1	1	1	0	0	1	1	1	1	1	1	1
PF11102	Group 4 capsule polysaccharide lipoprotein gfcB, YjbF	1	1	0	0	1	0	0	0	1	0	0	0	0	1	1	0	0	0	0	0	1	1	0	1	1	1	0	0	0	0	1	0	0	0	0	0	0	0	1	0	0	1
PF01131	DNA topoisomerase	1	2	2	0	1	1	2	2	2	2	1	1	0	1	1	0	1	4	1	1	1	1	2	1	0	1	1	2	2	1	2	1	2	1	1	2	1	2	2	1	2	1
PF13368	Topoisomerase C-terminal repeat	1	1	0	0	1	1	0	0	0	0	1	1	0	1	1	0	1	0	1	0	1	1	0	1	0	1	1	0	1	0	0	0	0	1	1	1	0	0	0	1	0	1
PF01396	Topoisomerase DNA binding C4 zinc finger	1	1	2	0	1	1	1	1	2	3	0	1	0	1	1	1	1	4	0	1	1	1	1	1	0	1	0	1	0	2	3	1	2	1	1	0	2	1	2	0	2	1
PF04995	Heme exporter protein D (CcmD)	1	1	1	1	1	0	1	1	1	1	0	1	1	1	1	1	1	1	0	1	1	1	1	1	0	1	0	1	0	1	1	1	1	1	1	0	1	1	1	0	1	1
PF03602	Conserved hypothetical protein 95	1	0	1	0	1	1	1	1	1	1	1	1	1	0	1	1	1	1	0	1	1	0	1	1	1	1	1	1	1	1	1	1	1	0	0	1	1	1	1	1	1	1
PF06574	FAD synthetase	1	1	1	1	1	1	1	1	1	1	1	1	1	0	1	1	1	1	1	1	1	0	1	1	1	1	1	1	1	1	1	1	1	0	0	1	1	1	1	1	1	1
PF01687	Riboflavin kinase	1	1	1	1	1	1	1	1	1	1	1	1	1	0	1	1	1	1	1	1	1	0	1	1	1	1	1	1	1	1	1	1	1	0	0	1	1	1	1	1	1	1
PF01715	IPP transferase	1	0	1	1	1	1	1	1	1	1	1	1	1	0	1	1	1	1	0	2	1	0	1	1	0	1	1	1	1	1	1	1	1	0	0	1	1	1	1	1	1	1
PF02527	rRNA small subunit methyltransferase G	1	0	1	1	1	1	0	1	1	1	1	1	1	0	1	0	1	1	1	1	1	0	2	1	0	0	1	1	1	1	1	1	1	0	0	1	1	1	1	1	0	0
PF06230	LpxI C-terminal domain	1	0	0	0	1	1	0	0	0	0	0	1	0	1	1	0	1	0	0	0	1	1	0	1	1	1	0	0	0	0	0	0	0	0	0	0	0	0	0	0	0	1
PF17930	LpxI N-terminal domain	1	0	0	0	1	1	0	0	0	0	0	1	0	1	1	0	1	0	0	0	1	1	0	1	1	1	0	0	0	0	0	0	0	0	0	0	0	0	0	0	0	1
PF06969	HemN C-terminal domain	1	1	1	2	1	1	2	2	2	2	1	2	1	0	1	2	1	1	1	2	1	0	2	1	0	1	0	2	1	2	2	2	1	0	0	1	2	2	2	0	0	1
PF13537	Glutamine amidotransferase domain	1	1	0	0	1	1	0	0	0	0	1	1	1	0	1	1	1	0	1	0	1	0	0	1	1	1	1	0	1	2	2	0	0	0	0	1	2	0	2	1	0	1
PF10410	DnaB-helicase binding domain of primase	1	0	0	1	0	0	0	1	1	1	0	0	0	0	1	0	1	0	1	0	1	0	1	0	0	0	1	1	1	1	1	1	0	0	0	1	1	1	1	1	0	0
PF08275	DNA primase catalytic core, N-terminal domain	1	1	1	1	1	1	0	1	1	1	0	1	1	1	2	1	1	1	1	0	1	1	1	1	0	1	1	1	1	1	1	1	1	1	1	1	1	1	1	1	0	1
PF13155	Toprim-like	1	1	1	1	1	0	0	0	1	0	0	0	0	1	1	0	1	1	1	0	1	1	0	1	0	0	1	1	1	1	1	0	1	1	1	1	1	1	1	1	0	0
PF01807	CHC2 zinc finger	1	1	1	1	1	1	0	1	1	1	0	1	1	1	2	1	1	1	1	0	1	1	1	1	0	1	1	1	1	1	1	1	1	1	1	1	1	1	1	1	0	1
PF20107	Family of unknown function (DUF6497)	1	0	0	0	1	0	0	0	0	0	0	0	0	0	1	0	1	0	0	0	1	0	0	1	1	0	0	0	0	0	0	0	0	0	0	0	0	0	0	0	0	0
PF03601	Conserved hypothetical protein 698	1	0	0	0	0	1	0	0	0	0	0	0	0	0	1	0	1	0	0	0	1	0	0	0	1	1	0	0	1	0	0	0	0	0	0	1	0	0	0	0	0	1
PF11781	Zinc-finger of RNA-polymerase I-specific TFIIB, Rrn7	1	0	0	0	0	0	0	0	0	0	0	0	0	1	1	0	1	0	0	0	1	1	0	0	0	0	0	0	0	0	0	0	0	1	1	0	0	0	0	0	0	0
PF00478	IMP dehydrogenase / GMP reductase domain	1	1	1	1	1	1	0	1	2	1	1	1	0	0	1	1	1	1	1	1	1	0	1	1	1	1	1	1	1	1	1	1	1	0	0	1	1	1	1	1	1	1
PF12100	Domain of unknown function (DUF3576)	1	0	0	0	0	1	0	0	0	0	0	1	1	1	1	0	1	0	0	0	1	1	0	0	0	1	0	0	0	0	0	0	0	1	1	0	0	0	0	0	0	1
PF08448	PAS fold	2	0	5	0	1	0	5	5	1	0	0	6	1	5	3	3	3	5	1	0	4	5	4	1	3	4	0	5	1	8	3	0	5	3	3	1	7	5	3	0	1	4
PF03948	Ribosomal protein L9, C-terminal domain	1	1	1	1	1	1	1	1	1	1	1	1	0	1	1	1	1	1	1	0	1	1	1	1	1	1	1	1	1	1	1	1	1	1	1	1	1	1	1	1	1	1
PF01281	Ribosomal protein L9, N-terminal domain	1	1	1	1	1	1	1	1	1	1	1	1	0	1	1	1	1	1	1	0	1	1	1	1	1	1	1	1	1	1	1	1	1	1	1	1	1	1	1	1	1	1
PF01580	FtsK/SpoIIIE family	1	2	1	1	1	1	1	1	1	1	1	1	1	0	1	1	1	1	1	1	1	0	1	1	1	1	1	1	1	1	1	1	1	0	0	1	1	1	1	1	1	1
PF13491	4TM region of DNA translocase FtsK/SpoIIIE	1	1	1	1	1	1	1	1	1	1	1	1	1	0	1	1	1	1	1	1	1	0	1	1	1	1	1	1	1	1	1	1	1	0	0	1	1	1	1	1	1	1
PF17854	FtsK alpha domain	1	1	1	1	1	1	1	1	1	1	1	1	1	0	1	1	1	1	1	1	1	0	1	1	1	1	1	1	1	1	1	1	1	0	0	1	1	1	1	1	1	1
PF09397	Ftsk gamma domain	1	1	1	1	1	1	1	1	1	1	1	1	1	1	1	1	1	1	1	1	1	1	1	1	0	1	1	1	1	1	1	1	1	0	0	1	1	1	1	1	1	1
PF10983	Protein of unknown function (DUF2793)	1	0	0	0	0	1	0	0	0	0	0	1	0	1	1	0	1	0	0	0	1	1	0	0	0	1	0	0	0	0	0	0	0	0	0	0	0	0	0	0	0	1
PF03746	LamB/YcsF family	1	0	2	0	2	1	0	0	0	0	0	1	0	1	1	0	1	2	0	0	1	1	0	1	0	1	1	0	0	1	1	0	2	1	1	0	1	0	1	1	1	1
PF02096	60Kd inner membrane protein	1	1	1	1	1	1	0	0	1	1	0	1	1	2	1	0	1	1	1	1	1	2	0	1	1	1	1	1	1	1	1	1	1	1	1	1	1	1	1	1	0	1
PF14849	YidC periplasmic domain	1	1	1	1	1	1	1	0	1	1	1	1	1	1	1	0	1	1	1	1	1	1	0	1	1	1	1	1	1	1	1	1	1	1	1	1	1	1	1	1	0	1
PF06831	Formamidopyrimidine-DNA glycosylase H2TH domain	1	0	1	1	1	1	1	1	1	1	0	1	1	0	1	1	1	1	0	1	1	0	1	1	1	1	0	1	0	1	2	1	1	0	0	0	1	1	2	0	1	1
PF01149	Formamidopyrimidine-DNA glycosylase N-terminal domain	1	0	1	1	1	1	1	1	1	1	0	1	1	0	1	1	1	1	0	1	1	0	1	1	1	1	0	1	0	1	2	1	1	0	0	0	1	1	2	0	1	1
PF02814	UreE urease accessory protein, N-terminal domain	1	1	1	0	1	0	0	1	0	1	0	0	0	0	1	0	1	1	0	1	1	0	1	1	0	1	0	0	0	0	0	0	1	0	0	0	0	0	0	0	0	1
PF05194	UreE urease accessory protein, C-terminal domain	1	1	1	0	1	0	0	1	0	1	0	0	0	0	1	0	1	1	0	1	1	0	1	1	0	1	0	0	0	0	0	0	1	0	0	0	0	0	0	0	0	1
PF13231	Dolichyl-phosphate-mannose-protein mannosyltransferase	1	0	0	0	0	1	2	1	0	0	0	1	1	0	0	0	1	0	0	0	0	0	1	0	0	0	2	1	2	0	0	0	0	0	0	2	0	1	0	2	0	0
PF01713	Smr domain	1	1	1	1	1	1	1	1	1	1	0	1	1	1	1	2	1	1	1	1	1	1	1	1	1	1	1	1	1	2	2	1	1	1	1	1	2	1	2	1	1	1
PF04313	Type I restriction enzyme R protein N terminus (HSDR_N)	1	0	1	0	0	0	1	3	0	1	1	0	0	2	2	2	0	2	1	1	0	0	1	0	0	0	1	4	1	1	1	1	0	0	0	1	1	4	0	1	0	0
PF18766	SWI2/SNF2 ATPase	1	0	1	0	0	0	1	2	0	1	1	0	0	0	2	1	0	2	1	1	0	0	1	0	0	0	1	4	1	1	1	1	0	1	1	1	1	4	0	1	0	0
PF02469	Fasciclin domain	1	0	0	0	1	1	0	0	0	0	1	2	3	0	4	1	1	0	1	0	4	0	0	1	1	1	5	0	3	2	1	0	0	0	0	3	2	0	1	5	0	1
PF00145	C-5 cytosine-specific DNA methylase	1	0	0	0	1	1	0	0	0	0	0	1	0	3	0	0	0	0	0	0	0	2	0	1	0	0	0	2	1	2	1	4	0	0	0	1	2	2	1	0	0	0
PF00698	Acyl transferase domain	1	1	0	1	1	1	1	1	1	1	0	2	1	1	1	0	1	0	1	1	1	2	1	1	2	2	1	1	1	1	1	1	0	0	0	1	1	1	1	1	0	1
PF03193	RsgA GTPase	1	1	1	1	1	0	1	1	2	1	1	0	0	0	0	0	1	1	1	1	0	0	1	1	0	1	1	2	1	1	1	1	1	0	0	1	1	2	2	1	1	1
PF08343	Ribonucleotide reductase N-terminal	1	0	0	0	0	0	0	0	0	0	0	0	0	0	0	0	1	0	0	0	0	0	0	0	0	0	0	0	0	0	0	0	0	0	0	0	0	0	0	0	0	0
PF00317	Ribonucleotide reductase, all-alpha domain	1	1	2	1	1	1	0	1	1	1	1	1	1	0	2	0	1	3	1	1	1	0	1	1	0	1	1	0	1	1	1	1	2	0	0	1	1	0	1	1	1	1
PF08541	3-Oxoacyl-[acyl-carrier-protein (ACP)] synthase III C terminal	1	1	2	0	2	2	1	1	1	1	4	2	1	1	2	0	1	2	4	1	2	1	1	2	0	1	4	1	3	2	2	1	2	1	1	3	2	1	2	4	2	1
PF08545	3-Oxoacyl-[acyl-carrier-protein (ACP)] synthase III	1	1	2	0	2	2	1	1	1	1	3	2	1	1	2	1	1	2	2	1	2	1	1	2	0	1	4	1	3	2	2	1	2	1	1	3	2	1	2	4	2	1
PF01012	Electron transfer flavoprotein domain	2	2	2	2	2	2	2	2	2	2	2	2	2	2	2	2	2	2	0	2	2	2	2	2	0	2	2	2	2	2	2	2	2	4	4	2	2	2	2	2	2	2
PF02347	Glycine cleavage system P-protein	1	1	0	2	1	1	1	1	1	2	1	1	1	1	1	1	1	0	1	2	1	1	1	1	1	1	1	1	1	1	1	2	0	0	0	1	1	1	0	1	0	1
PF21478	Glycine dehydrogenase, C-terminal domain	1	1	0	1	1	1	0	1	1	1	1	1	1	1	1	1	1	0	1	1	1	1	1	1	0	1	1	1	1	1	1	1	0	0	0	1	1	1	0	1	0	1
PF03713	Domain of unknown function (DUF305)	1	0	0	0	0	0	0	0	0	0	0	1	1	0	0	1	1	0	0	0	0	0	0	0	3	2	2	0	1	1	0	0	0	0	0	1	1	0	0	1	0	1
PF00290	Tryptophan synthase alpha chain	1	2	1	1	1	1	1	1	1	1	1	1	1	0	1	1	1	1	1	1	1	0	1	1	0	1	1	1	1	1	1	1	1	0	0	1	1	1	1	1	1	1
PF07433	Protein of unknown function (DUF1513)	1	0	1	1	0	0	0	0	0	1	0	0	0	1	3	0	1	1	0	1	3	1	0	0	2	0	0	0	0	0	0	1	1	0	0	0	0	0	0	0	1	0
PF00033	Cytochrome b/b6/petB	1	1	1	1	1	1	1	1	1	1	0	1	1	1	1	1	1	2	0	1	1	1	1	1	1	1	0	1	0	1	1	1	1	1	1	0	1	1	1	0	1	1
PF00032	Cytochrome b(C-terminal)/b6/petD	1	1	1	1	1	1	1	1	1	1	0	1	1	1	1	1	1	2	0	1	1	1	1	1	1	1	0	1	0	1	1	1	1	1	1	0	1	1	1	0	1	1
PF00676	Dehydrogenase E1 component	2	3	2	0	3	2	2	0	1	1	3	2	1	1	3	2	2	2	4	1	3	1	0	3	1	2	5	1	3	2	2	1	2	1	1	3	2	1	2	5	1	2
PF16870	2-oxoglutarate dehydrogenase C-terminal	1	1	1	0	1	1	2	0	1	1	1	1	1	1	1	1	1	1	1	1	1	1	0	1	0	1	1	1	1	1	1	1	1	1	1	1	1	1	1	1	1	1
PF16078	2-oxoglutarate dehydrogenase N-terminus	1	1	1	0	1	1	2	0	1	1	1	1	1	1	1	1	1	1	1	1	1	1	0	1	0	1	1	1	1	1	1	1	1	1	1	1	1	1	1	1	1	1
PF13488	Glycine zipper	1	0	1	0	0	0	0	0	0	0	0	2	2	0	0	0	1	1	0	0	0	0	0	0	0	0	1	0	1	0	0	0	1	0	0	1	0	0	0	1	1	0
PF00633	Helix-hairpin-helix motif	1	1	2	2	2	2	3	1	2	2	1	2	0	2	2	1	1	2	1	2	2	2	1	2	1	1	1	2	1	2	1	2	2	1	1	1	2	2	2	1	1	1
PF13180	PDZ domain	1	1	2	5	2	5	2	3	3	5	3	5	2	2	3	2	1	2	3	3	3	2	3	2	1	1	5	2	4	4	4	6	2	2	2	4	4	2	4	5	1	1
PF01641	SelR domain	1	1	2	2	2	2	1	1	2	2	1	2	1	1	1	1	1	2	1	2	1	1	1	2	0	1	2	1	2	1	1	2	2	1	1	2	1	1	1	2	0	1
PF02092	Glycyl-tRNA synthetase beta subunit	1	0	1	1	1	1	0	1	1	1	0	2	1	0	1	1	1	1	0	1	1	0	1	1	2	1	0	1	0	1	1	1	1	0	0	0	1	1	1	0	0	1
PF03852	DNA mismatch endonuclease Vsr	1	0	0	0	0	0	0	0	0	0	0	1	0	0	0	0	0	0	0	0	0	0	0	0	0	0	0	0	0	0	0	1	0	0	0	0	0	0	0	0	0	0
PF14681	Uracil phosphoribosyltransferase	1	0	1	0	1	0	0	0	0	0	1	0	0	0	1	0	1	1	0	0	1	0	0	1	1	1	1	0	1	0	1	1	1	0	0	1	0	0	1	1	1	1
PF06676	Protein of unknown function (DUF1178)	1	1	0	0	1	1	0	0	0	0	0	1	0	0	1	0	1	0	0	0	1	0	0	1	1	1	0	0	0	0	0	0	0	0	0	0	0	0	0	0	0	1
PF09838	Uncharacterized protein conserved in bacteria (DUF2065)	1	1	0	1	1	1	1	0	0	1	0	1	1	0	1	1	1	0	0	2	1	0	0	1	1	0	0	0	0	1	1	1	0	0	0	0	1	0	1	0	0	0
PF02787	Carbamoyl-phosphate synthetase large chain, oligomerisation domain	1	0	1	1	1	1	1	1	1	1	1	1	1	0	1	1	1	1	1	1	1	0	1	1	1	1	1	1	1	1	1	1	1	0	0	1	1	1	1	1	0	1
PF20057	Domain of unknown function (DUF6456)	1	0	0	0	1	0	0	0	0	0	0	0	0	0	1	0	1	0	0	0	1	0	0	1	0	1	0	0	0	0	0	0	0	0	0	0	0	0	0	0	0	1
PF02153	Prephenate dehydrogenase, nucleotide-binding domain	1	1	1	1	1	1	2	0	1	1	0	1	1	1	1	0	1	1	0	1	1	1	1	1	0	1	1	1	1	1	1	1	1	1	1	1	1	1	1	1	1	1
PF20463	Prephenate dehydrogenase, dimerization domain	1	1	1	1	1	1	2	0	1	1	0	1	1	1	1	0	1	1	0	1	1	1	1	1	0	1	1	1	1	1	1	1	1	1	1	1	1	1	1	1	1	1
PF07179	SseB protein N-terminal domain	1	1	0	0	1	0	0	0	0	0	1	0	0	0	1	0	1	0	1	0	1	0	0	1	0	1	0	0	0	0	0	1	0	0	0	0	0	0	0	0	0	1
PF01817	Chorismate mutase type II	1	1	1	2	1	2	2	0	1	1	1	2	2	0	1	0	1	1	1	1	1	0	1	1	0	2	1	1	1	2	2	1	1	0	0	1	2	1	2	1	1	2
PF04317	YcjX-like family, DUF463	1	2	0	0	1	0	0	0	1	0	0	0	0	0	2	0	1	0	0	0	1	0	0	1	1	1	0	0	0	0	1	0	0	0	0	0	0	0	1	0	0	1
PF13769	Virulence factor	1	1	0	0	1	0	0	0	0	0	0	0	0	1	1	0	1	0	0	0	1	1	0	1	0	0	0	0	0	0	0	0	0	1	1	0	0	0	0	0	0	0
PF01027	Inhibitor of apoptosis-promoting Bax1	1	1	1	1	1	1	1	1	1	1	0	1	1	0	1	0	1	1	0	1	1	0	1	1	0	2	1	1	1	1	1	1	1	0	0	1	1	1	1	1	1	2
PF04453	LPS transport system D	1	1	1	1	1	1	0	1	1	1	0	1	0	1	2	0	1	1	0	1	2	1	1	1	1	1	0	1	0	1	1	1	1	0	0	0	1	1	1	0	0	1
PF19838	LptD protein	1	1	1	0	1	1	0	0	1	0	1	1	0	0	0	0	1	1	1	0	0	0	0	1	0	0	1	0	1	0	1	0	1	0	0	1	0	0	1	1	0	0
PF00766	Electron transfer flavoprotein FAD-binding domain	1	0	1	1	1	1	1	1	1	1	1	1	1	1	1	1	1	1	0	1	1	1	1	1	1	1	1	1	1	1	1	1	1	2	2	1	1	1	1	1	1	1
PF14693	Ribosomal protein TL5, C-terminal domain	1	1	1	1	1	1	0	1	1	1	1	1	1	0	1	1	1	1	1	1	1	0	1	1	1	1	1	0	1	1	1	1	1	0	0	1	1	0	1	1	1	1
PF01386	Ribosomal L25p family	1	1	1	1	1	1	0	1	1	1	1	1	1	0	1	1	1	1	1	1	1	0	1	1	1	1	1	0	1	1	1	1	1	0	0	1	1	0	1	1	1	1
PF13840	ACT domain	1	1	2	1	1	2	1	2	1	1	0	1	1	1	2	1	1	2	0	1	2	1	2	1	1	1	0	2	1	2	2	1	2	1	1	1	2	2	2	0	1	1
PF19489	Transglycosylase SLT domain	1	2	1	1	1	0	0	0	1	1	0	0	0	0	1	1	1	1	0	1	1	0	0	1	0	1	0	0	0	1	1	1	1	0	0	0	1	0	1	0	1	1
PF02481	DNA recombination-mediator protein A	1	1	1	1	1	1	0	1	1	1	0	1	0	0	2	1	1	2	1	1	1	1	1	1	1	1	1	1	1	1	1	1	1	0	0	1	1	1	1	1	0	1
PF21102	DprA N-terminal HHH domain	1	1	0	0	1	0	0	0	0	0	0	1	0	0	1	0	1	0	0	0	1	1	0	1	1	1	0	0	0	0	0	0	0	0	0	0	0	0	0	0	0	1
PF17782	DprA winged helix domain	1	1	1	1	1	1	0	1	1	1	0	1	0	0	1	1	1	1	1	1	1	1	1	1	0	1	1	1	1	1	1	1	1	0	0	1	1	1	1	1	0	1
PF01510	N-acetylmuramoyl-L-alanine amidase	1	1	1	0	1	1	0	2	1	0	1	1	1	0	1	1	1	1	1	0	1	0	1	1	0	1	1	1	0	1	2	1	1	0	0	0	1	1	2	1	1	1
PF01507	Phosphoadenosine phosphosulfate reductase family	1	0	2	2	1	2	3	4	3	1	0	2	2	1	2	2	1	2	0	2	1	1	4	1	0	2	1	3	2	2	2	1	2	1	1	2	2	3	2	0	2	1
PF04296	Protein of unknown function (DUF448)	1	1	0	0	1	1	0	0	0	0	0	1	1	1	1	0	1	0	0	0	2	1	0	1	1	1	0	0	0	0	0	0	0	1	1	0	0	0	0	0	0	1
PF12850	Calcineurin-like phosphoesterase superfamily domain	1	0	1	0	0	0	0	0	0	0	1	0	0	1	1	0	1	1	1	0	1	1	0	0	0	0	1	0	2	0	0	0	1	0	0	2	0	0	0	1	1	0
PF01165	Ribosomal protein S21	1	1	1	1	2	0	0	1	1	1	1	1	0	1	1	1	1	1	1	0	1	1	1	2	1	1	1	1	2	1	1	1	1	1	1	2	1	1	1	1	0	1
PF08362	YcdC-like protein, C-terminal region	1	0	3	0	0	0	0	1	0	0	0	1	0	1	1	0	1	3	0	0	1	1	1	0	1	1	0	0	0	0	2	0	3	1	1	0	0	0	2	0	0	1
PF10048	Predicted integral membrane protein (DUF2282)	1	0	1	0	1	0	0	0	0	0	0	0	0	1	1	0	1	1	0	0	1	1	0	1	0	1	0	0	0	1	0	0	1	1	1	0	1	0	0	0	1	1
PF13596	PAS domain	1	0	0	0	0	0	0	0	0	0	0	0	0	0	0	0	1	0	0	0	1	0	0	0	0	1	0	0	0	0	0	0	0	0	0	0	0	0	0	0	0	1
PF00842	Alanine racemase, C-terminal domain	1	1	1	1	1	1	1	1	1	1	2	1	1	1	1	1	1	1	2	2	1	1	1	1	2	1	1	1	1	1	1	1	1	1	1	1	1	1	1	1	1	1
PF06421	GTP-binding protein LepA C-terminus	1	1	1	1	1	1	1	1	1	1	1	1	1	1	2	1	1	1	1	0	1	1	1	1	0	1	1	1	1	1	1	1	1	0	0	1	1	1	1	1	1	1
PF01011	PQQ enzyme repeat	1	0	1	0	0	0	1	0	0	0	0	2	1	0	0	0	1	1	0	0	0	0	0	0	0	1	0	1	0	0	0	0	1	0	0	0	0	1	0	0	0	1
PF00080	Copper/zinc superoxide dismutase (SODC)	1	0	0	0	0	1	0	0	0	0	0	1	1	0	0	0	1	0	0	0	0	0	0	0	0	0	1	0	1	0	1	0	0	0	0	1	0	0	1	1	0	0
PF03548	Outer membrane lipoprotein carrier protein LolA	1	1	1	1	1	1	1	1	1	1	0	1	0	1	1	0	1	1	1	1	1	1	1	1	0	1	1	1	1	1	1	1	1	1	1	1	1	1	1	1	1	1
PF07799	Protein of unknown function (DUF1643)	1	1	0	1	1	0	0	0	2	1	0	0	0	0	1	0	1	0	1	1	1	0	0	1	1	0	0	0	0	0	0	1	0	0	0	0	0	0	0	0	0	0
PF14305	TupA-like ATPgrasp	1	0	0	0	0	0	0	0	0	0	0	0	0	0	0	0	1	0	0	1	0	0	0	0	0	0	0	0	0	0	0	0	0	0	0	0	0	0	0	0	0	0
PF19350	Family of unknown function (DUF5928)	1	0	0	0	1	0	0	0	0	0	0	0	0	1	1	0	1	0	0	0	1	1	0	1	0	1	0	0	0	0	0	0	0	1	1	0	0	0	0	0	0	1
PF01121	Dephospho-CoA kinase	1	1	1	1	1	1	1	1	1	1	1	1	1	0	1	0	1	1	0	1	1	0	1	1	1	1	1	1	1	1	2	1	1	0	0	1	1	1	2	1	1	1
PF05045	Rhamnan synthesis protein F	1	0	0	0	0	0	0	0	0	0	0	0	0	2	0	0	1	0	0	0	1	2	0	0	0	2	0	0	0	0	0	0	0	0	0	0	0	0	0	0	0	2
PF14307	Glycosyltransferase WbsX	1	0	0	0	0	0	0	0	0	0	0	0	0	0	0	0	1	0	0	0	0	0	0	0	0	0	0	0	0	0	0	0	0	0	0	0	0	0	0	0	0	0
PF00573	Ribosomal protein L4/L1 family	1	1	1	1	1	1	1	1	0	0	2	0	1	1	1	1	1	1	1	0	2	1	1	1	0	1	1	1	1	1	0	1	1	1	1	1	1	1	1	1	1	1
PF04066	Multiple resistance and pH regulation protein F (MrpF / PhaF)	1	0	1	2	1	1	1	1	1	1	0	1	1	1	1	2	1	1	0	1	1	1	1	1	2	2	0	1	0	2	1	1	1	1	1	0	2	1	1	0	1	2
PF01544	CorA-like Mg2+ transporter protein	1	0	0	2	1	0	1	2	1	2	1	1	1	0	0	0	1	1	0	2	0	0	2	1	0	1	1	1	1	1	0	2	0	0	0	1	1	1	0	1	0	1
PF03109	ABC1 atypical kinase-like domain	1	0	4	7	1	2	0	1	1	5	0	2	2	0	2	2	1	5	0	5	2	0	1	1	1	2	1	1	2	2	2	7	4	0	0	2	2	1	2	1	2	2
PF00675	Insulinase (Peptidase family M16)	2	2	2	2	3	2	2	2	3	2	1	2	2	2	3	4	2	2	2	2	3	1	2	3	3	3	2	3	4	5	4	2	2	1	1	4	5	3	4	2	2	3
PF13288	DXP reductoisomerase C-terminal domain	1	1	1	1	1	1	2	0	1	1	0	1	0	0	1	1	1	1	0	1	1	0	1	1	1	1	0	1	0	1	1	1	1	0	0	0	1	1	1	0	1	1
PF02670	1-deoxy-D-xylulose 5-phosphate reductoisomerase	1	1	1	1	1	1	2	0	1	1	0	1	0	0	1	1	1	1	0	1	1	0	1	1	1	1	0	1	0	1	1	1	1	0	0	0	1	1	1	0	1	1
PF08436	1-deoxy-D-xylulose 5-phosphate reductoisomerase C-terminal domain	1	1	1	1	1	1	2	0	1	1	0	1	0	0	1	1	1	1	0	1	1	0	1	1	1	1	0	1	0	1	1	1	1	0	0	0	1	1	1	0	1	1
PF00574	Clp protease	1	1	1	1	2	2	1	1	1	1	0	2	1	1	2	1	1	1	1	1	1	1	1	2	2	2	2	1	2	1	1	2	1	2	2	2	1	1	1	2	1	2
PF02934	GatB/GatE catalytic domain	1	1	1	1	1	1	1	1	1	1	0	1	0	1	1	0	1	1	0	1	1	1	1	1	0	1	0	1	0	0	0	1	1	1	1	0	0	1	0	0	1	1
PF02637	GatB domain	1	1	1	1	1	1	0	1	1	1	0	1	0	1	1	0	1	1	0	1	1	1	1	1	0	1	0	1	0	0	0	1	1	1	1	0	0	1	0	0	1	1
PF19670	Family of unknown function (DUF6173)	1	0	0	0	1	0	0	0	0	0	0	0	0	1	1	0	1	0	0	0	1	1	0	1	0	0	0	0	0	0	0	0	0	1	1	0	0	0	0	0	0	0
PF01872	RibD C-terminal domain	1	0	2	1	1	1	1	1	1	1	0	1	0	1	1	1	1	2	1	1	1	1	1	1	1	2	2	1	1	1	1	1	2	1	1	1	1	1	1	2	2	2
PF02684	Lipid-A-disaccharide synthetase	1	0	1	1	1	1	1	0	1	1	0	1	0	1	1	0	1	1	1	1	1	1	1	1	0	1	1	0	1	1	1	1	1	0	0	1	1	0	1	1	1	1
PF00793	DAHP synthetase I family	1	1	4	2	1	1	2	2	2	3	2	1	1	1	1	1	1	4	3	3	2	1	2	1	1	1	2	2	2	2	3	3	4	0	0	2	2	2	2	2	3	1
PF07811	TadE-like protein	1	0	0	0	1	2	0	0	0	0	0	2	2	1	1	0	1	0	0	0	2	1	0	1	1	0	0	0	0	0	0	0	0	1	1	0	0	0	0	0	0	0
PF00456	Transketolase, thiamine diphosphate binding domain	1	1	1	2	1	2	2	2	2	2	1	2	2	1	1	2	1	1	1	2	1	1	2	1	0	2	1	2	1	2	2	2	1	1	1	1	2	2	2	1	0	2
PF02606	Tetraacyldisaccharide-1-P 4'-kinase	1	1	1	1	1	1	1	1	1	1	1	1	1	0	1	0	1	1	1	1	1	0	1	1	1	1	1	1	1	1	1	1	1	0	0	1	1	1	1	1	1	1
PF07499	RuvA, C-terminal domain	1	1	1	1	1	1	1	0	1	1	1	1	0	0	1	0	1	1	1	1	2	0	0	1	1	1	1	1	1	1	1	1	1	0	0	1	1	1	1	1	1	1
PF01330	RuvA N terminal domain	1	1	1	1	1	1	1	0	1	1	1	1	0	0	1	0	1	1	1	1	2	0	0	1	1	1	1	1	1	1	1	1	1	0	0	1	1	1	1	1	1	1
PF02146	Sir2 family	1	0	2	0	1	1	1	1	0	1	0	1	1	0	1	0	1	2	0	1	1	0	1	1	1	0	1	1	1	0	1	1	2	0	0	1	0	1	1	1	2	0
PF00218	Indole-3-glycerol phosphate synthase	1	1	1	1	1	1	1	1	1	1	1	1	0	1	1	1	1	1	1	1	1	1	1	1	1	1	1	1	1	1	1	1	1	0	0	1	1	1	1	1	0	1
PF00366	Ribosomal protein S17	1	1	1	1	1	1	1	1	1	0	1	0	0	1	1	1	1	1	1	0	1	1	1	1	1	1	1	1	1	1	1	1	1	1	1	1	1	1	1	1	1	1
PF02639	Uncharacterized BCR, YaiI/YqxD family COG1671	1	0	1	1	1	1	1	1	1	1	0	1	1	1	1	1	1	1	0	1	1	1	1	1	1	1	0	1	0	1	1	1	1	1	1	0	1	1	1	0	1	1
PF03379	CcmB protein	1	1	1	1	1	1	1	1	1	1	0	1	1	1	1	1	1	1	0	1	1	1	1	1	0	1	0	1	0	1	1	1	1	1	1	0	1	1	1	0	1	1
PF06823	Protein of unknown function (DUF1236)	1	0	0	0	0	0	0	0	0	0	0	0	0	0	0	0	1	0	0	0	0	0	0	0	1	1	0	0	0	0	0	0	0	0	0	0	0	0	0	0	0	1
PF01906	Putative heavy-metal-binding	1	0	0	0	0	1	0	2	0	0	0	1	1	1	1	0	1	0	0	0	1	1	2	0	0	0	0	2	2	0	1	0	0	1	1	2	0	2	1	0	0	0
PF00875	DNA photolyase	1	1	1	3	2	1	3	1	2	1	1	2	1	0	2	0	1	1	1	1	2	0	1	2	1	1	2	3	3	3	3	1	1	0	0	3	3	3	3	2	1	1
PF03441	FAD binding domain of DNA photolyase	1	3	1	3	3	2	3	1	2	1	0	2	1	0	3	0	1	1	0	1	3	0	1	3	1	1	3	3	3	3	3	1	1	0	0	3	3	3	3	3	1	1
PF04102	SlyX	1	0	1	1	1	0	1	1	1	1	0	1	1	1	1	1	1	1	0	1	1	1	1	1	0	1	0	1	0	1	1	1	1	1	1	0	1	1	1	0	1	1
PF04800	NADH dehydrogenase ubiquinone Fe-S protein 4	1	0	0	0	1	1	0	0	0	0	0	1	1	1	1	0	1	0	0	0	1	1	0	1	0	1	0	0	0	0	0	0	0	1	1	0	0	0	0	0	0	1
PF01205	Uncharacterized protein family UPF0029	1	0	1	1	1	0	1	0	1	1	1	0	0	1	1	0	1	1	1	1	1	1	0	1	0	0	1	1	1	1	1	1	1	1	1	1	1	1	0	1	1	0
PF14579	Helix-hairpin-helix motif	2	1	2	1	1	1	0	2	2	1	1	1	0	1	3	2	2	2	1	1	3	1	2	1	2	2	2	0	2	2	2	1	2	1	1	2	2	0	2	2	2	1
PF02811	PHP domain	2	0	3	1	1	1	1	2	3	2	1	2	0	2	3	2	2	3	1	2	1	1	3	1	1	2	2	0	2	3	3	2	3	1	1	2	3	0	3	2	3	2
PF17657	Bacterial DNA polymerase III alpha subunit finger domain	2	1	2	1	1	1	0	2	2	1	1	1	0	1	3	2	2	2	1	1	3	1	2	1	2	2	2	0	2	2	2	1	2	1	1	2	2	0	2	2	2	1
PF07733	Bacterial DNA polymerase III alpha NTPase domain	2	1	2	1	1	1	0	2	2	1	1	1	0	1	3	2	2	2	1	1	3	1	2	1	1	2	2	0	2	2	2	1	2	1	1	2	2	0	2	2	2	1
PF00467	KOW motif	1	2	2	2	2	1	1	1	2	1	2	1	0	2	2	1	1	2	2	1	2	1	2	2	1	1	2	1	1	2	2	2	2	1	1	1	2	1	2	2	2	1
PF17136	Ribosomal proteins 50S L24/mitochondrial 39S L24	1	1	1	1	1	1	1	1	1	0	1	0	0	1	1	1	1	1	1	0	1	1	1	1	1	1	1	1	0	1	1	1	1	0	0	0	1	1	1	1	1	1
PF00347	Ribosomal protein L6	1	1	1	1	1	1	1	1	0	0	1	0	0	1	1	1	1	1	1	0	1	1	1	1	1	1	1	1	1	1	0	1	1	1	1	1	1	1	0	1	1	1
PF02322	Cytochrome bd terminal oxidase subunit II	1	0	1	1	0	0	0	1	0	1	0	1	1	1	0	2	1	1	0	1	0	0	1	0	1	2	0	1	1	2	3	1	1	0	0	1	2	1	3	0	1	2
PF04227	Indigoidine synthase A like protein	1	0	0	0	1	0	0	0	0	0	0	0	0	0	1	0	1	0	0	0	1	0	0	1	2	1	0	0	0	0	0	0	0	0	0	0	0	0	0	0	0	1
PF00850	Histone deacetylase domain	1	1	4	1	2	2	1	1	1	1	0	1	1	1	3	2	1	4	0	1	3	1	1	2	1	2	1	2	1	2	2	1	4	1	1	1	2	2	2	1	1	2
PF18818	Zincin-like metallopeptidase	1	0	0	0	0	0	0	0	0	1	0	1	1	0	0	0	0	0	0	0	0	0	0	0	0	0	0	0	0	0	0	0	0	0	0	0	0	0	0	0	0	0
PF12096	Protein of unknown function (DUF3572)	1	0	0	0	1	0	0	0	0	0	0	0	0	0	1	0	1	0	0	0	1	0	0	1	0	1	0	0	0	0	0	0	0	0	0	0	0	0	0	0	0	1
PF13396	Phospholipase_D-nuclease N-terminal	1	0	0	2	0	0	2	2	1	2	0	0	0	0	1	0	1	0	0	2	1	0	1	0	1	2	2	2	1	1	0	2	0	0	0	1	1	2	0	2	0	2
PF14559	Tetratricopeptide repeat	2	1	7	8	4	4	2	3	6	5	0	2	2	1	6	4	2	7	0	5	5	2	2	4	0	1	7	2	4	8	6	6	7	1	1	4	8	2	6	7	4	1
PF05430	S-adenosyl-L-methionine-dependent methyltransferase	1	0	1	1	1	1	2	0	1	0	1	1	1	0	1	1	1	1	1	0	1	0	1	1	1	1	1	1	1	1	1	0	1	0	0	1	1	1	1	1	1	1
PF02790	Cytochrome C oxidase subunit II, transmembrane domain	1	1	1	1	1	1	0	0	1	1	1	1	0	1	1	1	1	1	1	1	1	1	0	1	1	1	1	0	1	1	1	1	1	1	1	1	1	0	1	1	0	1
PF00189	Ribosomal protein S3, C-terminal domain	1	1	1	1	1	1	1	1	1	0	1	0	0	1	1	1	1	1	1	0	1	1	1	1	1	1	1	1	1	1	1	1	1	1	1	1	1	1	1	1	1	1
PF07650	KH domain	2	2	2	2	2	2	2	2	1	1	2	1	1	2	2	2	2	2	2	1	2	2	2	2	1	2	2	2	2	2	2	2	2	1	1	2	2	2	2	2	2	2
PF08808	RES domain	1	0	1	1	0	0	0	1	0	1	0	1	1	0	0	0	1	2	0	1	0	0	1	0	0	0	0	0	0	0	0	1	1	0	0	0	0	0	0	0	1	0
PF13508	Acetyltransferase (GNAT) domain	1	1	1	0	2	1	1	2	1	0	1	3	1	0	5	1	1	1	1	0	4	0	1	2	2	0	2	2	0	1	1	0	1	0	0	0	1	2	1	2	1	0
PF03840	Preprotein translocase SecG subunit	1	1	1	1	1	1	1	1	1	1	1	1	1	1	1	1	1	1	1	1	1	1	1	1	1	1	1	1	1	1	1	1	1	1	1	1	1	1	1	1	0	1
PF04366	Las17-binding protein actin regulator	1	0	0	0	1	0	0	0	0	0	0	1	1	0	1	0	1	0	0	0	1	0	0	1	1	1	0	0	0	0	1	0	0	1	1	0	0	0	1	0	0	1
PF10984	Protein of unknown function (DUF2794)	1	0	0	0	1	1	0	0	0	0	0	1	1	1	1	0	1	0	0	0	1	1	0	1	0	1	0	0	0	0	0	0	0	1	1	0	0	0	0	0	0	1
PF13407	Periplasmic binding protein domain	1	3	0	0	0	0	1	1	0	0	0	0	0	0	4	0	1	0	0	0	4	0	1	0	0	12	0	1	1	0	0	0	0	0	0	1	0	1	0	0	0	9
PF01649	Ribosomal protein S20	1	1	1	1	1	1	1	1	0	1	1	1	1	1	1	1	1	1	1	1	1	1	1	1	1	1	1	1	1	1	1	1	1	1	1	1	1	1	1	1	1	1
PF02511	Thymidylate synthase complementing protein	2	1	0	0	1	0	0	0	0	0	0	0	0	0	1	0	2	0	0	0	0	0	0	1	0	1	0	0	0	0	0	0	0	0	0	0	0	0	0	0	0	1
PF09992	Phosphodiester glycosidase	1	0	0	0	1	1	0	0	0	0	0	1	1	1	1	0	1	0	0	0	1	1	0	1	1	1	0	0	0	0	0	0	0	1	1	0	0	0	0	0	0	1
PF11412	Thiol:disulfide interchange protein DsbD, N-terminal	1	1	2	1	1	1	1	1	1	1	0	1	1	1	1	2	1	2	0	1	1	1	1	1	1	1	1	1	2	2	1	1	2	1	1	2	2	1	1	1	2	1
PF10442	FIST C domain	1	0	1	0	0	0	0	0	0	0	0	0	0	0	0	0	1	1	0	0	0	0	0	0	0	1	1	0	1	0	2	0	1	0	0	1	0	0	2	1	0	1
PF08495	FIST N domain	1	0	1	0	0	0	0	0	0	0	0	0	0	0	0	0	1	1	0	0	0	0	0	0	0	1	1	0	1	0	2	0	1	0	0	1	0	0	2	1	0	1
PF02390	Putative methyltransferase	1	1	1	2	1	1	0	1	1	2	1	1	1	1	1	2	1	1	1	2	1	1	1	1	0	1	1	1	1	2	2	2	1	1	1	1	2	1	3	1	0	1
PF02219	Methylenetetrahydrofolate reductase	1	0	1	1	1	1	1	0	1	1	1	1	0	0	1	1	1	1	1	1	1	0	0	1	1	2	1	1	1	1	1	1	1	0	0	1	1	1	1	1	0	2
PF03937	Flavinator of succinate dehydrogenase	1	1	1	1	1	1	1	1	1	1	0	1	0	1	1	1	1	1	0	1	0	1	1	1	1	1	0	1	0	1	1	1	1	1	1	0	1	1	1	0	1	1
PF04321	RmlD substrate binding domain	1	0	1	1	1	1	2	2	2	1	2	1	1	2	1	0	1	1	2	1	1	2	2	1	0	1	2	2	2	0	0	0	1	0	0	2	0	2	0	2	1	1
PF14355	Abortive infection C-terminus	1	0	0	0	0	0	0	0	0	0	0	0	0	0	0	0	0	0	0	0	0	0	0	0	0	0	0	0	0	0	0	0	0	0	0	0	0	0	0	0	0	0
PF01958	Aspartate dehydrogenase, C-terminal	1	0	0	0	0	0	0	0	0	0	0	0	0	0	1	0	1	0	0	0	1	0	0	0	0	0	0	0	0	0	0	0	0	0	0	0	0	0	0	0	0	0
PF17272	Family of unknown function (DUF5337)	1	1	0	0	1	0	0	0	0	0	0	0	0	1	0	0	1	0	0	0	0	1	0	1	0	1	0	0	0	0	0	0	0	1	1	0	0	0	0	0	0	1
PF02540	NAD synthase	1	2	2	2	2	2	1	2	2	2	2	3	1	0	1	2	1	2	1	2	1	0	2	2	2	1	2	2	2	2	2	2	2	0	0	2	2	2	2	2	2	1
PF09458	H-type lectin domain	1	1	0	0	1	0	0	0	0	0	0	0	0	1	1	0	1	0	0	0	1	1	0	1	0	1	0	0	0	0	0	0	0	1	1	0	0	0	0	0	0	1
PF14497	Glutathione S-transferase, C-terminal domain	1	2	0	1	1	3	0	0	0	1	0	1	1	1	1	1	1	0	0	1	1	1	0	1	2	1	0	0	0	1	1	1	0	1	1	0	1	0	1	0	0	1
PF02657	Fe-S metabolism associated domain	1	1	1	1	1	1	0	0	2	1	1	1	1	1	1	1	1	1	1	0	1	1	0	1	1	1	1	1	1	1	2	1	1	0	0	1	1	1	2	1	0	1
PF13763	Domain of unknown function (DUF4167)	1	1	0	0	1	1	0	0	0	0	0	1	1	1	1	0	1	0	0	0	1	1	0	1	0	1	0	0	0	0	0	0	0	0	0	0	0	0	0	0	0	1
PF11836	Phage tail tube protein, GTA-gp10	1	0	0	0	1	0	0	0	0	0	0	1	0	0	1	0	1	0	0	0	1	0	0	1	1	2	0	0	0	0	0	0	0	0	0	0	0	0	0	0	0	2
PF01196	Ribosomal protein L17	1	1	1	1	1	1	1	1	1	1	0	1	1	1	1	1	1	1	1	1	1	1	1	1	1	1	1	1	1	1	0	1	1	1	1	1	1	1	0	1	1	1
PF00765	Autoinducer synthase	2	0	0	0	2	1	0	0	0	0	0	0	0	1	1	0	2	0	0	0	1	1	0	2	1	2	0	0	0	0	0	0	0	1	1	0	0	0	0	0	0	1
PF05618	Putative ATP-dependant zinc protease	1	0	3	3	1	0	2	2	1	3	1	2	2	0	1	1	1	3	1	3	1	0	2	1	1	0	1	2	1	1	1	3	3	0	0	1	1	2	1	1	3	0
PF18030	RimK PreATP-grasp domain	1	0	1	1	1	0	1	2	0	1	0	1	1	1	1	1	1	1	1	1	1	1	2	1	1	0	1	2	1	1	1	1	1	1	1	1	1	2	1	1	1	0
PF11160	Hypervirulence associated proteins TUDOR domain	1	0	0	0	0	0	0	0	0	0	0	0	0	0	0	0	1	0	0	0	0	0	0	0	1	1	1	0	1	1	1	0	0	0	0	1	1	0	1	1	0	1
PF01329	Pterin 4 alpha carbinolamine dehydratase	1	1	1	1	1	1	1	1	1	1	0	1	1	0	1	0	1	1	0	1	1	0	1	1	1	1	1	0	1	1	1	1	1	0	0	1	1	0	1	1	1	1
PF02646	RmuC family	1	1	1	1	1	1	1	1	1	1	0	1	1	0	1	0	1	1	0	1	1	0	1	1	0	1	1	1	1	1	1	1	1	0	0	1	1	1	1	1	1	1
PF13717	zinc-ribbon domain	1	0	0	0	1	1	1	0	0	0	0	1	1	0	1	0	1	0	0	0	1	0	0	1	0	1	0	1	0	0	0	0	0	0	0	0	0	1	0	0	0	1
PF00990	Diguanylate cyclase, GGDEF domain	2	1	48	15	4	12	36	36	9	13	0	17	7	9	3	33	2	53	0	12	3	8	30	4	1	3	0	39	0	60	55	16	48	3	4	0	60	39	54	0	23	3
PF00213	ATP synthase delta (OSCP) subunit	1	1	1	1	1	1	0	1	1	1	1	0	1	1	1	1	1	1	1	1	1	1	2	1	0	1	1	1	1	1	1	1	1	1	1	1	1	1	1	1	0	1
PF09326	NADH-ubiquinone oxidoreductase subunit G, C-terminal	1	1	0	0	1	1	0	0	0	0	0	1	0	0	1	0	1	0	0	0	1	0	0	1	1	1	0	0	0	0	0	0	0	0	0	0	0	0	0	0	0	1
PF10588	NADH-ubiquinone oxidoreductase-G iron-sulfur binding region	1	1	1	0	1	1	0	0	0	0	0	1	0	0	1	0	1	1	0	0	1	0	0	1	1	2	0	0	0	0	0	0	1	0	0	0	0	0	0	0	0	2
PF10112	5-bromo-4-chloroindolyl phosphate hydrolysis protein	1	0	0	0	1	0	0	0	0	0	0	0	0	1	1	0	1	0	0	0	1	1	0	1	0	0	0	0	0	0	0	0	0	1	1	0	0	0	0	0	0	0
PF00276	Ribosomal protein L23	1	1	1	1	1	1	1	1	1	0	1	0	1	0	1	1	1	1	1	0	2	0	1	1	0	1	1	1	1	1	0	1	1	0	0	1	1	1	1	1	1	1
PF05071	NADH ubiquinone oxidoreductase subunit NDUFA12	1	1	0	0	1	1	0	0	0	0	0	1	0	1	1	0	1	0	0	0	1	1	0	1	0	1	0	0	0	0	0	0	0	1	1	0	0	0	0	0	0	1
PF01047	MarR family	1	2	3	1	3	3	0	2	2	3	1	4	2	6	3	2	1	3	0	3	3	6	2	3	2	2	3	2	2	2	2	3	3	5	5	2	2	2	2	3	2	2
PF03150	Di-haem cytochrome c peroxidase	1	0	2	1	2	0	2	1	1	1	1	0	0	2	3	1	1	2	1	1	3	1	1	2	1	0	2	3	3	2	1	0	2	1	1	3	2	3	1	2	2	0
PF06627	Protein of unknown function (DUF1153)	1	1	0	0	1	1	0	0	0	0	0	1	1	1	1	0	1	0	0	0	1	1	0	1	1	1	0	0	0	0	0	0	0	1	1	0	0	0	0	0	0	1
PF16653	Saccharopine dehydrogenase C-terminal domain	1	0	0	0	1	1	0	0	0	0	1	1	1	1	0	1	1	0	1	0	0	1	0	1	0	1	1	0	1	1	1	0	0	0	0	1	1	0	1	1	0	1
PF03435	Saccharopine dehydrogenase NADP binding domain	1	0	1	2	1	3	1	0	1	1	1	1	2	1	0	3	1	1	1	1	0	1	0	1	0	1	1	1	1	3	3	1	1	0	0	1	3	1	3	1	1	1
PF01668	SmpB protein	1	1	1	0	1	1	1	1	1	1	1	1	1	1	1	0	1	1	0	1	1	1	1	1	0	1	1	1	1	1	1	1	1	1	1	1	1	1	1	1	0	1
PF08885	GSCFA family	1	0	0	0	2	0	0	0	0	0	0	0	0	0	0	0	1	0	1	0	0	0	0	2	0	0	1	0	1	0	0	0	0	0	0	1	0	0	0	1	0	0
PF20083	Family of unknown function (DUF6477)	1	1	0	0	1	0	0	0	0	0	0	0	0	0	1	0	1	0	0	0	1	0	0	1	0	1	0	0	0	0	0	0	0	0	0	0	0	0	0	0	0	1
PF19834	Family of unknown function (DUF6314)	1	0	0	0	1	0	0	0	0	0	0	0	0	0	1	0	1	0	0	0	1	0	0	1	0	0	0	0	0	0	0	0	0	0	0	0	0	0	0	0	0	0
PF03473	MOSC domain	1	1	2	1	1	0	2	2	0	1	0	0	0	1	3	0	1	2	0	1	3	1	2	1	0	1	0	2	1	1	1	1	2	1	1	1	1	2	1	0	2	1
PF03938	Outer membrane protein (OmpH-like)	1	0	1	1	1	1	2	0	1	1	2	1	0	1	1	0	1	1	3	1	1	1	1	1	1	1	4	1	3	1	1	1	1	1	1	3	1	1	1	4	1	1
PF03946	Ribosomal protein L11, N-terminal domain	1	1	1	1	1	1	0	0	1	1	1	1	0	1	1	1	0	1	1	1	1	0	1	1	0	1	1	0	1	1	1	1	1	1	1	1	1	0	1	1	1	1
PF00298	Ribosomal protein L11, RNA binding domain	1	1	1	1	1	1	0	0	1	1	1	1	0	1	1	1	0	1	1	1	1	0	1	1	0	1	1	0	1	1	1	1	1	1	1	1	1	0	1	1	1	1
PF21090	SecA P-loop domain	1	1	1	1	1	1	1	1	1	1	0	1	1	1	1	1	1	1	1	1	2	1	1	1	0	1	1	1	1	1	1	1	1	1	1	1	1	1	1	1	1	1
PF01043	SecA preprotein cross-linking domain	1	1	1	1	1	1	1	1	1	1	0	1	1	1	1	1	1	1	1	1	2	1	1	1	0	1	1	1	1	1	1	1	1	1	1	1	1	1	1	1	1	1
PF07517	SecA DEAD-like domain	1	1	1	1	1	1	1	1	1	1	0	1	1	1	1	2	1	1	1	1	2	1	1	1	0	1	1	1	1	1	1	1	1	1	1	1	1	1	1	1	1	1
PF07516	SecA Wing and Scaffold domain	1	1	1	1	1	1	1	1	1	1	0	1	1	1	1	1	1	1	1	1	2	1	1	1	0	1	1	1	1	1	1	1	1	1	1	1	1	1	1	1	1	1
PF02810	SEC-C motif	1	0	3	2	1	1	2	3	2	2	0	1	1	1	1	3	1	3	0	3	1	1	2	1	0	1	0	3	0	3	3	2	3	1	1	0	3	3	3	0	2	1
PF09608	Putative transmembrane protein (Alph_Pro_TM)	1	1	0	0	1	0	0	0	0	0	0	0	0	1	1	0	1	0	0	0	1	1	0	1	1	1	0	0	0	0	0	0	0	1	1	0	0	0	0	0	0	1
PF01509	TruB family pseudouridylate synthase (N terminal domain)	1	1	1	1	1	1	0	1	1	1	1	1	1	0	1	0	1	1	1	1	1	0	1	1	1	1	1	1	1	1	1	1	1	0	0	1	1	1	1	1	0	1
PF16198	tRNA pseudouridylate synthase B C-terminal domain	1	1	1	1	1	1	0	1	1	1	1	1	1	0	1	0	1	1	1	1	1	0	1	1	1	1	1	1	1	1	1	1	1	0	0	1	1	1	1	1	0	1
PF03724	META domain	1	0	2	1	1	0	0	0	1	2	0	0	0	0	2	0	1	2	0	2	2	0	0	1	0	1	1	0	1	0	0	2	2	0	0	1	0	0	0	1	0	1
PF07330	Protein of unknown function (DUF1467)	1	1	0	0	1	1	0	0	0	0	0	1	0	1	1	0	1	0	0	0	1	1	0	1	1	1	0	0	0	0	0	0	0	1	1	0	0	0	0	0	0	1
PF05057	Putative serine esterase (DUF676)	1	0	0	0	0	0	0	0	0	0	0	0	0	0	0	0	0	0	0	0	0	0	0	0	0	0	0	0	0	0	0	0	0	0	0	0	0	0	0	0	0	0
PF20285	C-terminal domain 9 of the ABC-three component (ABC-3C) systems	1	0	0	0	0	0	0	0	0	0	0	0	0	0	0	0	0	0	0	0	0	0	0	0	0	0	0	0	0	0	0	0	0	0	0	0	0	0	0	0	0	0
PF01894	Uncharacterised protein family UPF0047	1	0	1	1	1	0	0	1	1	1	0	1	1	1	1	1	1	1	0	1	1	1	1	1	0	1	0	1	0	1	1	1	1	1	1	0	1	1	1	0	1	1
PF02622	Uncharacterized ACR, COG1678	1	1	1	1	1	1	0	1	1	1	0	1	1	1	1	1	1	2	1	1	1	1	2	1	1	1	1	1	1	1	1	1	1	1	1	1	1	1	1	1	0	1
PF01206	Sulfurtransferase TusA	1	1	3	3	1	0	0	2	1	3	0	0	0	1	1	1	1	3	0	3	1	1	1	1	0	0	0	2	0	1	1	3	3	1	1	0	1	2	1	0	2	0
PF01420	Type I restriction modification DNA specificity domain	1	0	2	0	0	1	2	4	0	2	0	0	0	1	2	2	0	2	1	2	0	0	3	0	0	0	1	5	1	1	1	1	1	0	0	1	1	5	1	1	1	0
PF09413	Putative prokaryotic signal transducing protein	1	1	1	1	1	1	0	0	0	1	0	1	1	1	1	1	1	1	0	1	1	1	0	1	0	1	0	0	2	1	1	1	1	1	1	2	1	0	1	0	1	1
PF04095	Nicotinate phosphoribosyltransferase (NAPRTase) family	1	1	1	0	1	0	0	0	0	1	0	0	0	0	1	0	1	1	0	1	1	0	0	1	1	1	0	0	1	0	0	0	1	0	0	1	0	0	0	0	1	1
PF17767	Nicotinate phosphoribosyltransferase (NAPRTase) N-terminal domain	1	1	1	0	1	0	0	0	0	0	0	0	0	0	1	0	1	1	0	0	1	0	0	1	1	1	0	0	1	0	0	0	1	0	0	1	0	0	0	0	1	1
PF12710	haloacid dehalogenase-like hydrolase	1	1	1	2	1	1	1	2	1	2	0	1	1	0	2	0	1	1	0	2	1	0	3	1	1	1	0	2	1	0	0	2	1	0	0	1	0	2	0	0	1	1
PF02629	CoA binding domain	1	1	1	1	1	1	2	0	1	1	1	1	1	1	1	1	1	1	1	1	1	1	0	1	1	1	1	1	1	1	1	1	1	1	1	1	1	1	1	1	1	1
PF03600	Citrate transporter	1	2	3	2	2	1	0	2	3	2	1	2	2	1	3	0	1	3	2	3	3	1	2	2	1	1	1	2	1	4	2	2	3	1	1	1	4	2	2	1	2	1
PF02548	Ketopantoate hydroxymethyltransferase	1	1	1	1	0	1	1	1	1	1	0	1	1	0	0	1	1	1	1	1	0	0	1	0	0	1	1	1	1	1	1	1	1	0	0	1	1	1	1	1	0	1
PF13641	Glycosyltransferase like family 2	1	1	1	0	0	1	0	0	0	1	2	1	1	3	3	0	1	2	1	1	3	3	0	0	1	3	1	0	1	0	0	0	1	2	2	1	0	0	0	1	0	2
PF02277	Phosphoribosyltransferase	1	0	1	1	0	1	1	1	0	1	0	2	0	1	1	0	1	2	0	1	1	1	1	0	0	1	0	1	0	0	0	1	1	0	0	0	0	1	0	0	0	1
PF10518	TAT (twin-arginine translocation) pathway signal sequence	1	1	0	0	0	0	0	1	0	1	0	0	0	0	2	0	1	0	0	1	2	0	1	0	0	0	0	1	0	0	0	0	0	0	0	0	0	1	0	0	0	0
PF18348	Bacterial dipeptidyl-peptidase Sh3 domain	1	1	0	0	1	1	0	0	0	0	0	1	1	0	1	0	1	0	1	0	1	0	0	1	1	1	1	0	1	0	0	0	0	0	0	1	0	0	0	1	0	1
PF00877	NlpC/P60 family	1	0	1	1	2	1	0	0	0	1	1	2	1	0	2	0	1	1	4	0	2	0	0	2	1	2	2	0	2	0	0	1	1	0	0	2	0	0	0	2	1	2
PF00436	Single-strand binding protein family	1	1	1	1	1	1	1	1	1	1	2	1	1	2	1	1	1	1	2	1	1	2	1	1	0	1	4	1	3	1	1	1	1	2	2	3	1	1	1	2	1	1
PF10369	Small subunit of acetolactate synthase	1	0	1	1	1	1	1	1	1	1	0	1	1	1	1	0	1	1	0	1	1	1	1	1	0	1	1	1	1	1	1	1	1	1	1	1	1	1	1	1	1	1
PF02130	Endoribonuclease YbeY	1	1	1	1	1	1	1	1	1	1	1	1	1	1	1	0	1	1	1	1	1	1	1	1	0	1	1	1	1	1	1	1	1	1	1	1	1	1	1	1	1	1
PF02955	Prokaryotic glutathione synthetase, ATP-grasp domain	1	1	1	1	1	1	0	1	1	1	0	1	1	0	1	0	1	1	0	1	1	0	2	1	0	1	1	1	0	1	2	1	1	0	0	0	1	1	2	1	0	1
PF02951	Prokaryotic glutathione synthetase, N-terminal domain	1	1	1	1	1	1	0	1	1	1	0	1	1	0	1	1	1	1	0	1	1	0	2	1	0	1	1	1	0	1	1	1	1	0	0	0	1	1	1	1	0	1
PF04339	Peptidogalycan biosysnthesis/recognition	1	1	1	1	1	1	1	1	1	1	0	1	0	0	1	1	1	1	0	1	1	0	0	1	1	1	0	1	0	1	1	1	1	0	0	0	1	1	1	0	1	1
PF06983	3-demethylubiquinone-9 3-methyltransferase	1	0	3	0	0	0	0	0	0	0	1	0	0	0	0	0	1	3	1	0	0	0	0	0	0	0	2	0	0	0	0	1	3	0	0	0	0	0	0	2	1	0
PF02630	SCO1/SenC	1	1	3	1	3	1	1	1	1	1	2	1	0	1	2	0	1	3	2	1	3	1	1	3	4	2	2	1	3	1	1	1	3	1	1	3	1	1	1	2	2	1
PF20078	Domain of unknown function (DUF6473)	1	0	0	0	1	0	0	0	0	0	0	0	0	0	1	0	1	0	0	0	1	0	0	1	1	0	0	0	0	0	0	0	0	0	0	0	0	0	0	0	0	0
PF02962	5-carboxymethyl-2-hydroxymuconate isomerase	1	0	0	0	1	0	0	0	0	0	0	0	0	0	1	0	0	0	0	0	1	0	0	1	0	0	0	0	0	0	0	0	0	0	0	0	0	0	0	0	0	0
PF00902	Sec-independent protein translocase protein (TatC)	1	1	1	2	1	1	0	1	1	1	1	1	1	1	1	0	1	3	1	1	1	1	1	1	1	1	1	1	1	1	1	2	1	1	1	1	1	1	1	1	0	1
PF06356	Protein of unknown function (DUF1064)	1	0	0	0	0	0	0	0	0	0	0	0	0	1	0	0	1	0	0	0	0	1	0	0	0	0	0	0	0	0	0	0	0	0	0	0	0	0	0	0	0	0
PF01502	Phosphoribosyl-AMP cyclohydrolase	1	1	1	1	1	1	0	1	1	1	0	1	1	1	2	2	1	1	2	1	2	1	1	1	1	1	1	1	1	1	1	1	1	1	1	1	1	1	1	1	0	1
PF13622	Acyl-CoA thioesterase N-terminal domain	1	0	2	2	0	2	2	2	1	2	0	3	3	1	1	0	1	2	0	2	2	1	1	0	1	1	0	3	0	2	3	2	2	0	0	0	2	3	3	0	1	1
PF20789	Acyl-CoA thioesterase C-terminal domain	1	0	1	1	0	1	1	1	0	1	0	1	2	0	0	0	1	1	0	1	0	0	0	0	0	0	0	2	0	1	1	1	1	0	0	0	1	2	1	0	1	0
PF02632	BioY family	1	1	0	0	1	0	0	0	0	0	0	0	0	0	1	0	1	0	0	0	1	0	0	1	1	1	0	0	0	0	0	0	0	0	0	0	0	0	0	0	0	1
PF07542	ATP12 chaperone protein	1	0	0	0	1	1	0	0	0	0	0	1	1	0	1	0	1	0	0	0	1	0	0	1	1	1	0	0	0	0	0	0	0	0	0	0	0	0	0	0	0	1
PF13449	Esterase-like activity of phytase	2	0	0	0	1	1	0	1	1	1	0	1	0	0	1	0	2	0	0	1	1	0	1	1	1	2	0	1	0	0	0	0	0	0	0	0	0	1	0	0	0	2
PF06629	MltA-interacting protein MipA	1	0	1	0	0	0	0	0	1	0	0	1	0	0	0	1	1	2	0	0	0	0	0	0	1	1	0	0	0	1	2	0	1	0	0	0	1	0	3	0	1	1
PF03364	Polyketide cyclase / dehydrase and lipid transport	1	1	1	0	1	1	1	1	1	0	0	1	0	1	1	0	1	1	0	0	2	1	1	1	0	2	0	0	0	1	1	0	1	1	1	0	1	0	1	0	0	1
PF04575	Surface lipoprotein assembly modifier	2	1	0	0	0	0	0	0	0	0	0	0	0	0	0	0	2	0	0	0	0	0	0	0	0	0	0	0	0	0	0	0	0	0	0	0	0	0	0	0	0	0
PF20340	Family of unknown function (DUF6635)	1	0	1	0	0	0	0	0	0	0	0	0	0	0	0	0	1	1	0	0	0	0	0	0	0	1	0	0	0	0	0	0	1	0	0	0	0	0	0	0	1	1
PF00164	Ribosomal protein S12/S23	1	1	1	1	1	0	0	0	1	1	1	0	0	1	1	3	0	1	1	1	1	0	1	1	0	1	1	0	1	1	0	1	1	1	1	1	1	0	1	1	1	1
PF13567	Domain of unknown function (DUF4131)	1	1	1	1	1	0	1	1	0	1	0	1	0	1	1	0	1	1	1	1	1	1	1	1	0	1	1	1	1	1	0	1	1	1	1	1	1	1	0	1	1	1
PF03772	Competence protein	1	1	1	1	1	1	1	1	1	1	0	1	0	1	1	0	1	1	1	1	1	1	1	1	1	1	1	1	1	1	1	1	1	1	1	1	1	1	1	1	1	1
PF13778	Domain of unknown function (DUF4174)	1	1	0	0	1	0	0	0	0	0	0	0	0	0	1	1	1	0	0	0	1	0	0	1	1	1	0	0	0	1	0	0	0	0	0	0	1	0	0	0	0	1
PF18557	Anti-sigma factor NepR	1	0	0	0	0	0	0	0	0	0	0	2	0	0	0	0	1	0	0	0	0	0	0	0	0	0	0	0	0	0	0	0	0	0	0	0	0	0	0	0	0	0
PF02493	MORN repeat	1	2	2	0	1	0	0	0	0	1	0	0	0	0	1	0	1	2	0	1	1	0	0	1	2	1	0	0	0	0	0	1	2	0	0	0	0	0	0	0	2	1
PF01343	Peptidase family S49	1	1	2	2	1	1	2	2	2	2	0	1	0	1	1	1	1	3	0	2	1	1	2	1	0	0	0	3	0	2	2	2	2	1	1	0	2	3	2	0	2	0
PF04539	Sigma-70 region 3	1	1	4	1	1	1	1	3	2	1	1	1	1	1	1	2	1	4	1	1	1	1	3	1	0	1	2	3	2	3	2	1	4	1	1	2	3	3	2	2	2	1
PF03979	Sigma-70 factor, region 1.1	1	1	1	1	1	1	0	1	1	1	0	1	1	1	1	1	1	1	0	1	1	1	1	1	0	1	0	1	0	1	1	1	1	1	1	0	1	1	1	0	0	1
PF04546	Sigma-70, non-essential region	1	1	1	1	1	1	0	1	1	1	0	2	1	1	1	1	1	1	0	1	1	1	1	1	0	1	0	1	0	1	1	1	1	1	1	0	1	1	1	0	0	1
PF01264	Chorismate synthase	1	0	1	1	1	1	2	0	1	1	0	2	1	0	1	0	1	1	1	1	1	0	1	1	0	1	1	1	1	1	1	1	1	0	0	1	1	1	1	1	1	1
PF05656	Protein of unknown function (DUF805)	1	0	0	1	0	5	0	0	0	2	0	2	3	0	3	0	1	0	0	2	3	0	0	0	0	0	0	0	0	0	2	2	0	0	0	0	0	0	2	0	0	0
PF00252	Ribosomal protein L16p/L10e	1	1	1	1	1	1	1	1	1	0	1	0	0	0	1	1	1	1	1	0	1	0	1	1	1	1	1	1	0	1	1	1	1	0	0	0	1	1	1	1	1	1
PF01758	Sodium Bile acid symporter family	1	0	2	4	0	0	3	3	2	3	0	2	1	1	2	3	1	2	0	3	2	1	2	0	1	2	0	3	1	3	2	4	2	0	0	1	3	3	2	0	0	2
PF13343	Bacterial extracellular solute-binding protein	1	2	1	1	1	0	0	0	0	0	0	1	2	1	2	0	1	1	0	0	2	1	0	1	0	1	0	0	0	0	0	0	1	1	1	0	0	0	0	0	1	1
PF00687	Ribosomal protein L1p/L10e family	1	1	1	1	1	1	0	0	1	1	1	1	0	1	1	1	0	1	1	1	1	0	1	1	0	1	1	0	1	1	0	1	1	1	1	1	1	0	1	1	1	1
PF04279	Intracellular septation protein A	1	0	0	0	1	1	2	0	1	1	0	1	1	1	1	0	1	0	0	1	1	1	1	1	1	1	0	1	0	0	0	1	0	1	1	0	0	1	0	0	0	1
PF11233	Protein of unknown function (DUF3035)	1	0	0	0	1	1	0	0	0	0	0	1	1	1	1	0	1	0	0	0	1	1	0	1	1	1	0	0	0	0	0	0	0	1	1	0	0	0	0	0	0	1
PF03610	PTS system fructose IIA component	1	0	0	0	1	1	0	0	0	0	0	1	1	1	1	0	1	0	0	0	1	1	0	1	0	1	0	0	0	0	0	0	0	1	1	0	0	0	0	0	0	1
PF01197	Ribosomal protein L31	1	1	1	1	1	1	1	1	1	1	0	1	1	1	1	0	1	1	1	1	1	1	1	1	1	1	1	1	1	1	2	1	1	1	1	1	1	1	1	1	1	1
PF13795	HupE / UreJ protein	1	1	2	2	0	2	1	2	1	2	1	2	1	1	3	1	1	2	1	2	2	1	2	0	1	0	2	1	1	1	1	2	2	2	1	1	1	1	1	2	1	0
PF01527	Transposase	1	1	2	1	0	4	2	2	4	9	1	3	4	5	9	1	1	2	0	10	5	3	3	0	1	0	1	6	0	4	0	2	2	2	3	0	3	7	1	1	1	0
PF14489	QueF-like protein	1	0	1	1	0	1	1	1	1	1	0	1	1	0	0	0	1	1	0	1	0	0	1	0	0	1	0	1	0	1	1	1	1	0	0	0	1	1	1	0	1	1
PF03070	TENA/THI-4/PQQC family	1	0	2	0	0	0	0	0	0	0	0	0	0	0	2	0	1	2	0	0	2	0	0	0	1	3	0	0	1	0	0	0	2	0	0	1	0	0	0	0	1	3
PF03023	Lipid II flippase MurJ	1	2	1	1	1	1	1	1	1	1	0	1	1	1	1	1	1	1	0	1	1	1	1	1	1	1	0	1	0	1	1	1	1	0	0	0	1	1	1	0	1	1
PF19278	Hydantoinase/oxoprolinase C-terminal domain	1	2	0	1	0	0	0	0	0	0	0	0	0	0	2	0	1	0	0	0	3	0	0	0	0	0	0	0	0	0	0	1	0	0	0	0	0	0	0	0	0	0
PF00334	Nucleoside diphosphate kinase	1	1	1	1	1	1	1	1	1	1	1	1	0	1	1	1	1	1	1	1	1	1	1	1	1	1	1	1	1	1	1	1	1	1	1	1	1	1	1	1	1	1
PF13527	Acetyltransferase (GNAT) domain	1	0	0	0	0	1	0	0	0	0	0	1	0	0	0	0	1	0	0	0	0	0	0	0	0	0	0	0	0	0	0	0	0	0	0	0	0	0	0	0	0	0
PF01545	Cation efflux family	1	0	5	2	0	3	1	6	1	9	3	3	3	1	0	3	1	5	3	10	0	1	2	0	4	1	3	2	3	3	2	2	5	1	1	3	3	1	2	1	4	1
PF01960	ArgJ family	1	1	1	1	1	1	1	1	1	1	0	1	1	0	1	0	1	1	0	1	1	0	1	1	1	1	0	1	0	0	0	1	1	0	0	0	0	1	0	0	1	1
PF14561	Tetratricopeptide repeat	1	1	1	1	1	1	0	0	0	1	0	1	1	1	1	1	1	1	0	1	1	1	0	1	0	1	0	0	0	1	1	1	1	1	1	0	1	0	1	0	0	1
PF03118	Bacterial RNA polymerase, alpha chain C terminal domain	1	1	1	1	1	1	1	1	0	0	0	1	1	1	1	1	1	1	1	0	1	1	1	1	1	1	1	1	1	1	0	1	1	1	1	1	1	1	0	1	1	1
PF01193	RNA polymerase Rpb3/Rpb11 dimerisation domain	1	1	1	1	1	1	1	1	0	0	0	1	1	1	1	2	1	1	1	0	1	1	1	1	1	1	1	1	1	1	0	1	1	1	1	1	1	1	0	1	1	1
PF01000	RNA polymerase Rpb3/RpoA insert domain	1	1	1	1	1	1	1	1	0	0	0	1	1	1	1	2	1	1	1	0	1	1	1	1	1	1	1	1	1	1	0	1	1	1	1	1	1	1	0	1	1	1
PF00893	Small Multidrug Resistance protein	1	0	1	3	1	0	0	0	0	2	0	0	0	0	1	0	1	1	0	3	1	0	0	1	1	2	0	2	1	0	2	3	1	0	0	1	0	2	2	0	1	2
PF03453	MoeA N-terminal region (domain I and II)	1	2	2	1	2	1	2	0	0	1	0	1	0	2	2	1	1	2	0	1	2	2	0	2	3	1	1	1	0	2	1	1	2	0	0	0	2	1	1	1	0	1
PF03454	MoeA C-terminal region (domain IV)	1	1	2	1	2	1	1	0	0	1	0	1	0	1	2	1	1	2	0	1	2	1	0	2	2	1	1	1	0	2	1	1	2	0	0	0	2	1	1	1	0	1
PF02767	DNA polymerase III beta subunit, central domain	1	1	1	1	1	1	1	1	1	1	0	1	1	1	1	0	1	1	1	1	1	1	1	1	1	1	1	1	1	1	1	1	1	1	1	1	1	1	1	1	0	1
PF00712	DNA polymerase III beta subunit, N-terminal domain	1	1	1	1	1	1	1	1	1	1	0	1	1	1	1	0	1	1	1	1	1	1	1	1	1	1	1	1	1	1	1	1	1	1	1	1	1	1	1	1	0	1
PF02768	DNA polymerase III beta subunit, C-terminal domain	1	1	1	1	1	1	1	1	1	1	0	1	1	1	1	0	1	1	1	1	1	1	1	1	1	1	1	1	1	1	1	1	1	1	1	1	1	1	1	1	0	1
PF02588	Uncharacterised 5xTM membrane BCR, YitT family COG1284	1	0	0	0	0	0	0	0	0	0	0	0	0	0	1	0	1	0	0	0	1	0	0	0	0	0	1	0	1	0	1	0	0	0	0	1	0	0	1	1	0	0
PF21221	Metallo-beta-lactamase-like, C-terminal domain	1	1	0	1	1	1	0	0	0	1	0	1	1	0	1	0	1	0	0	1	1	0	0	1	0	1	0	0	0	1	1	1	0	0	0	0	1	0	1	0	0	1
PF03968	LptA/(LptD N-terminal domain) LPS transport protein	1	0	1	0	1	1	1	2	2	1	0	1	1	1	2	0	1	1	0	1	1	1	2	1	0	1	0	1	0	2	2	1	1	1	1	0	2	1	2	0	1	1
PF17760	UvrA interaction domain	1	1	1	1	1	1	1	1	1	1	1	1	1	1	1	1	1	1	1	1	1	1	1	1	0	0	2	1	2	1	1	1	1	1	1	2	1	1	1	2	1	0
PF17755	UvrA DNA-binding domain	1	1	1	1	1	1	1	1	1	1	1	1	1	1	1	1	1	1	1	1	1	1	1	1	0	0	2	1	2	1	2	1	1	1	1	2	1	1	2	2	1	0
PF17944	Arginine decarboxylase C-terminal helical extension	1	0	1	1	0	0	0	0	0	1	0	0	0	0	0	1	1	1	0	1	0	0	0	0	0	0	0	0	0	1	1	1	1	0	0	0	1	0	1	0	0	0
PF17810	Arginine decarboxylase helical bundle domain	1	0	1	1	0	0	0	0	0	1	0	0	0	0	0	1	1	1	0	1	0	0	0	0	0	0	0	0	0	1	1	1	1	0	0	0	1	0	1	0	0	0
PF03572	Peptidase family S41	1	1	2	1	1	3	2	2	3	2	3	1	0	1	1	3	1	2	3	2	1	1	1	1	0	1	6	2	6	3	3	2	2	1	1	6	3	2	3	6	1	1
PF01474	Class-II DAHP synthetase family	1	1	0	0	1	1	0	0	1	0	0	1	1	0	1	1	1	0	0	0	1	0	0	1	1	1	0	0	0	1	1	0	0	0	0	0	1	0	1	0	0	1
PF00308	Bacterial dnaA  protein	1	1	2	2	1	1	3	0	2	2	1	2	1	0	2	0	1	2	1	2	2	0	0	1	1	1	1	2	1	3	2	2	2	0	0	1	3	2	2	1	1	1
PF08299	Bacterial dnaA protein helix-turn-helix	1	1	1	1	1	2	1	0	1	1	1	2	2	2	1	0	1	1	1	1	1	2	0	1	1	1	1	1	1	1	1	1	1	0	0	1	1	1	1	1	0	1
PF11638	DnaA N-terminal domain	1	1	1	1	1	1	1	0	1	1	1	0	0	1	1	0	1	1	1	1	1	1	0	1	1	2	1	1	1	1	1	1	1	0	0	1	1	1	1	1	0	1
PF02472	Biopolymer transport protein ExbD/TolR	1	1	8	6	3	6	8	8	3	6	1	6	3	3	5	5	1	8	3	6	5	3	5	3	5	2	3	9	4	6	4	6	8	0	0	4	6	9	4	3	6	2
PF01077	Nitrite and sulphite reductase 4Fe-4S domain	1	0	2	1	1	1	2	2	1	3	0	1	1	1	2	2	1	2	0	4	2	1	2	1	0	2	0	2	0	2	2	2	2	1	1	0	2	2	2	0	1	1
PF03460	Nitrite/Sulfite reductase ferredoxin-like half domain	1	0	2	1	1	1	2	2	1	3	0	2	1	2	3	2	1	2	0	4	3	2	2	1	1	3	0	2	0	2	2	2	2	1	1	0	2	2	2	0	1	2
PF01450	Acetohydroxy acid isomeroreductase, catalytic domain	1	1	1	1	1	1	1	1	1	1	0	1	1	1	1	1	1	1	0	1	1	1	1	1	1	1	1	1	1	1	1	1	1	1	1	1	1	1	1	1	1	1
PF07991	Acetohydroxy acid isomeroreductase, NADPH-binding domain	1	1	1	1	1	1	1	1	1	1	0	1	1	1	1	1	1	1	0	1	1	1	1	1	1	1	1	1	1	1	1	1	1	1	1	1	1	1	1	1	1	1
PF21760	Protein translocase subunit SecDF, P1 domain, N-terminal	1	1	1	1	1	1	1	1	1	1	1	1	1	1	1	1	1	1	1	1	1	1	1	1	0	1	1	1	1	1	1	1	1	1	1	1	1	1	1	1	1	1
PF04340	Protein of unknown function, DUF484	1	1	1	1	1	0	1	1	1	1	0	0	0	0	1	1	1	1	0	1	1	0	2	1	0	1	0	2	0	1	1	1	1	0	0	0	1	2	1	0	0	1
PF00781	Diacylglycerol kinase catalytic domain	1	0	1	2	0	0	0	1	1	2	0	1	1	0	0	0	1	1	0	2	1	0	1	0	1	1	0	0	1	0	1	2	1	0	0	1	0	0	0	0	1	1
PF00416	Ribosomal protein S13/S18	1	1	1	1	1	1	1	1	1	0	0	1	1	1	1	2	1	1	1	0	1	1	1	1	0	1	1	1	1	1	0	1	1	1	1	1	1	1	0	1	1	1
PF01556	DnaJ C terminal domain	1	1	2	3	1	2	1	1	1	2	1	2	1	0	2	1	1	2	1	2	1	0	1	1	2	2	1	1	2	1	2	1	2	0	0	2	1	1	2	1	0	2
PF00684	DnaJ central domain	1	1	1	1	1	1	1	1	1	1	1	1	1	0	1	1	1	1	1	1	1	0	1	1	2	1	1	1	1	1	1	1	1	0	0	1	1	1	1	1	0	1
PF00475	Imidazoleglycerol-phosphate dehydratase	1	1	1	1	1	1	1	1	1	1	0	1	1	1	1	1	1	1	1	1	1	1	1	1	0	1	1	1	1	1	1	1	1	1	1	1	1	1	1	1	0	1
PF01258	Prokaryotic dksA/traR C4-type zinc finger	1	1	3	2	3	2	1	2	1	2	0	1	1	2	3	1	1	3	1	2	3	2	2	3	0	2	1	1	1	1	1	1	3	1	1	1	1	1	1	1	2	2
PF21157	DnaK suppressor protein DksA, coiled-coil domain	1	1	1	1	1	1	1	1	1	2	0	1	1	1	1	1	1	1	0	2	1	1	1	1	0	1	0	1	0	1	1	1	1	1	1	0	1	1	1	0	0	1
PF02866	lactate/malate dehydrogenase, alpha/beta C-terminal domain	1	0	0	1	1	1	0	0	1	1	1	1	1	1	1	1	1	0	1	1	1	1	0	1	1	1	1	0	1	1	1	1	0	1	1	1	1	0	1	1	0	1
PF00056	lactate/malate dehydrogenase, NAD binding domain	1	0	0	1	1	1	0	0	1	1	1	1	1	1	1	1	1	0	1	1	1	1	0	1	1	1	1	0	1	1	1	1	0	1	1	1	1	0	1	1	0	1
PF02272	DHHA1 domain	2	1	2	2	2	2	2	2	2	2	2	2	2	1	2	2	2	2	3	1	2	1	2	2	2	2	3	2	3	2	2	2	2	0	0	3	2	2	2	3	2	2
PF17768	RecJ OB domain	1	0	1	1	1	1	1	1	1	1	1	1	1	0	1	1	1	1	1	0	1	0	1	1	1	1	1	0	1	1	1	1	1	0	0	1	1	0	1	1	1	1
PF13245	AAA domain	1	0	1	1	0	0	1	1	1	2	1	0	0	0	0	0	1	2	1	2	0	0	1	0	0	0	2	1	2	1	1	1	1	0	0	2	1	1	1	2	0	0
PF06325	Ribosomal protein L11 methyltransferase (PrmA)	1	2	2	1	1	1	3	3	2	2	0	1	1	1	1	1	1	2	1	2	1	1	3	1	1	1	1	3	1	1	1	2	2	1	1	1	1	3	1	1	0	1
PF07264	Etoposide-induced protein 2.4 (EI24)	1	1	1	1	1	0	1	1	1	1	0	0	0	1	1	1	1	1	0	1	1	0	1	1	1	1	1	1	1	1	1	1	1	0	0	1	1	1	1	1	0	1
PF08511	COQ9	1	1	0	0	1	1	0	0	0	0	0	1	0	0	1	0	1	0	0	0	1	0	0	1	1	1	0	0	0	0	0	0	0	0	0	0	0	0	0	0	0	1
PF06725	3D domain	1	1	0	0	1	1	0	0	0	0	0	1	1	0	1	0	1	0	0	0	1	0	0	1	0	0	0	0	0	0	0	0	0	0	0	0	0	0	0	0	0	0
PF03562	MltA specific insert domain	1	1	0	0	1	1	0	0	0	0	0	1	1	0	1	0	1	0	0	0	1	0	0	1	0	0	0	0	0	0	0	0	0	0	0	0	0	0	0	0	0	0
PF02682	Carboxyltransferase domain, subdomain C and D	1	0	1	1	2	1	3	0	0	1	0	1	0	1	1	0	1	1	0	1	1	1	1	2	1	1	1	2	0	1	1	1	1	1	1	0	1	2	1	1	0	1
PF06945	Protein of unknown function (DUF1289)	1	1	1	2	1	1	2	2	1	2	0	0	0	1	2	1	1	1	0	2	2	1	2	1	0	1	0	2	0	1	2	2	1	1	1	0	1	2	2	0	1	1
PF04977	Septum formation initiator	1	1	1	0	1	1	1	1	1	1	0	2	1	1	1	1	1	1	1	1	1	1	1	1	0	1	1	1	1	1	1	1	1	1	1	1	1	1	1	1	1	1
PF00694	Aconitase C-terminal domain	2	3	5	3	2	2	3	3	1	3	1	4	3	2	3	2	2	4	1	4	2	2	3	2	2	2	2	3	2	3	3	3	4	1	1	2	3	3	4	2	4	2
PF10617	Protein of unknown function (DUF2474)	1	0	0	0	0	0	0	0	0	0	0	0	0	0	0	0	1	0	0	0	0	0	0	0	1	1	0	0	0	0	0	0	0	0	0	0	0	0	0	0	0	1
PF00962	Adenosine deaminase	1	0	1	0	0	1	1	1	0	0	0	1	0	0	1	1	1	1	0	0	1	0	2	0	0	1	0	0	0	2	2	0	1	0	0	0	2	0	2	0	1	1
PF03171	2OG-Fe(II) oxygenase superfamily	1	1	5	0	1	1	1	0	1	0	1	1	0	0	2	1	2	5	1	0	1	0	0	1	0	0	1	1	1	1	1	0	5	0	0	1	1	1	1	1	0	0
PF14226	non-haem dioxygenase in morphine synthesis N-terminal	1	0	5	0	1	1	1	0	1	0	1	1	0	0	2	1	2	5	1	0	1	0	0	1	0	0	1	1	1	1	1	0	5	0	0	1	1	1	1	1	0	0
PF13090	Polyphosphate kinase C-terminal domain 2	1	1	1	1	1	1	0	1	0	1	0	1	0	0	1	0	1	1	1	2	1	0	1	1	1	1	1	1	1	1	1	1	1	0	0	1	1	1	1	1	0	1
PF02503	Polyphosphate kinase middle domain	1	1	1	1	1	1	0	1	0	1	0	1	0	0	1	1	1	1	1	2	1	0	1	1	1	1	1	1	1	1	1	1	1	0	0	1	1	1	1	1	0	1
PF17941	Polyphosphate kinase C-terminal domain 1	1	1	1	1	1	1	0	1	0	1	0	1	0	0	1	1	1	1	1	2	1	0	1	1	1	1	1	1	1	1	1	1	1	0	0	1	1	1	1	1	0	1
PF13089	Polyphosphate kinase N-terminal domain	1	1	1	1	1	1	0	1	0	1	0	1	0	0	1	1	1	1	1	3	1	0	1	1	1	1	1	1	1	1	1	1	1	0	0	1	1	1	1	1	0	1
PF07796	Protein of unknown function (DUF1638)	1	1	0	0	1	0	0	0	0	0	0	0	0	0	1	0	1	0	0	0	1	0	0	1	1	0	0	0	0	0	0	0	0	0	0	0	0	0	0	0	0	0
PF05425	Copper resistance protein D	1	0	1	0	1	0	0	0	0	0	0	0	0	0	0	0	1	1	0	0	0	0	0	1	0	0	0	0	0	1	0	0	1	0	0	0	1	0	0	0	1	0
PF01128	2-C-methyl-D-erythritol 4-phosphate cytidylyltransferase	1	1	1	1	1	1	1	1	1	1	0	1	0	1	1	1	1	1	0	1	1	1	1	1	0	1	0	1	0	1	1	1	1	1	1	0	1	1	1	0	1	1
PF02542	YgbB family	1	2	1	1	1	1	1	1	1	1	0	1	0	1	1	2	1	1	0	1	1	1	1	1	0	1	0	1	0	1	1	1	1	1	1	0	1	1	1	0	1	1
PF00069	Protein kinase domain	1	0	3	2	0	0	3	3	3	2	0	1	0	1	2	1	1	3	0	2	1	1	4	0	0	0	0	3	0	3	2	2	3	0	0	0	3	3	2	0	2	0
PF04069	Substrate binding domain of ABC-type glycine betaine transport system	1	1	2	0	1	0	0	0	0	0	0	0	0	0	4	0	1	2	0	0	1	0	0	1	0	4	0	0	0	0	0	0	2	0	0	0	0	0	0	0	1	3
PF08811	Protein of unknown function (DUF1800)	1	0	0	0	1	2	0	0	0	0	0	0	0	1	0	2	1	0	0	0	0	1	0	1	0	1	2	0	0	1	0	0	0	0	0	0	1	0	0	2	0	1
PF02223	Thymidylate kinase	1	1	1	1	1	1	1	1	1	1	0	1	0	0	1	0	1	1	0	1	1	0	1	1	1	1	0	1	0	1	1	1	1	0	0	0	1	1	1	0	1	1
PF16658	Class II release factor RF3, C-terminal domain	1	1	1	1	1	1	1	1	1	1	0	1	0	1	1	0	1	1	1	1	1	1	1	1	1	1	1	1	1	1	1	1	1	0	0	1	1	1	1	1	1	1
PF07831	Pyrimidine nucleoside phosphorylase C-terminal domain	1	0	0	0	1	0	0	1	0	2	0	1	0	0	1	0	1	0	0	2	1	0	1	1	1	1	1	1	1	0	0	0	0	0	0	1	0	1	0	0	0	1
PF16320	Ribosomal protein L7/L12 dimerisation domain	1	1	1	1	1	1	0	0	1	1	1	0	0	1	1	1	0	1	1	1	1	0	1	1	0	1	1	0	1	1	0	1	1	1	1	1	1	0	1	1	1	1
PF00542	Ribosomal protein L7/L12 C-terminal domain	1	1	1	1	1	1	0	0	1	1	1	0	0	1	1	1	0	1	1	1	1	0	1	1	0	1	1	0	1	1	0	1	1	1	1	1	1	0	1	1	1	1
PF01632	Ribosomal protein L35	1	1	1	1	1	1	2	0	1	1	1	1	1	1	1	0	1	1	1	1	1	1	0	1	0	1	1	1	1	1	1	1	1	1	1	1	1	1	1	1	1	1
PF00923	Transaldolase/Fructose-6-phosphate aldolase	1	1	1	1	1	1	1	1	1	1	0	1	0	1	1	1	1	1	0	1	1	1	1	1	0	1	1	1	1	1	1	1	1	1	1	1	1	1	1	1	1	1
PF00343	Carbohydrate phosphorylase	1	0	0	0	0	0	1	0	0	0	0	0	0	0	0	0	1	0	0	0	0	0	0	0	0	1	0	1	0	1	1	0	0	0	0	0	1	1	1	0	0	1
PF00929	Exonuclease	1	1	5	4	2	1	4	3	5	4	3	1	1	2	1	2	1	6	4	4	1	3	3	2	1	2	4	5	5	6	7	4	5	2	2	5	6	5	8	4	4	3
PF01177	Asp/Glu/Hydantoin racemase	1	1	2	1	1	4	1	1	1	1	0	1	1	0	3	1	1	2	1	1	2	0	0	1	1	3	1	1	3	1	1	1	2	0	0	3	1	1	1	1	2	3
PF19312	NtrY N-terminal region	1	1	0	0	0	1	0	0	0	0	0	1	0	1	1	0	1	0	0	0	1	1	0	0	1	1	0	0	0	0	0	0	0	1	1	0	0	0	0	0	0	1
PF12073	Protein of unknown function (DUF3553)	1	1	0	0	1	0	0	0	0	0	0	0	0	0	1	0	1	0	0	0	1	0	0	1	0	1	0	0	0	0	0	0	0	0	0	0	0	0	0	0	0	1
PF00327	Ribosomal protein L30p/L7e	1	1	1	1	1	1	1	1	1	0	1	0	1	1	1	1	1	1	1	0	1	1	1	1	1	1	1	1	1	1	0	1	1	1	1	1	1	1	0	1	1	1
PF02433	Cytochrome C oxidase, mono-heme subunit/FixO	1	0	1	1	1	1	1	1	1	1	1	1	1	1	1	0	1	1	0	1	1	1	0	1	0	0	1	1	1	1	1	1	1	1	1	1	1	1	1	1	1	0
PF06073	Bacterial protein of unknown function (DUF934)	1	0	1	1	1	1	1	1	1	1	0	1	1	0	1	0	1	1	0	1	1	0	1	1	1	1	0	1	0	0	0	1	1	0	0	0	0	1	0	0	1	1
PF07883	Cupin domain	1	6	1	0	3	3	0	0	4	0	0	2	2	5	15	1	1	1	1	0	14	5	0	3	3	3	5	0	4	1	1	0	1	4	4	4	1	0	1	5	0	2
PF00231	ATP synthase	1	1	0	1	1	1	0	2	1	1	1	0	1	1	1	1	1	0	1	1	1	1	3	1	1	1	1	1	1	1	1	1	0	1	1	1	1	1	0	1	0	1
PF05717	IS66 Orf2 like protein	1	0	0	0	0	0	0	3	0	0	0	0	0	0	2	0	0	0	0	0	1	0	2	0	1	0	0	0	0	1	0	0	0	0	0	0	1	0	1	0	0	0
PF05164	Cell division protein ZapA	1	1	1	1	1	1	0	1	1	1	1	1	1	1	1	0	1	1	0	1	1	1	2	1	1	1	1	1	1	0	0	1	1	1	1	1	0	1	0	1	0	1
PF01124	MAPEG family	1	1	1	4	2	7	3	1	2	3	0	2	3	0	1	5	1	2	0	3	1	0	1	2	2	1	0	4	0	5	1	3	1	0	0	0	5	4	1	0	1	1
PF20334	Family of unknown function (DUF6629)	1	0	0	0	0	0	0	0	0	0	0	0	0	0	0	0	0	0	0	0	0	0	0	0	1	0	0	0	0	0	0	0	0	0	0	0	0	0	0	0	0	0
PF02082	Iron-dependent Transcriptional regulator	1	1	2	2	2	2	3	1	1	2	0	0	0	1	5	1	1	2	0	0	5	1	2	2	1	2	2	2	1	2	2	1	2	1	1	1	2	2	2	2	1	2
PF04204	Homoserine O-succinyltransferase	1	1	0	0	1	1	0	0	0	0	0	1	1	1	1	1	1	0	0	0	1	1	0	1	1	1	0	0	0	1	1	0	0	1	1	0	1	0	1	0	0	1
PF20506	Family of unknown function (DUF6732)	1	0	0	0	0	0	0	0	0	0	0	0	0	0	0	0	1	0	0	0	0	0	0	0	0	0	0	0	0	0	0	0	0	0	0	0	0	0	0	0	0	0
PF02806	Alpha amylase, C-terminal all-beta domain	1	0	1	0	0	0	0	0	0	0	0	0	0	0	1	2	1	1	0	0	1	0	0	0	0	2	1	0	2	4	1	0	1	0	0	2	4	0	1	1	0	1
PF21249	GyrB, hook	1	0	1	1	1	1	1	1	1	1	0	1	1	1	2	0	1	1	0	1	1	1	1	1	0	0	0	1	0	1	1	1	1	1	1	0	1	1	1	0	0	0
PF00677	Lumazine binding domain	1	1	1	1	1	1	2	2	2	1	1	1	0	0	1	1	1	1	1	3	1	0	3	1	1	1	1	2	1	1	1	1	1	0	0	1	1	2	1	1	1	1
PF04367	Protein of unknown function (DUF502)	1	0	0	1	1	1	1	1	1	1	0	1	0	1	1	1	1	0	0	1	1	1	1	1	1	0	0	1	0	1	0	1	0	1	1	0	1	1	0	0	0	0
PF00265	Thymidine kinase	1	1	0	0	1	1	0	0	1	0	1	1	1	0	1	1	1	0	1	0	1	0	0	1	0	1	1	0	1	1	1	0	0	0	0	1	1	0	1	1	0	1
PF01259	SAICAR synthetase	1	1	1	1	1	1	1	1	1	1	1	1	1	1	1	0	1	1	1	1	2	1	0	1	1	1	1	1	1	1	1	1	1	1	1	1	1	1	1	1	1	1
PF00406	Adenylate kinase	1	1	1	0	1	1	1	0	1	1	1	1	1	1	1	0	1	2	1	1	1	1	0	1	0	1	1	1	1	1	1	1	1	1	1	1	1	1	1	1	1	1
PF05191	Adenylate kinase, active site lid	1	1	1	0	0	0	1	0	1	1	0	0	0	1	0	0	1	2	0	1	0	1	0	0	0	0	0	1	0	1	1	1	1	1	1	0	1	1	1	0	1	0
PF14821	Threonine synthase N terminus	1	1	1	0	1	1	0	1	1	0	0	1	0	0	1	1	1	1	0	0	1	0	1	1	1	1	1	0	1	1	1	0	1	0	0	1	1	0	1	1	1	1
PF01209	ubiE/COQ5 methyltransferase family	1	0	1	1	1	2	0	1	1	1	1	1	1	1	1	1	1	1	1	1	1	1	2	1	0	1	1	1	1	1	1	1	1	0	0	1	1	1	1	1	0	1
PF15887	Putative zinc-binding metallo-peptidase	1	0	1	0	0	0	2	1	0	0	0	0	0	0	0	0	1	1	0	0	0	0	1	0	0	1	0	1	0	0	0	0	1	0	0	0	0	1	0	0	1	1
PF10005	zinc-ribbon domain	1	0	0	0	0	0	1	1	0	0	0	0	0	0	0	0	1	0	0	0	0	0	1	0	0	0	0	1	0	0	0	0	0	0	0	0	0	1	0	0	0	0
PF01895	PhoU domain	1	2	1	1	1	0	1	2	0	1	0	1	0	2	1	0	1	1	0	1	1	2	2	1	0	2	0	1	0	1	1	1	1	1	1	0	1	1	1	0	0	1
PF16233	Domain of unknown function (DUF4893)	1	0	0	0	0	0	0	0	0	0	0	0	0	0	0	0	1	0	0	0	0	0	0	0	1	1	0	0	0	0	0	0	0	0	0	0	0	0	0	0	0	1
PF06213	Cobalamin biosynthesis protein CobT	1	1	0	0	1	1	0	0	0	0	0	1	1	1	1	0	1	0	0	0	1	1	0	1	0	1	0	0	0	0	0	0	0	1	1	0	0	0	0	0	0	1
PF11775	Cobalamin biosynthesis protein CobT VWA domain	1	1	0	0	1	1	0	0	0	0	0	1	1	1	1	0	1	0	0	0	1	1	0	1	0	1	0	0	0	0	0	0	0	1	1	0	0	0	0	0	0	1
PF13746	4Fe-4S dicluster domain	1	0	1	1	1	1	2	1	1	1	1	1	0	0	1	1	1	1	1	1	1	1	0	1	1	0	1	2	1	1	1	1	1	0	0	1	1	2	1	1	1	0
PF12801	4Fe-4S binding domain	1	0	2	1	1	1	1	0	1	1	1	1	0	0	1	0	1	2	1	1	1	1	0	1	1	0	2	1	2	1	1	1	2	0	0	2	1	1	1	2	1	0
PF11614	IG-like fold at C-terminal of FixG, putative oxidoreductase	1	0	1	1	1	1	2	1	1	1	1	1	0	0	1	1	1	1	1	1	1	1	0	1	1	0	1	2	1	1	1	1	1	0	0	1	1	2	1	1	1	0
PF00563	EAL domain	1	3	21	2	2	7	16	17	3	3	0	16	7	8	2	17	1	22	0	3	2	6	16	2	1	2	0	18	0	33	29	4	21	4	4	0	33	18	28	0	10	2
PF11011	Protein of unknown function (DUF2849)	1	0	0	0	1	1	0	0	0	0	0	1	1	0	1	0	1	0	0	0	1	0	0	1	0	1	0	0	0	0	0	0	0	0	0	0	0	0	0	0	0	1
PF00830	Ribosomal L28 family	1	1	1	1	1	1	0	1	0	1	1	0	1	1	1	1	1	1	1	1	1	1	1	1	1	1	1	0	1	1	1	1	1	1	1	1	1	0	1	1	0	1
PF06181	Urate oxidase N-terminal	1	1	2	0	1	0	0	1	0	0	0	0	0	1	1	0	1	2	0	0	1	1	1	1	0	1	0	0	0	0	1	0	2	0	0	0	0	0	1	0	0	1
PF00318	Ribosomal protein S2	1	0	1	1	1	1	2	0	1	1	1	1	0	1	1	1	1	1	1	1	1	1	1	1	1	1	1	1	1	1	1	1	1	1	1	1	1	1	1	1	1	1
PF02696	Protein adenylyltransferase SelO	1	0	2	1	1	1	0	0	1	1	1	1	1	0	1	1	1	2	1	1	1	0	0	1	0	1	0	1	1	1	1	1	2	0	0	1	1	1	1	0	2	1
PF05163	DinB family	1	0	1	0	0	0	0	0	0	0	0	0	0	1	1	0	1	1	0	0	1	1	0	0	0	0	1	0	0	0	0	1	1	0	0	0	0	0	0	1	1	0
PF04828	Glutathione-dependent formaldehyde-activating enzyme	0	1	2	1	1	3	0	3	0	1	0	6	3	1	8	0	0	2	0	1	7	1	3	1	0	1	0	2	0	0	0	1	2	0	0	0	0	2	0	0	2	1
PF02614	Glucuronate isomerase	0	1	0	0	0	0	0	0	0	0	0	2	0	0	1	1	0	0	0	0	1	0	0	0	0	1	0	0	0	1	0	0	0	0	0	0	1	0	0	0	0	1
PF17874	MalT-like TPR region	0	1	3	1	0	0	1	1	1	0	0	0	0	0	0	1	0	3	0	0	0	0	1	0	0	0	0	1	1	1	0	0	3	0	0	1	1	1	0	0	3	0
PF11449	Putative, 10TM heavy-metal exporter	0	1	0	0	0	0	0	0	0	0	0	0	0	0	0	0	0	0	0	0	0	0	0	0	0	0	0	0	0	0	0	0	0	0	0	0	0	0	0	0	0	0
PF02405	Permease MlaE	0	1	1	0	1	1	1	1	0	0	1	2	2	1	2	1	0	1	1	0	2	1	1	1	0	1	1	1	1	1	1	0	1	1	1	1	1	1	1	1	1	1
PF13486	Reductive dehalogenase subunit	0	2	0	0	0	0	0	0	0	0	0	0	0	2	0	0	0	0	0	0	0	2	0	0	0	0	0	0	0	0	0	0	0	1	1	0	0	0	0	0	0	0
PF00230	Major intrinsic protein	0	1	0	0	2	0	0	0	1	0	1	0	0	0	1	0	0	0	0	0	1	0	0	2	0	0	1	0	1	0	0	0	0	0	0	1	0	0	0	1	0	0
PF03967	Photosynthetic reaction centre, H-chain N-terminal region	0	2	0	0	0	0	0	0	0	0	0	0	0	0	1	0	0	0	0	0	0	0	0	0	0	0	0	0	0	0	0	0	0	0	0	0	0	0	0	0	0	0
PF17932	Tetracyclin repressor-like, C-terminal domain	0	3	4	3	2	0	0	1	0	2	0	0	0	3	1	0	0	4	0	2	1	3	1	2	1	1	1	0	0	0	0	4	4	1	1	0	0	0	0	1	3	1
PF09926	Uncharacterized small protein (DUF2158)	0	1	0	0	0	0	0	0	0	0	0	0	0	0	0	0	0	0	0	0	0	0	0	0	0	0	0	0	0	0	0	0	0	0	0	0	0	0	0	0	0	0
PF00148	Nitrogenase component 1 type Oxidoreductase	0	4	0	0	0	0	0	0	0	0	0	0	0	0	4	0	0	0	0	0	0	0	0	0	0	0	0	0	0	0	0	0	0	0	0	0	0	0	0	0	0	0
PF08369	Proto-chlorophyllide reductase 57 kD subunit	0	1	0	0	0	0	0	0	0	0	0	0	0	0	2	0	0	0	0	0	0	0	0	0	0	0	0	0	0	0	0	0	0	0	0	0	0	0	0	0	0	0
PF12974	ABC transporter, phosphonate, periplasmic substrate-binding protein	0	1	4	0	2	0	2	0	0	1	0	1	0	3	2	2	0	4	0	1	2	3	0	2	2	2	0	1	0	1	1	1	4	1	1	0	1	1	1	0	3	1
PF07366	SnoaL-like polyketide cyclase	0	2	0	0	0	0	0	0	4	0	0	0	0	0	7	0	0	0	0	0	7	0	0	0	0	0	0	0	0	0	0	0	0	0	0	0	0	0	0	0	0	0
PF02514	CobN/Magnesium Chelatase	0	3	1	0	0	0	0	0	0	0	0	0	0	1	2	0	0	1	0	0	1	1	0	0	1	1	0	0	0	0	0	0	1	0	0	0	0	0	0	0	1	1
PF01268	Formate--tetrahydrofolate ligase	0	1	1	0	1	0	0	0	0	0	0	1	1	1	1	0	0	1	0	0	1	1	0	1	0	1	0	0	0	0	0	0	1	1	1	0	0	0	0	0	1	1
PF11902	Protein of unknown function (DUF3422)	0	1	1	0	1	0	2	0	0	0	0	1	0	0	1	0	0	1	0	0	1	0	1	1	0	1	0	1	0	1	0	0	1	0	0	0	1	1	0	0	1	1
PF13560	Helix-turn-helix domain	0	2	1	2	2	0	0	2	0	0	0	0	1	1	3	2	0	2	0	0	3	1	3	2	1	0	1	1	0	1	0	1	1	0	0	0	1	1	0	1	1	0
PF03073	TspO/MBR family	0	1	0	0	0	1	0	0	1	0	1	1	1	0	1	0	0	0	1	0	0	0	0	0	0	2	1	0	1	0	0	0	0	0	0	1	0	0	0	1	0	2
PF00848	Ring hydroxylating alpha subunit (catalytic domain)	0	1	1	0	1	1	0	0	1	0	0	2	1	1	4	0	0	1	0	0	3	1	0	1	0	1	0	0	0	0	0	0	1	0	1	0	0	0	0	0	0	0
PF07310	PAS domain	0	1	0	0	1	2	0	0	0	0	0	2	2	0	1	0	0	0	0	0	1	0	0	1	1	1	0	0	0	0	0	0	0	0	0	0	0	0	0	0	0	1
PF01116	Fructose-bisphosphate aldolase class-II	0	1	1	1	1	0	0	1	1	1	1	0	0	0	1	0	0	1	1	1	1	0	1	1	0	1	1	1	1	0	1	1	1	0	0	1	0	1	1	1	0	1
PF04962	KduI/IolB family	0	4	0	0	0	0	0	0	0	0	0	0	0	0	2	1	0	0	0	0	2	0	0	0	0	2	0	0	0	1	0	0	0	0	0	0	1	0	0	0	0	1
PF02350	UDP-N-acetylglucosamine 2-epimerase	0	1	1	1	0	0	0	0	0	0	1	0	0	0	0	0	0	1	2	0	0	0	0	0	0	0	3	0	1	0	0	0	1	0	0	1	0	0	0	3	1	0
PF13953	PapC C-terminal domain	0	1	1	1	0	0	0	0	0	0	0	0	0	0	0	0	0	1	0	1	0	0	0	0	0	1	0	0	0	0	0	0	0	0	0	0	0	0	0	0	0	1
PF00577	Outer membrane usher protein	0	1	1	1	0	0	0	0	0	1	0	0	0	0	0	0	0	1	0	2	0	0	0	0	0	1	0	0	0	0	0	0	0	0	0	0	0	0	0	0	0	1
PF02132	RecR, Cys4-zinc finger motif	0	1	1	1	1	0	0	0	1	1	1	1	1	0	0	0	0	1	1	1	0	0	0	1	1	1	1	0	1	1	1	1	1	0	0	1	1	0	1	1	1	1
PF13549	ATP-grasp domain	0	1	1	0	1	0	1	0	0	0	0	0	0	0	2	0	0	1	0	0	1	0	0	1	1	0	0	1	0	0	1	0	1	1	1	0	0	1	1	0	1	0
PF13607	Succinyl-CoA ligase like flavodoxin domain	0	1	1	0	1	0	1	0	0	0	0	0	0	0	2	0	0	1	0	0	1	0	0	1	1	0	0	1	0	0	0	0	1	1	1	0	0	1	0	0	1	0
PF06224	DNA glycosylase AlkZ-like	0	1	1	0	1	1	0	0	0	0	0	0	1	1	1	1	0	1	0	0	1	1	0	1	1	0	0	0	0	1	0	0	1	0	0	0	1	0	0	0	1	0
PF05398	PufQ cytochrome subunit	0	1	0	0	0	0	0	0	0	0	0	0	0	0	1	0	0	0	0	0	0	0	0	0	0	0	0	0	0	0	0	0	0	0	0	0	0	0	0	0	0	0
PF02915	Rubrerythrin	0	1	0	0	1	0	0	0	0	0	0	0	0	0	2	0	0	0	0	0	1	0	0	1	0	0	0	0	0	0	0	0	0	0	0	0	0	0	0	0	0	0
PF11965	Domain of unknown function (DUF3479)	0	1	0	0	0	0	0	0	0	0	0	0	0	0	1	0	0	0	0	0	0	0	0	0	0	0	0	0	0	0	0	0	0	0	0	0	0	0	0	0	0	0
PF06965	Na+/H+ antiporter 1	0	1	0	0	0	0	0	0	1	0	0	0	0	0	0	0	0	0	0	0	0	0	0	0	1	0	1	0	0	0	0	0	0	0	0	0	0	0	0	1	0	0
PF00083	Sugar (and other) transporter	0	1	0	0	1	1	0	1	0	1	0	1	0	0	1	1	0	0	0	1	1	0	1	1	0	1	1	0	1	1	1	0	0	0	0	1	1	0	1	1	0	0
PF01558	Pyruvate ferredoxin/flavodoxin oxidoreductase	0	1	0	0	1	1	0	0	1	0	0	1	1	0	1	0	0	0	0	0	1	1	0	1	1	1	0	0	0	0	0	0	0	0	0	0	0	0	0	0	0	1
PF20169	Family of unknown function (DUF6537)	0	2	0	0	1	1	0	0	1	0	0	1	1	0	1	0	0	0	0	0	1	1	0	1	1	1	0	0	0	0	0	0	0	0	0	0	0	0	0	0	0	1
PF02283	Cobinamide kinase / cobinamide phosphate guanyltransferase	0	1	1	1	0	0	1	1	0	1	0	1	0	0	1	0	0	2	0	1	1	0	1	0	1	1	0	1	0	0	0	1	1	1	1	0	0	1	0	0	0	1
PF04993	TfoX N-terminal domain	0	1	0	1	0	1	0	0	0	0	0	0	0	0	1	0	0	1	0	0	1	0	0	0	0	0	0	0	0	0	0	0	0	0	0	0	0	0	0	0	0	0
PF07719	Tetratricopeptide repeat	0	1	1	0	1	1	1	3	0	0	2	0	1	1	1	0	0	1	1	0	1	0	4	1	0	0	0	1	0	0	1	0	1	0	0	0	0	1	1	0	1	0
PF04244	Deoxyribodipyrimidine photo-lyase-related protein	0	1	1	1	1	1	1	1	1	0	0	0	1	1	1	0	0	1	0	0	1	1	1	1	1	1	1	1	1	1	1	0	1	1	1	1	1	1	1	1	0	1
PF12915	Protein of unknown function (DUF3833)	0	2	1	0	1	1	1	1	1	0	0	0	0	2	2	1	0	1	0	0	2	2	1	1	1	0	0	1	0	1	1	0	1	2	2	0	1	1	1	0	0	0
PF03241	4-hydroxyphenylacetate 3-hydroxylase C terminal	0	1	0	1	0	0	0	0	0	0	0	0	0	0	0	0	0	0	0	0	0	0	0	0	0	0	0	0	0	0	0	1	0	0	0	0	0	0	0	0	0	0
PF11794	4-hydroxyphenylacetate 3-hydroxylase N terminal	0	1	0	1	0	0	0	0	0	0	0	0	0	0	0	0	0	0	0	0	0	0	0	0	0	0	0	0	0	0	0	1	0	0	0	0	0	0	0	0	0	0
PF01298	C-lobe and N-lobe beta barrels of Tf-binding protein B	0	1	0	0	0	0	0	0	0	0	0	0	0	0	0	0	0	0	0	0	0	0	0	0	0	0	0	0	0	0	0	0	0	0	0	0	0	0	0	0	0	0
PF00124	Photosynthetic reaction centre protein	0	2	0	0	0	0	0	0	0	0	0	0	0	0	4	0	0	0	0	0	0	0	0	0	0	0	0	0	0	0	0	0	0	0	0	0	0	0	0	0	0	0
PF05199	GMC oxidoreductase	0	4	5	7	2	4	3	4	1	7	0	1	1	2	4	0	0	6	0	6	4	2	4	2	2	6	1	4	0	1	2	9	5	1	1	0	1	4	2	1	1	6
PF00732	GMC oxidoreductase	0	5	5	7	2	4	3	4	1	7	0	1	1	2	4	1	0	6	0	6	4	2	4	2	2	5	1	3	0	1	2	9	5	1	1	0	1	3	2	1	1	5
PF04268	Sarcosine oxidase, gamma subunit family	0	2	0	0	2	0	0	0	0	0	0	0	0	1	1	0	0	0	0	0	1	1	0	2	1	1	0	0	0	0	0	0	0	1	1	0	0	0	0	0	0	1
PF20658	Malate synthase G, alpha-beta insertion domain	0	1	1	1	1	0	1	1	1	1	0	0	0	0	1	1	0	1	0	1	1	0	1	1	0	1	0	1	0	2	1	1	1	0	0	0	2	1	1	0	1	0
PF20656	Malate synthase, N-terminal domain	0	1	1	1	1	1	1	1	1	1	0	0	0	0	1	1	0	1	0	1	1	0	1	1	0	1	0	1	1	1	1	1	1	0	0	1	1	1	1	0	1	0
PF11196	Protein of unknown function DUF2834	0	1	0	1	1	1	0	0	0	1	0	0	0	0	1	0	0	0	0	1	1	0	0	1	0	0	0	0	0	0	0	1	0	0	0	0	0	0	0	0	0	0
PF00485	Phosphoribulokinase / Uridine kinase family	0	1	1	0	0	1	1	1	1	0	0	2	2	0	0	2	0	1	1	0	0	0	0	0	0	1	1	1	1	2	3	0	1	0	0	1	2	1	3	1	0	1
PF14827	Double sensory domain of two-component sensor kinase	0	1	1	0	0	0	1	1	0	0	0	0	0	0	0	0	0	1	0	0	0	0	1	0	0	0	0	1	0	1	1	0	1	0	0	0	1	1	1	0	0	0
PF08242	Methyltransferase domain	0	1	0	0	0	0	0	0	0	0	0	0	0	0	1	0	0	0	0	0	1	0	0	0	0	0	0	1	0	0	1	0	0	0	0	0	0	1	1	0	0	0
PF11760	Cobalamin synthesis G N-terminal	0	1	0	0	0	0	0	0	0	0	0	0	0	0	0	0	0	0	0	0	0	0	0	0	0	0	0	0	0	0	0	0	0	0	0	0	0	0	0	0	0	0
PF01890	Cobalamin synthesis G C-terminus	0	1	0	0	0	0	0	0	0	0	0	0	0	1	1	0	0	0	0	0	1	1	0	0	1	1	0	0	0	0	0	0	0	0	0	0	0	0	0	0	0	1
PF11911	Protein of unknown function (DUF3429)	0	1	1	0	1	1	1	1	1	1	0	0	0	0	1	1	0	1	0	1	1	0	1	1	0	0	0	1	0	1	1	1	1	0	0	0	1	1	1	0	0	0
PF01361	Tautomerase enzyme	0	1	2	0	0	1	0	0	0	0	0	1	0	0	3	0	0	2	0	0	2	0	0	0	0	0	0	0	0	2	0	0	2	0	0	0	2	0	0	0	1	0
PF00465	Iron-containing alcohol dehydrogenase	0	1	4	2	0	1	1	1	2	2	1	3	2	3	4	2	0	4	1	2	5	2	1	0	1	1	0	1	2	3	3	2	4	1	1	2	3	1	2	0	2	1
PF05050	Methyltransferase FkbM domain	0	1	0	0	1	2	0	0	0	0	1	0	0	3	1	0	0	0	1	0	1	3	0	1	0	1	2	0	0	0	0	0	0	3	3	0	0	0	0	2	0	1
PF07845	Protein of unknown function (DUF1636)	0	1	0	0	0	0	0	0	0	0	0	0	0	0	2	0	0	0	0	0	2	0	0	0	1	1	0	0	0	0	0	0	0	0	0	0	0	0	0	0	0	1
PF03786	D-mannonate dehydratase (UxuA)	0	1	0	0	0	0	0	0	0	0	0	0	0	1	1	1	0	0	0	0	1	1	0	0	0	1	0	0	0	1	0	0	0	0	0	0	1	0	0	0	0	1
PF09312	SurA N-terminal domain	0	1	1	1	0	1	0	1	1	1	0	1	0	0	0	0	0	1	0	1	0	0	1	0	0	0	0	1	0	1	1	1	1	0	0	0	1	1	1	0	0	0
PF08019	Phosphoethanolamine transferase EptA/EptB	0	1	0	0	3	0	0	0	0	0	0	0	0	0	1	0	0	0	1	0	0	0	0	3	0	0	0	0	0	2	0	0	0	0	0	0	2	0	0	0	0	0
PF04134	DCC1-like thiol-disulfide oxidoreductase	0	1	1	1	1	0	1	1	1	0	2	0	1	1	1	0	0	1	2	0	1	1	1	1	1	0	2	1	1	1	1	1	1	1	1	1	1	1	1	2	1	0
PF07683	Cobalamin synthesis protein cobW C-terminal domain	0	2	0	2	1	2	0	0	0	2	0	0	0	0	6	0	0	0	0	3	5	0	0	1	0	2	0	0	0	0	0	2	0	1	1	0	0	0	0	0	0	2
PF05987	Bacterial protein of unknown function (DUF898)	0	1	1	0	1	0	1	1	0	0	1	0	0	0	1	0	0	1	1	0	1	0	0	1	0	0	0	1	0	0	0	0	1	0	0	0	0	1	0	0	0	0
PF06243	Phenylacetic acid degradation B	0	1	0	0	1	0	0	0	0	0	0	0	0	1	1	0	0	0	0	0	1	1	0	1	0	0	1	0	0	0	0	0	0	1	1	0	0	0	0	1	0	0
PF13460	NAD(P)H-binding	0	1	0	2	0	1	2	0	1	2	0	3	0	1	1	0	0	0	0	3	0	1	0	0	0	1	4	3	4	1	3	2	0	1	1	4	1	3	3	4	0	1
PF05694	56kDa selenium binding protein (SBP56)	0	1	0	0	0	0	0	0	0	0	0	0	0	0	1	0	0	0	0	0	1	0	0	0	0	0	0	0	0	0	0	0	0	0	0	0	0	0	0	0	0	0
PF04994	TfoX C-terminal domain	0	1	0	0	1	0	1	1	0	1	0	0	0	0	1	0	0	0	0	1	1	0	1	1	0	1	0	1	0	0	0	0	0	0	0	0	0	1	0	0	0	1
PF06779	Uncharacterised MFS-type transporter YbfB	0	1	1	2	0	0	0	1	0	1	0	1	0	1	0	0	0	2	0	2	0	1	2	0	0	0	0	1	0	0	0	1	1	0	0	0	0	1	0	0	0	0
PF10544	T5orf172 domain	0	1	0	0	0	0	0	0	1	0	0	0	1	0	0	0	0	0	0	0	0	0	0	0	0	0	0	0	0	0	0	0	0	0	0	0	0	0	0	0	0	0
PF12291	Protein of unknown function (DUF3623)	0	1	0	0	0	0	0	0	0	0	0	0	0	0	1	0	0	0	0	0	0	0	0	0	0	0	0	0	0	0	0	0	0	0	0	0	0	0	0	0	0	0
PF09585	Conserved hypothetical protein (Lin0512_fam)	0	2	0	0	0	0	0	0	0	0	0	0	0	0	2	0	0	0	0	0	2	0	0	0	0	0	0	0	0	0	0	0	0	0	0	0	0	0	0	0	0	0
PF06792	Uncharacterised protein family (UPF0261)	0	1	0	0	1	0	0	0	0	0	0	0	0	0	1	0	0	0	0	0	1	0	0	1	0	0	0	0	0	0	0	0	0	0	0	0	0	0	0	0	0	0
PF10067	Predicted membrane protein (DUF2306)	0	1	0	1	2	2	0	0	2	0	1	1	2	0	0	0	0	0	1	0	0	0	0	2	0	0	2	1	1	0	0	0	0	0	0	1	0	1	0	2	0	0
PF00274	Fructose-bisphosphate aldolase class-I	0	1	1	0	0	1	0	0	0	0	0	1	1	0	1	1	0	1	0	0	1	0	0	0	0	0	0	0	0	1	1	0	1	0	0	0	1	0	1	0	1	0
PF05899	EutQ-like cupin domain	0	1	1	0	2	0	0	0	2	0	0	0	0	0	0	0	0	1	0	0	0	0	0	2	0	0	0	0	0	0	0	0	1	0	0	0	0	0	0	0	0	0
PF04073	Aminoacyl-tRNA editing domain	0	1	3	3	1	1	4	2	1	3	0	1	1	1	1	1	0	3	0	3	1	1	3	1	1	1	0	3	0	2	2	3	3	1	1	0	2	3	2	0	2	1
PF00142	4Fe-4S iron sulfur cluster binding proteins, NifH/frxC family	0	2	0	0	0	0	0	0	0	0	0	0	0	0	2	0	0	0	0	0	0	0	0	0	0	0	0	0	0	0	0	0	0	0	0	0	0	0	0	0	0	0
PF07685	CobB/CobQ-like glutamine amidotransferase domain	0	1	2	0	1	0	1	1	0	2	0	1	0	1	2	0	0	3	0	2	2	1	1	1	2	2	0	1	0	0	0	2	2	0	0	0	0	1	0	0	2	2
PF11249	Protein of unknown function (DUF3047)	0	1	1	1	1	0	0	0	0	1	0	0	0	0	0	0	0	1	0	1	0	0	0	1	0	0	0	0	0	0	0	1	1	0	0	0	0	0	0	0	0	0
PF11149	Protein of unknown function (DUF2924)	0	1	0	0	0	0	0	0	0	0	0	0	0	0	1	0	0	0	0	0	1	0	0	0	0	0	0	0	0	0	0	0	0	0	0	0	0	0	0	0	0	0
PF14535	AMP-binding enzyme C-terminal domain	0	2	0	0	1	0	0	0	0	0	0	0	0	1	1	0	0	0	0	0	1	1	0	1	0	0	0	0	0	0	0	0	0	1	1	0	0	0	0	0	0	0
PF00520	Ion transport protein	0	1	1	1	1	3	0	1	2	2	0	3	2	1	1	0	0	1	1	2	1	1	1	1	0	1	1	2	1	1	2	2	1	0	0	1	1	2	2	1	0	1
PF13847	Methyltransferase domain	0	1	1	1	1	2	2	1	1	1	0	1	1	1	0	0	0	1	1	0	0	1	1	1	0	0	2	2	0	0	0	1	1	0	0	0	0	2	0	2	1	0
PF07284	2-vinyl bacteriochlorophyllide hydratase (BCHF)	0	1	0	0	0	0	0	0	0	0	0	0	0	0	1	0	0	0	0	0	0	0	0	0	0	0	0	0	0	0	0	0	0	0	0	0	0	0	0	0	0	0
PF12680	SnoaL-like domain	0	2	1	1	1	2	1	1	1	1	0	6	4	1	6	1	0	1	0	1	6	1	1	1	0	3	5	1	2	1	1	2	1	1	1	2	1	1	1	5	1	3
PF01488	Shikimate / quinate 5-dehydrogenase	0	1	2	2	1	1	2	2	2	2	1	1	1	0	1	1	0	2	1	2	1	0	2	1	1	0	1	2	1	2	2	2	2	0	0	1	2	2	2	1	1	0
PF05494	MlaC protein	0	1	1	1	1	2	1	1	1	1	0	2	1	1	1	1	0	1	0	1	1	1	1	1	0	0	0	1	0	1	1	2	1	1	1	0	1	1	1	0	1	0
PF03703	Bacterial PH domain	0	1	0	0	0	0	0	0	2	0	2	1	1	0	0	2	0	0	2	0	0	0	0	0	0	0	0	0	0	2	3	0	0	0	0	0	2	0	3	0	0	0
PF03205	Molybdopterin guanine dinucleotide synthesis protein B	0	1	1	0	1	0	0	0	0	0	0	0	0	2	1	0	0	1	0	0	1	1	0	1	1	0	0	0	0	0	0	0	1	0	0	0	0	0	0	0	0	0
PF00556	Antenna complex alpha/beta subunit	0	4	0	0	0	0	0	0	0	0	0	0	0	0	2	0	0	0	0	0	0	0	0	0	0	0	0	0	0	0	0	0	0	0	0	0	0	0	0	0	0	0
PF05138	Phenylacetic acid catabolic protein	0	2	0	0	2	0	0	0	0	0	0	0	0	0	2	0	0	0	0	0	2	1	0	2	0	0	2	0	0	0	0	0	0	0	0	0	0	0	0	2	0	0
PF21706	Sulfide dehydrogenase [flavocytochrome c] flavoprotein chain, central	0	1	0	0	1	1	0	0	0	0	0	0	0	0	1	0	0	0	0	0	1	0	0	1	0	0	0	0	0	0	0	0	0	0	0	0	0	0	0	0	0	0
PF09242	Flavocytochrome c sulphide dehydrogenase, flavin-binding	0	1	0	0	1	1	0	0	0	0	0	0	0	0	1	0	0	0	0	0	1	0	0	1	0	0	0	0	0	0	0	0	0	0	0	0	0	0	0	0	0	0
PF11746	Domain of unknown function (DUF3303)	0	1	0	0	0	0	0	0	0	0	0	0	0	0	0	0	0	0	0	0	0	0	0	0	0	0	0	0	0	0	0	0	0	0	0	0	0	0	0	0	0	0
PF09929	Putative PD-(D/E)XK phosphodiesterase (DUF2161)	0	1	0	0	1	0	0	0	0	0	0	0	0	0	1	0	0	0	0	0	1	0	0	1	1	0	0	0	0	0	0	0	0	0	0	0	0	0	0	0	0	0
PF04265	Thiamin pyrophosphokinase, vitamin B1 binding domain	0	1	0	0	1	0	0	0	0	0	1	0	0	1	1	0	0	0	1	0	1	1	0	1	0	0	0	0	0	0	0	0	0	1	1	0	0	0	0	0	0	0
PF08340	Domain of unknown function (DUF1732)	0	1	1	1	1	1	0	1	1	1	1	1	0	0	1	1	0	1	1	1	1	0	0	1	0	0	1	0	1	1	1	1	1	0	0	1	1	0	1	1	0	0
PF03755	YicC-like family, N-terminal region	0	1	1	1	1	1	0	1	1	1	1	1	0	0	1	1	0	1	1	1	1	0	0	1	0	0	1	0	1	1	1	1	1	0	0	1	1	0	1	1	0	0
PF13450	NAD(P)-binding Rossmann-like domain	0	1	4	6	1	6	4	2	3	6	1	6	2	2	3	2	0	5	1	5	4	2	2	1	1	5	0	3	1	3	1	6	4	1	1	1	3	3	1	0	1	5
PF05229	Spore Coat Protein U domain	0	1	2	2	0	0	0	0	1	0	0	0	0	0	0	0	0	2	0	2	0	0	0	0	0	2	0	0	0	0	0	0	0	0	0	0	0	0	0	0	0	2
PF10094	Uncharacterized protein conserved in bacteria (DUF2332)	0	1	0	0	0	0	0	0	0	0	0	1	1	0	1	0	0	0	0	0	1	0	0	0	0	1	0	0	0	0	0	0	0	0	0	0	0	0	0	0	0	1
PF04305	Protein of unknown function (DUF455)	0	1	0	0	1	0	0	0	0	0	0	0	0	1	1	0	0	0	0	0	1	1	0	1	1	0	0	0	0	0	0	0	0	0	0	0	0	0	0	0	0	0
PF07848	PaaX-like protein	0	1	0	0	1	0	0	0	0	0	0	1	0	0	1	0	0	0	0	0	1	0	0	1	1	0	0	0	0	0	0	0	0	0	0	0	0	0	0	0	0	0
PF16875	Glycosyl hydrolase family 36 N-terminal domain	0	1	0	0	0	1	0	0	0	0	0	0	0	0	1	1	0	0	0	0	1	0	0	0	0	0	0	0	0	1	0	0	0	0	0	0	1	0	0	0	0	1
PF02065	Melibiase	0	1	0	0	0	1	0	0	0	0	0	0	0	0	1	2	0	0	0	0	1	0	0	0	0	1	0	0	0	1	0	0	0	0	0	0	1	0	0	0	0	1
PF02449	Beta-galactosidase	0	1	0	0	0	1	2	1	0	0	0	0	0	0	1	1	0	0	0	0	1	0	1	0	0	0	0	0	0	1	0	0	0	0	0	0	1	0	0	0	0	0
PF08532	Beta-galactosidase trimerisation domain	0	1	0	0	0	1	0	0	0	0	0	0	0	0	1	1	0	0	0	0	1	0	0	0	0	0	0	0	0	1	0	0	0	0	0	0	1	0	0	0	0	0
PF03186	CobD/Cbib protein	0	1	1	0	0	0	1	1	0	1	0	1	0	1	1	0	0	1	0	1	1	1	1	0	1	1	0	1	0	1	1	1	1	0	0	0	1	1	1	0	0	1
PF03209	PUCC protein	0	2	0	0	0	0	0	0	0	0	0	0	0	0	3	0	0	0	0	0	1	0	0	0	0	0	0	0	0	0	0	0	0	0	0	0	0	0	0	0	0	0
PF00393	6-phosphogluconate dehydrogenase, C-terminal domain	0	1	0	0	1	0	0	0	1	0	0	0	0	0	1	1	0	0	0	0	1	0	0	1	1	1	1	0	0	1	1	0	0	0	0	0	1	0	1	1	0	1
PF03102	NeuB family	0	1	0	0	0	0	0	0	0	0	1	0	0	0	0	1	0	0	1	0	0	0	0	0	0	0	1	1	1	1	1	0	0	0	0	1	1	1	1	1	0	0
PF13759	Putative 2OG-Fe(II) oxygenase	0	1	0	0	1	3	0	0	0	0	0	2	2	0	1	0	0	0	0	0	1	0	0	1	1	0	0	0	0	1	1	0	0	0	0	0	1	0	1	0	0	0
PF16864	Dimerisation domain	0	1	0	0	0	0	0	0	0	0	0	0	0	0	0	0	0	0	0	0	0	0	0	0	0	0	0	0	0	0	0	0	0	0	0	0	0	0	0	0	0	0
PF00891	O-methyltransferase domain	0	1	0	0	0	0	0	0	0	0	0	0	0	0	1	0	0	0	0	1	0	0	0	0	0	0	0	0	0	0	0	0	0	0	0	0	0	0	0	0	0	0
PF07109	Magnesium-protoporphyrin IX methyltransferase C-terminus	0	1	0	0	0	0	0	0	0	0	0	0	0	0	1	0	0	0	0	0	0	0	0	0	0	0	0	0	0	0	0	0	0	0	0	0	0	0	0	0	0	0
PF13683	Integrase core domain	0	1	1	0	0	3	0	2	2	3	0	1	3	5	5	0	1	1	0	2	2	2	2	0	2	0	0	2	0	2	1	0	1	1	1	0	2	2	2	0	0	0
PF04879	Molybdopterin oxidoreductase Fe4S4 domain	0	2	4	2	2	0	2	2	0	2	0	0	0	3	5	2	0	4	0	1	4	2	2	2	1	3	1	1	0	2	1	1	4	0	0	0	2	1	1	1	0	1
PF13443	Cro/C1-type HTH DNA-binding domain	0	1	0	0	1	2	0	1	2	0	1	1	2	0	1	0	0	0	1	0	1	0	0	1	0	0	1	1	1	5	1	0	0	0	0	1	5	1	1	1	0	0
PF07152	YaeQ protein	0	1	1	1	1	0	1	1	1	1	0	0	0	1	1	0	0	1	0	1	0	1	0	1	0	0	0	1	0	1	1	1	1	0	0	0	1	1	1	0	0	0
PF13714	Phosphoenolpyruvate phosphomutase	0	1	1	1	0	1	1	1	1	1	0	0	0	1	2	2	0	1	0	1	2	1	1	0	1	0	0	1	0	2	1	1	1	1	1	0	2	1	1	0	1	0
PF04314	Copper chaperone PCu(A)C	0	1	1	1	2	1	1	1	1	1	0	1	1	1	1	1	0	1	0	1	1	1	1	2	2	2	0	1	0	1	1	1	1	1	1	0	1	1	1	0	1	1
PF02805	Metal binding domain of Ada	0	1	1	1	0	0	0	0	0	1	0	0	0	1	0	1	0	1	0	1	0	1	0	0	0	1	0	0	0	1	1	1	1	1	1	0	1	0	1	0	0	1
PF01988	VIT family	0	1	0	0	2	1	0	0	0	0	0	1	0	1	2	0	0	0	0	0	2	1	0	2	0	0	1	0	1	0	0	0	0	1	1	1	0	0	1	1	0	0
PF00282	Pyridoxal-dependent decarboxylase conserved domain	0	1	1	0	1	3	0	0	0	0	1	2	3	2	1	2	0	1	1	0	1	2	0	1	0	0	2	0	1	2	1	0	1	0	0	1	2	0	1	2	0	0
PF04657	Putative inner membrane exporter, YdcZ	0	1	0	0	1	1	0	0	0	0	0	0	0	0	1	0	0	0	0	0	1	0	0	1	0	0	0	0	0	0	0	0	0	0	0	0	0	0	0	0	0	0
PF00860	Permease family	0	1	5	0	2	0	0	0	1	1	0	0	0	1	1	1	0	5	0	1	1	1	0	2	0	2	0	0	0	1	2	1	5	0	0	0	1	0	2	0	3	1
PF13347	MFS/sugar transport protein	0	1	0	0	1	3	0	0	1	0	0	5	1	1	1	2	0	0	0	0	1	1	0	2	0	0	0	0	0	3	1	0	0	0	0	0	3	0	1	0	0	0
PF16884	N-terminal domain of oxidoreductase	0	1	1	1	1	3	0	0	0	0	0	2	2	1	2	1	0	1	0	0	1	1	0	1	1	0	0	0	1	1	1	1	1	1	1	1	1	0	1	0	1	0
PF11927	Haem-dependent oxidative N-demethylase, alpha subunit-like	0	1	0	0	1	1	0	0	0	0	0	1	1	1	2	0	0	0	0	0	2	0	0	1	0	0	0	0	0	0	0	0	0	0	0	0	0	0	0	0	0	0
PF00141	Peroxidase	0	1	1	2	1	1	0	1	0	0	1	1	0	1	1	2	0	1	1	0	1	1	1	1	0	1	2	1	1	2	4	1	1	0	0	1	2	1	4	1	1	1
PF00970	Oxidoreductase FAD-binding domain	0	1	6	5	1	1	5	2	1	4	2	1	1	2	1	1	0	6	1	3	1	2	2	1	0	2	3	4	2	4	3	3	6	1	2	2	4	4	4	3	2	1
PF00345	Pili and flagellar-assembly chaperone, PapD N-terminal domain	0	1	1	2	0	0	0	0	2	1	0	1	0	0	0	0	0	1	0	2	0	0	0	0	0	1	0	0	0	0	0	0	0	0	0	0	0	0	0	0	0	1
PF02572	ATP:corrinoid adenosyltransferase BtuR/CobO/CobP	0	1	1	1	1	0	1	1	0	1	0	1	0	1	1	0	0	2	0	1	1	1	1	1	0	1	0	1	0	0	0	1	1	0	0	0	0	1	0	0	1	1
PF17101	Stealth protein CR1, conserved region 1	0	1	0	0	0	0	0	0	0	0	0	0	0	0	0	0	0	0	0	0	0	0	0	0	0	0	0	0	0	0	0	0	0	0	0	0	0	0	0	0	0	0
PF11380	Stealth protein CR2, conserved region 2	0	1	0	0	0	0	0	0	0	0	0	0	0	0	0	0	0	0	0	0	0	0	0	0	0	0	0	0	0	0	0	0	0	0	0	0	0	0	0	0	0	0
PF20189	Family of unknown function (DUF6552)	0	1	0	0	1	0	0	0	0	0	0	0	0	0	1	0	0	0	0	0	1	0	0	1	0	0	0	0	0	0	0	0	0	0	0	0	0	0	0	0	0	0
PF13420	Acetyltransferase (GNAT) domain	0	1	0	0	0	0	0	0	0	0	0	0	0	0	0	0	0	0	0	0	0	0	0	0	0	0	0	0	0	0	0	0	0	0	0	0	0	0	0	0	0	0
PF01263	Aldose 1-epimerase	0	1	1	1	0	1	3	0	2	1	1	1	0	0	1	2	0	1	1	1	1	0	0	0	0	1	0	1	1	2	2	1	1	0	0	1	2	1	2	0	1	1
PF13673	Acetyltransferase (GNAT) domain	0	1	2	2	0	1	2	3	3	2	3	2	2	0	6	0	0	1	2	3	6	0	3	0	0	1	1	2	1	1	1	2	1	0	0	1	1	2	1	1	1	1
PF13280	WYL domain	0	1	2	2	0	2	1	4	0	3	0	1	1	2	3	2	0	2	1	6	2	2	1	0	0	0	0	4	1	4	3	4	2	2	2	1	4	4	3	0	0	0
PF08279	HTH domain	0	1	2	1	0	2	0	2	1	1	0	1	1	2	2	0	0	2	0	1	2	2	1	0	1	0	0	1	0	3	0	1	2	2	2	0	3	1	0	0	1	0
PF09347	Domain of unknown function (DUF1989)	0	1	0	2	1	0	2	0	0	2	0	1	1	2	2	0	0	0	0	2	2	1	2	1	0	0	0	2	0	0	0	2	0	1	1	0	0	2	0	0	0	0
PF13519	von Willebrand factor type A domain	0	1	1	0	0	0	1	1	0	0	0	0	0	0	4	1	0	1	0	0	3	0	2	0	0	2	1	1	0	1	2	0	1	0	0	0	1	1	2	1	1	2
PF11511	Intrinsic membrane protein PufX	0	1	0	0	0	0	0	0	0	0	0	0	0	0	2	0	0	0	0	0	0	0	0	0	0	0	0	0	0	0	0	0	0	0	0	0	0	0	0	0	0	0
PF20695	3-octaprenyl-4-hydroxybenzoate carboxy-lyase N-terminal domain	0	0	1	1	0	0	0	1	1	1	0	0	0	0	0	1	0	1	0	1	0	0	1	0	0	0	0	0	0	1	1	1	1	0	0	0	1	0	1	0	0	0
PF20696	3-octaprenyl-4-hydroxybenzoate carboxy-lyase C-terminal domain	0	0	1	1	0	0	0	1	1	1	0	0	0	0	0	1	0	1	0	1	0	0	1	0	0	0	0	0	0	1	1	1	1	0	0	0	1	0	1	0	0	0
PF01977	3-octaprenyl-4-hydroxybenzoate carboxy-lyase Rift-related domain	0	0	1	1	0	0	0	1	1	1	0	0	0	0	0	1	0	1	0	1	0	0	1	0	0	0	0	0	0	1	1	1	1	0	0	0	1	0	1	0	0	0
PF17243	POTRA domain TamA domain 1	0	0	1	1	0	0	0	0	0	1	0	0	0	0	0	0	0	1	0	1	0	0	0	0	0	0	0	0	0	1	1	1	1	0	0	0	1	0	1	0	1	0
PF04356	Protein of unknown function (DUF489)	0	0	1	1	0	0	1	1	1	1	0	0	0	0	0	1	0	1	0	1	0	0	1	0	0	0	0	1	0	1	1	1	1	0	0	0	1	1	1	0	1	0
PF06974	WS/DGAT C-terminal domain	0	0	4	2	0	1	0	0	0	2	0	0	0	0	0	0	0	5	0	2	0	0	0	0	0	0	0	0	0	0	1	2	4	0	0	0	0	0	1	0	0	0
PF03007	Wax ester synthase/diacylglycerol acyltransferase catalytic domain	0	0	4	2	0	1	0	0	0	2	0	0	0	0	0	0	0	4	0	2	0	0	0	0	0	0	0	0	0	0	1	2	4	0	0	0	0	0	1	0	0	0
PF17946	RecC C-terminal domain	0	0	1	1	0	0	1	1	1	1	0	0	0	0	0	0	0	1	0	1	0	0	1	0	0	0	0	1	0	1	1	1	1	0	0	0	1	1	1	0	0	0
PF10411	Disulfide bond isomerase protein N-terminus	0	0	1	1	0	0	0	0	1	1	0	0	0	0	0	1	0	1	0	1	0	0	0	0	0	0	0	0	0	1	1	1	1	0	0	0	1	0	1	0	1	0
PF08668	HDOD domain	0	0	8	0	0	0	3	5	0	0	0	0	0	0	0	5	0	8	0	0	0	0	6	0	0	0	0	5	0	9	7	0	8	0	0	0	9	5	7	0	4	0
PF02225	PA domain	0	0	1	0	0	0	0	0	1	0	2	0	0	0	0	1	0	1	2	0	0	0	0	0	0	0	1	0	1	1	1	0	1	0	0	1	1	0	1	1	1	0
PF04389	Peptidase family M28	0	0	1	0	0	3	0	0	2	0	1	3	2	0	0	4	0	1	4	0	0	0	0	0	0	1	8	0	5	4	4	0	1	0	0	5	4	0	4	8	1	1
PF12170	DNA polymerase III tau subunit V interacting with alpha	0	0	1	1	0	0	1	1	1	1	0	0	0	0	0	0	0	1	0	1	0	0	1	0	0	0	0	0	0	1	1	1	1	0	0	0	1	0	1	0	1	0
PF11006	Protein of unknown function (DUF2845)	0	0	1	0	0	0	0	0	0	0	0	0	0	0	0	0	0	1	0	0	0	0	0	0	0	0	0	0	0	0	0	0	1	0	0	0	0	0	0	0	0	0
PF06450	Bacterial Na+/H+ antiporter B (NhaB)	0	0	1	1	0	0	1	0	0	1	0	0	0	0	0	1	0	1	0	1	0	0	0	0	0	0	0	1	0	0	1	1	1	0	0	0	0	1	1	0	0	0
PF01832	Mannosyl-glycoprotein endo-beta-N-acetylglucosaminidase	0	0	2	0	0	0	2	1	1	0	1	0	0	0	0	1	0	2	1	0	0	0	1	0	0	0	1	2	1	2	3	0	2	0	0	1	2	2	3	1	2	0
PF11086	Protein of unknown function (DUF2878)	0	0	1	0	0	0	1	1	1	1	0	0	0	0	0	0	0	2	0	1	0	0	1	0	0	0	0	1	0	0	1	1	1	0	0	0	0	1	0	0	1	0
PF08282	haloacid dehalogenase-like hydrolase	0	0	2	1	0	0	2	3	2	1	1	1	0	1	1	1	0	2	1	1	1	1	2	0	0	0	2	2	3	3	3	1	2	1	1	3	3	2	2	2	2	0
PF01864	CDP-archaeol synthase	0	0	1	0	0	0	0	0	0	0	0	0	0	0	0	0	0	1	0	0	0	0	0	0	0	0	0	0	0	0	0	0	1	0	0	0	0	0	0	0	0	0
PF08721	TnsA endonuclease C terminal	0	0	1	0	0	0	0	0	0	0	0	0	0	0	0	1	0	1	0	0	0	0	0	0	0	0	0	0	0	1	0	0	1	0	0	0	1	0	0	0	0	0
PF08722	TnsA-like endonuclease N terminal	0	0	1	0	0	0	0	0	0	0	0	0	0	0	0	1	0	1	0	0	0	0	0	0	0	0	0	0	0	1	0	0	1	0	0	0	1	0	0	0	0	0
PF04663	Phenol hydroxylase conserved region	0	0	1	0	0	0	0	0	0	0	0	0	0	0	0	0	0	1	0	0	0	0	0	0	0	0	0	0	0	1	0	0	1	0	0	0	1	0	0	0	0	0
PF04952	Succinylglutamate desuccinylase / Aspartoacylase family	0	0	4	2	1	0	1	2	1	3	1	0	0	1	2	2	0	4	1	3	2	0	2	1	1	1	2	2	1	5	4	3	4	0	0	1	5	2	5	2	2	1
PF08905	Domain of unknown function (DUF1850)	0	0	1	0	0	0	0	0	0	0	0	0	0	0	0	0	0	1	0	0	0	0	0	0	0	0	0	0	0	0	0	0	1	0	0	0	0	0	0	0	0	0
PF04338	Protein of unknown function, DUF481	0	0	1	1	0	1	2	2	2	2	0	1	0	0	0	0	0	1	0	2	0	0	2	0	0	1	0	2	0	2	2	2	1	0	0	0	2	2	2	0	0	1
PF10135	Rod binding protein	0	0	1	0	0	0	1	1	0	0	0	0	0	1	0	1	0	1	0	0	0	1	1	0	0	0	0	1	0	1	1	0	1	1	1	0	1	1	1	0	1	0
PF12339	DNA-J related protein	0	0	1	0	0	0	1	1	0	0	0	0	0	0	0	0	0	1	0	0	0	0	0	0	0	0	0	1	0	1	1	0	1	0	0	0	1	1	1	0	1	0
PF20249	VasX toxin N-terminal region	0	0	1	0	0	0	0	0	0	0	0	0	0	0	0	0	0	1	0	0	0	0	0	0	0	0	0	0	0	0	0	0	1	0	0	0	0	0	0	0	1	0
PF06527	TniQ	0	0	1	0	0	0	1	0	0	0	0	0	0	0	0	0	0	1	0	0	1	0	1	0	0	0	0	0	0	1	0	0	1	0	0	0	1	0	0	0	0	0
PF15978	Tn7-like transposition protein D	0	0	1	0	0	0	0	0	0	0	0	0	0	0	0	0	0	1	0	0	0	0	0	0	0	0	0	0	0	1	0	0	1	0	0	0	1	0	0	0	0	0
PF01163	RIO1 family	0	0	1	1	0	0	1	1	0	2	0	0	0	0	0	0	0	1	0	2	0	0	0	0	0	0	0	1	0	0	1	1	1	0	0	0	0	1	1	0	1	0
PF00015	Methyl-accepting chemotaxis protein (MCP) signalling domain	0	0	17	2	0	0	14	15	1	1	0	0	0	9	3	12	0	17	0	1	3	9	18	0	0	5	0	16	0	18	16	1	17	7	7	0	17	16	16	0	8	4
PF11197	Protein of unknown function (DUF2835)	0	0	1	0	0	0	1	1	0	0	0	0	0	0	0	0	0	1	0	0	0	0	1	0	0	0	0	1	0	0	1	0	1	0	0	0	0	1	1	0	1	0
PF01584	CheW-like domain	0	0	7	6	0	0	5	9	3	3	0	0	0	1	0	7	0	8	0	3	0	1	12	0	0	2	0	10	0	7	7	3	7	0	0	0	7	10	8	0	3	2
PF12221	Bacterial membrane protein N terminal	0	0	1	0	0	0	1	1	1	1	0	0	0	0	0	0	0	2	0	2	0	0	1	0	0	0	0	1	0	1	1	1	1	0	0	0	1	1	1	0	1	0
PF00743	Flavin-binding monooxygenase-like	0	0	5	6	0	2	2	3	3	5	0	3	3	0	2	0	0	5	0	4	1	0	3	0	0	0	0	3	0	0	1	5	5	0	0	0	0	3	1	0	3	0
PF00805	Pentapeptide repeats (8 copies)	0	0	2	0	0	2	1	1	0	0	0	2	0	0	0	0	0	2	0	0	0	0	1	0	0	0	0	1	0	0	0	0	2	0	0	0	0	1	0	0	0	0
PF21077	Glutamate dehydrogenase, ACT3 domain	0	0	2	1	0	1	2	1	1	1	0	1	0	0	0	0	0	2	0	1	0	0	2	0	0	0	0	1	0	1	1	1	2	0	0	0	1	1	1	0	2	0
PF21078	Glutamate dehydrogenase, helical motif 3	0	0	2	1	0	1	1	1	1	1	0	1	0	0	0	0	0	2	0	1	0	0	1	0	0	0	0	1	0	1	1	1	2	0	0	0	1	1	1	0	2	0
PF05088	Bacterial NAD-glutamate dehydrogenase, catalytic domain	0	0	2	1	0	1	1	1	1	1	0	1	0	0	0	0	0	2	0	1	0	0	1	0	0	0	0	1	0	1	1	1	2	0	0	0	1	1	1	0	2	0
PF21079	Glutamate dehydrogenase, helical motif 2	0	0	2	1	0	1	1	1	1	1	0	1	0	0	0	0	0	2	0	1	0	0	2	0	0	0	0	1	0	1	1	1	2	0	0	0	1	1	1	0	2	0
PF21074	Glutamate dehydrogenase, C-terminal	0	0	2	1	0	1	1	1	1	1	0	1	0	0	0	0	0	2	0	1	0	0	1	0	0	0	0	1	0	1	1	1	2	0	0	0	1	1	1	0	2	0
PF04996	Succinylarginine dihydrolase	0	0	1	0	0	1	0	0	1	0	0	1	0	0	0	1	0	1	0	0	0	0	0	0	0	0	0	0	0	1	2	0	1	0	0	0	1	0	2	0	0	0
PF01852	START domain	0	0	1	3	0	0	1	1	0	3	0	0	0	0	0	0	0	1	0	3	0	0	0	0	0	0	0	1	0	0	0	2	1	0	0	0	0	1	0	0	1	0
PF14401	RimK-like ATPgrasp N-terminal domain	0	0	1	0	0	0	1	1	0	1	0	1	1	0	0	1	0	1	0	1	0	0	0	0	0	0	0	1	1	1	1	1	1	0	0	1	1	1	2	0	1	0
PF10996	Beta-Casp domain	0	0	1	1	0	0	0	2	1	2	0	1	0	0	0	0	0	2	0	3	0	0	2	0	0	0	2	2	2	1	0	0	1	0	0	2	1	2	0	1	1	0
PF09842	Predicted membrane protein (DUF2069)	0	0	1	1	0	0	2	0	1	1	0	0	0	0	0	1	0	1	0	1	0	0	1	0	0	0	0	1	0	1	1	1	1	0	0	0	1	1	1	0	1	0
PF08361	MAATS-type transcriptional repressor, C-terminal region	0	0	1	1	0	0	0	0	0	1	0	0	0	0	0	0	0	1	0	1	0	0	0	0	0	0	0	0	0	0	0	2	1	0	0	0	0	0	0	0	1	0
PF04957	Ribosome modulation factor	0	0	2	1	0	0	1	1	1	2	0	0	0	0	0	0	0	2	0	2	0	0	1	0	0	0	0	1	0	1	1	1	2	0	0	0	1	1	1	0	1	0
PF00498	FHA domain	0	0	2	0	0	0	1	2	4	0	0	1	0	1	1	0	0	2	0	0	1	1	2	0	0	0	0	3	0	0	0	0	2	0	0	0	0	3	0	0	2	0
PF20232	C-terminal domain of Type VI secretion system FHA protein	0	0	1	0	0	0	1	1	0	0	0	1	0	1	0	0	0	1	0	0	0	1	1	0	0	0	0	1	0	0	0	0	1	0	0	0	0	1	0	0	1	0
PF00401	ATP synthase, Delta/Epsilon chain, long alpha-helix domain	0	0	1	1	0	0	0	1	1	1	0	0	0	0	0	1	0	1	0	1	0	0	2	0	0	0	0	1	0	1	2	1	1	0	0	0	1	1	1	0	0	0
PF13511	Domain of unknown function (DUF4124)	0	0	6	6	0	0	2	4	1	5	0	0	0	0	0	1	0	7	0	5	0	0	3	0	0	0	0	3	0	1	0	5	6	0	0	0	1	3	0	0	4	0
PF04371	Porphyromonas-type peptidyl-arginine deiminase	0	0	1	1	0	1	0	0	0	1	0	1	1	0	0	1	0	1	0	1	0	0	0	0	0	0	0	0	0	1	1	1	1	0	0	0	1	0	1	0	1	0
PF07813	LTXXQ motif family protein	0	0	1	0	1	0	1	1	0	0	1	0	0	0	0	1	0	1	1	0	0	0	1	1	0	0	0	1	1	1	1	0	1	0	0	1	1	1	1	0	1	0
PF13431	Tetratricopeptide repeat	0	0	1	0	0	0	0	0	0	0	0	0	0	0	0	0	0	1	0	0	0	0	0	0	0	0	0	0	0	0	0	0	1	0	0	0	0	0	0	0	1	0
PF09976	Tetratricopeptide repeat-like domain	0	0	2	1	1	0	1	1	1	1	0	0	0	0	0	1	0	2	0	1	0	0	1	1	1	1	0	1	0	1	1	1	2	0	0	0	1	1	1	0	2	1
PF03958	Bacterial type II/III secretion system short domain	0	0	3	2	0	1	1	2	2	2	0	1	1	0	0	2	0	3	0	2	0	0	2	0	1	0	0	2	0	2	2	2	3	0	0	0	2	2	2	0	2	0
PF19837	Domain of unknown function (DUF6316)	0	0	1	1	0	0	0	0	1	0	0	0	0	0	0	0	0	1	0	0	0	0	0	0	0	0	0	0	0	0	0	0	1	0	0	0	0	0	0	0	1	0
PF13767	Domain of unknown function (DUF4168)	0	0	1	1	0	0	0	0	0	1	0	0	0	0	0	0	0	1	0	1	0	0	0	0	0	0	0	0	0	0	1	1	1	0	0	0	0	0	1	0	1	0
PF09981	Uncharacterized protein conserved in bacteria (DUF2218)	0	0	1	0	0	0	0	0	0	0	0	0	0	2	0	0	0	1	0	0	0	2	0	0	0	0	0	0	0	0	0	1	1	0	0	0	0	0	0	0	0	0
PF05154	TM2 domain	0	0	1	2	0	0	0	0	0	1	0	0	0	0	0	0	0	1	0	1	0	0	0	0	0	2	2	0	0	0	0	2	1	0	0	0	0	0	0	2	0	2
PF03283	Pectinacetylesterase	0	0	1	0	0	0	0	0	0	0	0	0	0	0	0	0	0	1	0	0	0	0	0	0	0	0	0	0	0	0	1	0	1	0	0	0	0	0	1	0	1	0
PF03060	Nitronate monooxygenase	0	0	3	4	0	4	2	1	0	3	0	5	3	2	2	1	0	3	2	3	1	2	1	0	2	1	2	2	2	1	0	4	3	1	1	2	1	2	0	2	1	1
PF02667	Short chain fatty acid transporter	0	0	1	0	0	0	0	0	0	0	0	0	0	0	0	0	0	1	0	0	0	0	0	0	0	0	1	0	0	0	1	0	1	0	0	0	0	0	1	1	1	0
PF16036	Chalcone isomerase-like	0	0	1	1	1	0	1	1	3	1	1	0	0	0	0	1	0	2	1	1	0	0	1	1	0	0	1	1	0	1	2	1	1	0	0	0	1	1	2	1	1	0
PF13689	YfiR/HmsC-like	0	0	1	0	0	0	0	1	0	0	0	0	0	0	0	0	0	1	0	0	0	0	1	0	0	0	0	0	0	0	0	0	1	0	0	0	0	0	0	0	1	0
PF20419	Family of unknown function (DUF6701)	0	0	1	0	0	0	0	2	0	0	0	0	0	0	0	1	0	1	0	0	0	0	2	0	0	0	0	2	0	1	0	0	1	0	0	0	1	2	0	0	1	0
PF16113	Enoyl-CoA hydratase/isomerase	0	0	2	1	1	1	0	1	1	1	0	1	1	0	1	1	0	2	0	1	2	0	1	1	0	1	0	0	0	1	1	1	2	0	0	0	1	0	1	0	0	1
PF19662	Family of unknown function (DUF6165)	0	0	1	0	0	0	0	0	0	0	0	0	0	0	0	0	0	1	0	0	0	0	0	0	0	0	0	0	0	0	0	0	1	0	0	0	0	0	0	0	1	0
PF03349	Outer membrane protein transport protein (OMPP1/FadL/TodX)	0	0	6	5	0	0	1	2	2	3	1	0	0	0	1	0	0	7	1	3	1	0	2	0	0	1	2	0	1	0	1	5	4	0	0	1	0	0	2	2	2	1
PF13556	PucR C-terminal helix-turn-helix domain	0	0	1	0	0	0	0	0	0	0	0	0	0	0	0	0	0	1	0	0	0	0	0	0	0	0	0	0	0	0	0	0	1	0	0	0	0	0	0	0	1	0
PF11874	Domain of unknown function (DUF3394)	0	0	1	0	0	0	0	0	0	0	0	0	0	1	1	0	0	1	0	0	1	0	0	0	1	1	0	0	0	0	0	0	1	0	0	0	0	0	0	0	1	1
PF07866	Protein of unknown function (DUF1653)	0	0	1	1	0	0	1	1	1	1	0	0	0	0	0	1	0	1	0	1	0	0	2	0	0	0	0	1	0	1	1	1	1	0	0	0	1	1	1	0	0	0
PF02558	Ketopantoate reductase PanE/ApbA	0	0	3	2	0	0	2	2	0	2	0	2	0	0	2	0	0	5	0	2	2	0	2	0	1	1	0	2	0	3	2	3	3	0	0	0	3	2	2	0	2	1
PF08546	Ketopantoate reductase PanE/ApbA C terminal	0	0	3	2	0	0	2	2	0	2	0	1	0	0	2	0	0	5	0	2	2	0	2	0	1	1	0	2	0	3	2	2	3	0	0	0	3	2	2	0	2	1
PF05137	Fimbrial assembly protein (PilN)	0	0	2	1	0	0	1	1	1	1	0	0	0	0	0	1	0	2	0	1	0	0	1	0	0	0	0	1	0	2	1	1	2	0	0	0	2	1	1	0	2	0
PF04445	Putative SAM-dependent methyltransferase	0	0	1	1	0	0	1	0	1	1	0	0	0	1	0	1	0	1	0	2	0	1	0	0	0	0	0	1	0	1	1	1	1	1	1	0	1	1	1	0	1	0
PF02154	Flagellar motor switch protein FliM	0	0	1	0	0	0	1	1	0	0	0	0	0	0	0	1	0	1	0	0	0	0	1	0	0	0	0	1	0	1	1	0	1	0	0	0	1	1	1	0	1	0
PF01052	Type III flagellar switch regulator (C-ring) FliN C-term	0	0	2	0	1	4	1	2	0	0	0	4	4	1	1	2	0	2	0	0	1	2	2	2	0	2	0	1	0	2	2	0	2	1	1	0	2	1	2	0	2	2
PF01928	CYTH domain	0	0	1	1	0	0	1	1	0	1	1	0	0	0	0	1	0	1	1	1	0	0	1	0	0	0	1	1	1	1	1	1	1	0	0	1	1	1	1	1	1	0
PF08907	Domain of unknown function (DUF1853)	0	0	1	1	0	0	1	0	1	1	1	0	0	0	0	0	0	1	1	1	0	0	0	0	0	0	1	1	1	0	0	1	1	0	0	1	0	1	0	1	1	0
PF14342	Domain of unknown function (DUF4396)	0	0	1	0	0	0	0	0	0	0	0	0	0	0	0	0	0	1	0	0	0	0	0	0	0	0	0	0	0	0	0	0	1	0	0	0	0	0	0	0	1	0
PF02371	Transposase IS116/IS110/IS902 family	0	0	2	0	0	1	0	1	0	0	1	2	0	4	5	5	0	2	0	0	6	3	1	0	0	0	1	0	0	2	2	0	2	4	3	0	3	0	2	1	1	0
PF07589	PEP-CTERM motif	0	0	6	0	0	0	0	0	0	0	0	0	0	0	2	1	0	6	0	0	2	0	0	0	0	0	0	0	0	1	2	0	6	0	0	0	1	0	2	0	3	0
PF11191	Protein of unknown function (DUF2782)	0	0	1	0	0	0	1	1	0	0	0	0	0	0	0	0	0	1	0	0	0	0	1	0	0	0	0	1	0	0	0	0	1	0	0	0	0	1	0	0	0	0
PF04257	Exodeoxyribonuclease V, gamma subunit	0	0	1	1	0	0	1	1	1	1	0	0	0	0	0	0	0	1	0	1	0	0	1	0	0	0	0	1	0	1	1	1	1	0	0	0	1	1	1	0	0	0
PF11182	Alginate O-acetyl transferase AlgF	0	0	1	0	0	0	0	0	0	1	0	0	0	0	0	0	0	2	0	1	0	0	0	0	0	0	0	0	0	0	0	0	1	0	0	0	0	0	0	0	0	0
PF00460	Flagella basal body rod protein	0	0	6	0	1	5	6	6	0	0	0	6	5	4	2	5	0	6	0	0	0	5	6	1	5	5	0	6	0	6	6	0	6	4	4	0	6	6	6	0	6	5
PF07559	Flagellar basal body protein FlaE	0	0	1	0	1	1	1	1	0	0	0	1	1	0	1	0	0	1	0	0	0	1	1	1	0	0	0	1	0	1	1	0	1	0	0	0	1	1	1	0	1	0
PF06429	Flagellar basal body rod FlgEFG protein C-terminal	0	0	5	0	2	5	5	5	0	0	0	5	5	3	2	3	0	5	0	0	0	4	5	2	4	5	0	5	0	5	5	0	5	3	3	0	5	5	5	0	5	5
PF10095	Uncharacterized protein conserved in bacteria (DUF2333)	0	0	1	1	0	0	1	1	1	1	0	0	0	0	0	1	0	1	0	1	0	0	1	0	0	0	0	1	0	1	1	1	1	0	0	0	1	1	1	0	0	0
PF07044	Protein of unknown function (DUF1329)	0	0	5	1	0	0	1	1	0	1	0	0	0	0	0	1	0	6	0	1	0	0	1	0	0	0	0	2	0	2	1	1	5	0	0	0	2	2	1	0	3	0
PF01985	CRS1 / YhbY (CRM) domain	0	0	1	1	0	0	1	1	1	1	0	0	0	0	0	1	0	1	0	1	0	0	1	0	0	0	0	1	0	1	1	1	1	0	0	0	1	1	1	0	0	0
PF01242	6-pyruvoyl tetrahydropterin synthase	0	0	2	1	0	1	1	1	1	1	2	1	1	0	0	1	0	2	2	1	0	0	1	0	0	2	3	1	2	1	1	1	2	0	0	2	1	1	1	3	2	2
PF12625	Arabinose-binding domain of AraC transcription regulator, N-term	0	0	12	23	0	2	22	15	2	14	0	2	1	0	4	1	0	14	0	15	3	0	13	0	0	0	0	21	0	2	2	26	12	0	0	0	2	21	3	0	6	0
PF13899	Thioredoxin-like	0	0	2	1	0	2	1	0	1	1	3	1	1	0	0	3	0	2	3	1	0	0	0	0	0	0	2	1	4	3	0	1	2	0	0	4	3	1	0	2	2	0
PF07819	PGAP1-like protein	0	0	1	1	0	0	0	0	0	1	1	0	0	0	0	0	0	1	0	1	0	0	0	0	0	0	0	0	0	0	1	1	1	0	0	0	0	0	1	0	1	0
PF01755	Glycosyltransferase family 25 (LPS biosynthesis protein)	0	0	1	0	0	0	0	0	1	0	0	0	0	0	0	1	0	1	0	0	0	0	0	0	1	1	0	0	0	1	1	0	1	0	0	0	1	0	1	0	1	1
PF00771	FHIPEP family	0	0	1	0	0	1	1	1	0	0	0	1	1	1	0	1	0	1	0	0	0	1	1	0	0	1	0	1	0	1	1	0	1	1	1	0	1	1	1	0	1	1
PF19657	Family of unknown function (DUF6160)	0	0	5	4	0	0	3	4	0	0	0	0	0	0	0	0	0	5	0	0	0	0	4	0	0	0	0	5	0	0	0	3	5	0	0	0	0	5	0	0	4	0
PF01526	Tn3 transposase DDE domain	0	0	2	2	0	0	2	2	0	2	0	0	0	2	0	3	0	3	0	2	2	0	1	0	0	0	0	3	0	6	1	0	1	0	0	0	6	3	0	0	1	0
PF09694	Bacterial protein of unknown function (Gcw_chp)	0	0	1	1	0	1	2	3	0	1	0	1	1	0	0	0	0	1	0	1	0	0	3	0	0	0	0	1	0	1	2	1	1	0	0	0	1	1	2	0	0	0
PF05226	CHASE2 domain	0	0	1	1	0	0	0	0	0	1	0	0	0	0	0	0	0	1	0	1	0	0	0	0	0	0	0	1	0	0	1	1	1	0	0	0	0	1	1	0	1	0
PF01564	Spermine/spermidine synthase domain	0	0	1	2	0	0	2	2	0	1	0	0	0	0	0	1	0	1	1	1	0	0	2	0	0	1	0	3	0	1	1	2	1	0	0	0	1	3	1	0	0	1
PF17284	Spermidine synthase tetramerisation domain	0	0	1	1	0	0	1	1	0	1	0	0	0	0	0	0	0	1	0	1	0	0	1	0	0	0	0	1	0	0	0	1	1	0	0	0	0	1	0	0	0	0
PF03280	Proteobacterial lipase chaperone protein	0	0	3	1	0	0	1	1	0	0	0	0	0	0	0	0	0	5	0	0	0	0	1	0	0	0	0	1	0	0	1	2	3	0	0	0	0	1	1	0	1	0
PF17203	Single cache domain 3	0	0	1	0	0	0	0	0	0	0	0	0	0	0	0	0	0	1	0	0	0	0	0	0	0	0	0	0	0	0	0	0	1	0	0	0	0	0	0	0	1	0
PF14689	Sensor_kinase_SpoOB-type, alpha-helical domain	0	0	1	0	0	0	0	0	0	0	0	0	0	0	0	0	0	1	0	0	0	0	0	0	0	0	0	0	0	0	0	0	1	0	0	0	0	0	0	0	1	0
PF01312	FlhB HrpN YscU SpaS Family	0	0	2	0	0	1	2	2	0	0	0	1	1	0	0	2	0	2	0	0	0	0	2	0	0	1	0	2	0	2	2	0	2	0	0	0	2	2	2	0	2	1
PF13307	Helicase C-terminal domain	0	0	2	1	0	0	1	1	1	1	0	0	0	0	0	2	0	2	0	1	0	0	1	0	0	0	0	1	0	2	1	1	2	0	0	0	2	1	1	0	1	0
PF06733	DEAD_2	0	0	1	1	0	0	0	0	1	1	0	0	0	0	0	0	0	1	0	1	0	0	0	0	0	0	0	0	0	1	0	1	1	0	0	0	1	0	0	0	0	0
PF06434	Aconitate hydratase 2 N-terminus	0	0	1	1	1	0	1	1	1	1	0	0	0	1	1	1	0	1	0	1	0	1	1	1	0	0	0	1	0	1	1	1	1	0	0	0	1	1	1	0	1	0
PF11791	Aconitate B N-terminal domain	0	0	1	1	1	0	1	1	1	1	0	0	0	1	1	1	0	1	0	1	0	1	1	1	0	0	0	1	0	1	1	1	1	0	0	0	1	1	1	0	1	0
PF02169	LPP20 lipoprotein	0	0	1	0	0	0	1	3	0	0	0	0	0	0	0	0	0	1	0	0	0	0	3	0	0	0	0	2	0	1	1	0	1	0	0	0	1	2	1	0	0	0
PF10110	Membrane domain of glycerophosphoryl diester phosphodiesterase	0	0	1	0	0	0	0	0	0	0	0	0	0	0	0	0	0	1	0	0	0	0	0	0	0	0	0	0	0	0	0	0	1	0	0	0	0	0	0	0	1	0
PF13710	ACT domain	0	0	2	1	0	0	1	1	1	1	0	0	0	0	0	0	0	2	0	1	0	0	1	0	0	0	0	1	0	1	1	1	2	0	0	0	1	1	1	0	2	0
PF18134	Adenylyl/Guanylyl and SMODS C-terminal sensor domain	0	0	1	0	0	0	0	0	0	0	0	0	0	0	0	0	0	0	0	1	0	0	0	0	0	0	0	0	0	0	0	0	0	0	0	0	0	0	0	0	0	0
PF18144	Second Messenger Oligonucleotide or Dinucleotide Synthetase domain	0	0	1	0	0	0	0	0	0	0	0	0	0	0	0	0	0	0	0	1	0	0	0	0	0	0	0	2	0	0	0	0	0	0	0	0	0	2	0	0	0	0
PF01609	Transposase DDE domain	0	0	3	0	0	0	0	0	0	1	0	0	0	1	1	2	0	6	0	0	0	1	0	0	0	0	0	0	0	2	2	1	2	1	1	0	2	0	3	0	2	0
PF05598	Transposase domain (DUF772)	0	0	2	0	0	0	0	1	0	0	0	0	0	1	0	0	0	3	0	0	0	1	1	0	0	2	0	0	0	0	0	0	2	1	1	0	0	0	0	0	2	1
PF05359	Domain of Unknown Function (DUF748)	0	0	1	1	0	0	1	1	1	1	0	0	0	0	0	1	0	1	0	1	0	0	1	0	0	0	0	1	1	0	1	1	1	0	0	1	0	1	1	0	0	0
PF02424	ApbE family	0	0	2	2	0	1	2	2	1	2	1	2	0	1	0	3	0	2	1	2	0	1	3	0	0	0	1	3	3	3	2	2	2	0	0	3	3	3	2	1	2	0
PF07396	Phosphate-selective porin O and P	0	0	3	2	0	0	0	0	0	0	1	0	0	0	0	0	0	3	1	1	0	0	0	0	1	0	0	1	1	1	1	0	3	0	0	1	1	1	1	0	1	0
PF12094	Protein of unknown function (DUF3570)	0	0	1	2	0	0	1	1	0	1	0	0	0	0	0	2	0	1	0	1	0	0	2	0	0	0	0	2	2	2	0	1	1	0	0	2	2	2	0	0	1	0
PF14525	AraC-binding-like domain	0	0	1	0	0	0	0	0	0	0	0	1	0	2	0	0	0	1	0	0	0	2	0	0	1	1	0	0	0	0	0	0	1	1	1	0	0	0	0	0	0	0
PF05488	PAAR motif	0	0	1	0	0	0	0	1	0	0	0	0	0	0	0	0	0	1	0	0	0	0	1	0	0	0	1	2	0	0	0	0	1	0	0	0	0	2	0	1	0	0
PF11153	Protein of unknown function (DUF2931)	0	0	2	0	0	0	0	0	0	0	0	0	0	0	0	0	0	2	0	0	0	0	0	0	0	0	0	0	0	0	0	0	2	0	0	0	0	0	0	0	0	0
PF01161	Phosphatidylethanolamine-binding protein	0	0	1	0	0	0	0	1	0	1	0	0	0	0	4	0	0	1	0	1	0	0	1	0	0	0	0	0	0	0	0	1	1	0	0	0	0	0	0	0	0	0
PF18267	Rubredoxin NAD+ reductase C-terminal domain	0	0	2	2	0	0	2	2	0	3	0	1	0	0	1	1	0	2	0	3	1	0	2	0	0	1	0	2	0	1	1	3	2	0	0	0	1	2	1	0	0	0
PF04324	BFD-like [2Fe-2S] binding domain	0	0	3	2	0	1	3	3	0	3	0	3	0	1	2	2	0	3	0	3	2	1	3	0	0	2	0	3	0	3	3	4	3	0	0	0	3	3	3	0	0	0
PF12729	Four helix bundle sensory module for signal transduction	0	0	2	0	0	0	1	1	0	0	0	0	0	0	0	1	0	2	0	0	0	0	1	0	0	0	0	1	0	2	2	0	2	0	0	0	2	1	2	0	2	0
PF21315	FAN1, HTH domain	0	0	1	0	0	0	0	1	0	0	0	0	0	0	0	1	0	1	0	0	0	0	1	0	0	0	0	0	0	1	1	0	1	0	0	0	1	0	1	0	0	0
PF08774	VRR-NUC domain	0	0	1	0	0	0	0	1	0	0	0	0	0	0	0	1	0	2	0	0	0	0	1	0	0	0	0	0	0	1	1	0	1	0	0	0	1	0	1	0	0	0
PF03537	Glycoside-hydrolase family GH114	0	0	2	2	0	0	0	1	0	2	0	0	0	0	0	0	0	1	0	3	0	0	1	0	0	0	0	0	0	0	0	2	1	0	0	0	0	0	0	0	0	0
PF13487	HD domain	0	0	7	1	0	0	3	2	1	1	0	0	0	0	0	3	0	7	0	1	0	0	3	0	0	0	0	2	0	3	8	1	7	0	0	0	3	2	7	0	2	0
PF12900	Pyridoxamine 5'-phosphate oxidase	0	0	1	0	0	0	0	0	0	0	0	0	0	0	0	0	0	1	0	0	0	0	0	0	0	0	0	0	1	0	0	0	1	0	0	1	0	0	0	0	1	0
PF04315	Elongation factor P hydroxylase	0	0	1	1	0	0	0	1	1	1	0	0	0	0	0	1	0	1	0	1	0	0	1	0	0	0	0	0	0	1	1	1	1	0	0	0	1	0	1	0	1	0
PF13640	2OG-Fe(II) oxygenase superfamily	0	0	2	1	0	2	1	2	2	1	1	3	2	1	0	2	0	2	1	1	0	1	2	0	1	0	0	3	1	3	2	1	2	0	0	1	3	3	2	0	2	0
PF09829	Uncharacterized protein conserved in bacteria (DUF2057)	0	0	1	1	0	0	0	0	0	1	0	0	0	0	0	0	0	1	0	1	0	0	0	0	0	0	0	0	0	0	0	1	1	0	0	0	0	0	0	0	1	0
PF21185	RecBCD enzyme subunit RecD, N-terminal domain	0	0	1	1	0	0	0	0	0	1	0	0	0	0	0	0	0	2	0	1	0	0	0	0	0	0	0	0	0	0	0	1	1	0	0	0	0	0	0	0	0	0
PF02426	Muconolactone delta-isomerase	0	0	1	0	0	0	0	0	0	0	0	0	0	0	1	0	0	1	0	0	0	0	0	0	0	0	0	0	0	0	0	0	1	0	0	0	0	0	0	0	0	0
PF11067	Protein of unknown function (DUF2868)	0	0	1	1	0	0	1	0	0	1	0	0	0	0	0	0	0	2	0	1	0	0	1	0	0	0	0	0	0	0	0	1	1	0	0	0	0	0	0	0	0	0
PF04444	Catechol dioxygenase N terminus	0	0	1	0	0	0	0	0	0	0	0	0	0	1	1	0	0	1	0	0	1	1	0	0	0	0	0	0	0	0	0	0	1	0	0	0	0	0	0	0	0	0
PF03502	Nucleoside-specific channel-forming protein, Tsx	0	0	2	0	0	0	0	0	0	0	0	0	0	0	0	0	0	2	0	0	0	0	0	0	0	0	0	0	0	0	0	0	2	0	0	0	0	0	0	0	0	0
PF03116	NQR2, RnfD, RnfE family	0	0	2	2	0	1	1	1	1	2	1	0	1	1	0	1	0	2	1	3	0	0	0	0	0	0	1	1	1	2	2	2	2	0	0	1	2	1	2	1	2	0
PF05638	Type VI secretion system effector, Hcp	0	0	1	0	0	1	0	1	1	0	0	0	0	1	0	0	0	1	0	0	0	1	1	0	0	0	0	1	0	0	0	0	1	0	0	0	0	1	0	0	0	0
PF18796	Large polyvalent protein-associated domain 1	0	0	1	0	0	0	0	1	0	0	0	0	0	0	0	0	0	1	0	0	0	0	1	0	0	0	0	1	0	1	1	0	1	0	0	0	1	1	1	0	1	0
PF06980	Protein of unknown function (DUF1302)	0	0	3	2	0	0	0	1	0	1	0	0	0	0	0	1	0	3	0	1	0	0	1	0	0	0	0	1	0	2	1	2	3	0	0	0	2	1	1	0	1	0
PF04287	tRNA pseudouridine synthase C	0	0	1	1	0	0	0	1	1	1	0	0	0	0	0	0	0	1	0	1	0	0	1	0	0	0	0	1	0	0	1	1	1	0	0	0	0	1	1	0	1	0
PF20661	Domain of unknown function (DUF6813)	0	0	2	0	0	0	1	3	2	1	0	0	0	0	0	0	0	2	0	1	0	0	4	0	0	0	0	2	0	0	0	1	2	0	0	0	0	2	0	0	1	0
PF13440	Polysaccharide biosynthesis protein	0	0	2	0	0	1	0	1	0	1	1	2	0	0	1	0	0	2	0	2	1	0	1	0	0	1	4	1	2	2	2	1	2	0	0	2	2	1	1	4	2	1
PF13205	Bacterial Ig-like domain	0	0	4	3	0	0	1	0	0	3	1	0	0	0	0	0	0	5	1	3	0	0	0	0	0	0	1	1	1	0	0	4	2	0	0	1	0	1	0	1	1	0
PF07238	PilZ domain	0	0	9	3	1	2	6	6	1	5	0	3	3	0	0	0	0	11	0	5	0	0	6	1	0	0	0	6	0	2	6	4	9	0	0	0	2	6	6	0	8	0
PF02965	Vitamin B12 dependent methionine synthase, activation domain	0	0	1	1	0	1	1	1	1	1	1	1	0	0	0	0	0	1	1	1	0	0	1	0	0	1	1	1	1	1	1	1	1	0	0	1	1	1	1	1	1	1
PF04093	rod shape-determining protein MreD	0	0	1	1	0	0	0	1	1	1	0	0	0	0	0	1	0	1	0	1	0	0	1	0	0	0	0	0	0	1	1	1	1	0	0	0	1	0	1	0	1	0
PF13000	Acetyl-coenzyme A transporter 1	0	0	1	0	0	0	1	0	0	0	0	1	1	0	0	0	0	1	0	0	0	0	0	0	0	0	0	0	0	0	0	0	1	0	0	0	0	0	0	0	1	0
PF05118	Aspartyl/Asparaginyl beta-hydroxylase	0	0	1	1	0	1	0	0	1	1	0	1	0	0	0	1	0	1	0	1	0	0	0	0	0	0	0	0	0	1	0	1	1	0	0	0	1	0	0	0	1	0
PF10023	Putative aminopeptidase	0	0	1	0	0	0	0	0	0	1	0	0	0	0	0	0	0	1	0	2	0	0	0	0	0	0	0	0	0	0	0	1	1	0	0	0	0	0	0	0	0	0
PF10118	Predicted metal-dependent hydrolase	0	0	2	10	0	0	6	8	0	12	0	1	1	0	0	0	0	3	0	10	0	0	8	0	0	0	0	7	0	0	0	13	2	0	0	0	0	7	0	0	1	0
PF11319	Type VI secretion system VasI, EvfG, VC_A0118	0	0	1	0	0	0	0	0	0	0	0	0	0	0	0	0	0	1	0	0	0	0	0	0	0	0	0	0	0	0	0	0	1	0	0	0	0	0	0	0	1	0
PF01418	Helix-turn-helix domain, rpiR family	0	0	1	0	0	0	1	1	2	0	0	1	0	1	2	1	0	1	0	0	2	1	1	0	0	1	0	1	0	1	2	0	1	1	1	0	1	1	2	0	1	0
PF03872	Anti sigma-E protein RseA, N-terminal domain	0	0	1	1	0	0	1	1	1	1	0	0	0	0	0	1	0	1	0	1	0	0	1	0	0	0	0	1	0	1	1	1	1	0	0	0	1	1	1	0	1	0
PF16822	SGNH hydrolase-like domain, acetyltransferase AlgX	0	0	2	0	0	0	0	0	0	2	0	0	0	0	0	0	0	4	0	2	0	0	0	0	0	0	0	0	0	0	0	0	2	0	0	0	0	0	0	0	0	0
PF00311	Phosphoenolpyruvate carboxylase	0	0	1	1	0	1	1	1	0	1	0	1	1	0	0	1	0	1	0	1	0	0	1	0	0	0	1	1	1	1	1	1	1	0	0	1	1	1	1	1	1	0
PF09118	Galactose oxidase-like, Early set domain	0	0	2	0	0	0	0	0	0	0	0	0	0	0	0	0	0	2	0	0	0	0	0	0	0	0	0	0	0	0	1	1	2	0	0	0	0	0	1	0	1	0
PF13418	Galactose oxidase, central domain	0	0	1	0	0	0	0	0	0	0	0	0	0	0	0	0	0	1	0	0	0	0	0	0	0	0	0	0	0	0	0	0	1	0	0	0	0	0	0	0	0	0
PF11042	Protein of unknown function (DUF2750)	0	0	1	0	0	0	2	0	1	0	0	0	0	0	0	0	0	1	0	0	0	0	1	0	0	0	0	1	0	0	2	0	1	0	0	0	0	1	2	0	0	0
PF00463	Isocitrate lyase family	0	0	1	1	0	1	2	0	1	1	0	0	0	0	0	0	0	1	0	1	0	0	1	0	0	0	0	1	1	1	1	1	1	0	0	1	1	1	1	0	0	0
PF03977	Na+-transporting oxaloacetate decarboxylase beta subunit	0	0	1	1	0	0	1	1	1	1	0	0	0	0	0	1	0	2	0	1	0	0	1	0	0	0	0	1	0	1	1	1	1	0	0	0	1	1	1	0	1	0
PF00326	Prolyl oligopeptidase family	0	0	1	0	0	10	0	0	12	0	4	8	5	0	0	8	0	1	6	0	0	0	0	0	0	0	5	0	3	14	7	0	1	0	0	3	14	0	7	5	0	0
PF04359	Protein of unknown function (DUF493)	0	0	1	1	0	0	1	1	1	1	0	0	0	0	0	1	0	1	1	1	0	0	1	0	0	0	1	1	1	1	1	1	1	0	0	1	1	1	1	1	1	0
PF14870	Photosynthesis system II assembly factor YCF48	0	0	2	1	0	0	1	1	0	1	0	0	0	0	0	0	0	3	0	1	0	0	1	0	0	0	0	1	1	2	1	1	2	0	0	1	2	1	1	0	1	0
PF01253	Translation initiation factor SUI1	0	0	1	0	0	0	1	1	1	0	1	0	0	0	0	0	0	1	1	0	0	0	1	0	0	0	1	1	1	1	1	0	1	0	0	1	1	1	1	1	1	0
PF02567	Phenazine biosynthesis-like protein	0	0	1	0	1	1	1	1	0	2	0	1	1	1	1	0	0	1	0	2	1	1	1	1	0	1	0	1	0	0	0	2	1	1	1	0	0	1	0	0	1	1
PF00144	Beta-lactamase	0	0	1	1	2	16	1	0	4	1	3	11	7	1	4	9	0	1	5	0	5	1	0	2	1	3	13	2	7	11	5	1	1	0	0	7	11	2	5	13	0	3
PF05936	Bacterial Type VI secretion, VC_A0110, EvfL, ImpJ, VasE	0	0	1	0	0	0	1	1	0	0	0	0	0	0	0	0	0	1	0	0	0	0	1	0	0	0	0	1	0	0	0	0	1	0	0	0	0	1	0	0	1	0
PF14841	FliG middle domain	0	0	1	0	1	1	1	2	0	0	0	2	1	0	1	1	0	1	0	0	1	0	2	1	1	1	0	1	0	1	1	0	1	0	0	0	1	1	1	0	1	1
PF01706	FliG C-terminal domain	0	0	1	0	1	2	1	2	0	0	0	2	1	0	1	1	0	1	0	0	1	0	2	1	1	1	0	1	0	1	1	0	1	0	0	0	1	1	1	0	1	1
PF14842	FliG N-terminal domain	0	0	1	0	1	1	1	1	0	0	0	1	0	0	1	1	0	1	0	0	1	0	1	1	1	1	0	1	0	1	1	0	1	0	0	0	1	1	1	0	1	1
PF10972	Peptidoglycan-binding protein, CsiV	0	0	1	1	0	0	1	1	1	1	0	0	0	0	0	0	0	1	0	1	0	0	0	0	0	0	0	1	0	1	1	1	1	0	0	0	1	1	1	0	1	0
PF08206	Ribonuclease B OB domain	0	0	2	1	0	0	1	2	2	1	1	0	0	0	0	1	0	4	1	2	0	0	2	0	0	0	1	2	1	1	1	1	2	0	0	1	1	2	1	1	1	0
PF01514	Secretory protein of YscJ/FliF family	0	0	1	0	0	1	1	1	0	0	0	1	1	0	0	1	0	1	0	0	0	0	1	1	0	1	0	1	0	1	1	0	1	0	0	0	1	1	1	0	1	1
PF08345	Flagellar M-ring protein C-terminal	0	0	1	0	0	1	1	2	0	0	0	1	1	0	0	1	0	1	0	0	0	0	2	1	0	1	0	1	0	1	1	0	1	0	0	0	1	1	1	0	1	1
PF02926	THUMP domain	0	0	2	0	0	0	2	2	2	0	1	0	0	0	0	0	0	2	1	0	0	0	2	0	0	0	1	2	1	1	1	0	2	0	0	1	1	2	1	1	1	0
PF02049	Flagellar hook-basal body complex protein FliE	0	0	1	0	0	1	1	1	0	0	0	1	1	1	0	1	0	1	0	0	0	1	1	0	0	1	0	1	0	1	1	0	1	1	1	0	1	1	1	0	1	1
PF04354	ZipA, C-terminal FtsZ-binding domain	0	0	1	1	0	0	1	1	1	1	0	0	0	0	0	1	0	1	0	1	0	0	1	0	0	0	0	1	0	1	1	1	1	0	0	0	1	1	1	0	1	0
PF14819	Nitrile reductase, 7-cyano-7-deazaguanine-reductase N-term	0	0	1	1	0	0	1	1	1	1	0	0	0	0	0	1	0	1	0	1	0	0	1	0	0	0	0	1	0	1	1	1	1	0	0	0	1	1	1	0	1	0
PF13490	Putative zinc-finger	0	0	2	0	0	0	1	1	0	1	0	0	0	1	0	0	0	2	0	1	0	1	1	0	0	0	0	1	0	0	0	1	2	0	0	0	0	1	0	0	0	0
PF05971	RNA methyltransferase	0	0	1	0	0	0	1	1	1	0	1	0	0	0	0	1	0	1	1	0	0	0	1	0	0	0	1	1	1	1	1	1	1	0	0	1	1	1	1	1	1	0
PF13186	Iron-sulfur cluster-binding domain	0	0	1	0	1	0	0	0	0	0	0	1	0	0	0	0	0	1	0	1	0	0	0	1	0	1	0	0	0	0	0	0	1	0	0	0	0	0	0	0	0	1
PF04965	Baseplate wedge protein gp25	0	0	1	0	0	0	0	1	0	0	0	0	0	2	0	0	0	1	0	0	0	2	1	0	0	0	1	1	0	0	0	0	1	0	0	0	0	1	0	1	1	0
PF19795	Family of unknown function (DUF6279)	0	0	1	0	0	0	0	0	1	0	0	0	0	0	0	0	0	1	0	0	0	0	0	0	0	0	0	0	0	1	1	0	1	0	0	0	1	0	1	0	1	0
PF00708	Acylphosphatase	0	0	1	1	0	0	0	0	0	1	0	0	0	0	0	1	0	1	0	1	0	0	0	0	0	0	1	0	0	1	0	1	1	0	0	0	1	0	0	1	1	0
PF01650	Peptidase C13 family	0	0	1	0	0	0	0	0	0	1	0	0	0	0	0	0	0	1	0	1	0	0	0	0	0	0	0	0	0	0	0	1	1	0	0	0	0	0	0	0	1	0
PF11220	Protein of unknown function (DUF3015)	0	0	1	1	0	0	0	1	0	1	0	0	0	0	0	0	0	1	0	1	0	0	1	0	0	0	0	1	0	0	0	1	1	0	0	0	0	1	0	0	0	0
PF05988	Bacterial protein of unknown function (DUF899)	0	0	1	1	0	0	0	0	0	0	0	0	0	0	0	0	0	1	0	0	0	0	0	0	0	0	0	0	0	0	0	0	1	0	0	0	0	0	0	0	1	0
PF20275	C-terminal domain 10 of the ABC-three component (ABC-3C) systems	0	0	1	0	0	0	0	0	0	0	0	0	0	0	0	0	0	1	0	0	0	0	0	0	0	0	0	1	0	1	0	0	1	0	0	0	1	1	0	0	0	0
PF17194	Transcriptional regulator, AbiEi antitoxin N-terminal domain	0	0	1	0	0	0	0	0	0	0	0	0	0	0	0	0	0	2	0	0	0	0	0	0	0	0	0	0	0	0	0	0	1	0	0	0	0	0	0	0	0	0
PF11459	Transcriptional regulator, AbiEi antitoxin, Type IV TA system	0	0	1	0	0	0	0	0	0	0	0	0	0	0	0	0	0	2	0	0	0	0	0	0	0	0	0	0	0	0	0	0	1	0	0	0	0	0	0	0	0	0
PF11870	Lactate utilisation protein B, C-terminal	0	0	1	0	0	0	0	0	0	0	0	0	0	0	0	0	0	1	0	0	0	0	0	0	0	0	0	0	0	0	0	0	1	0	0	0	0	0	0	0	0	0
PF02589	LUD domain	0	0	2	0	0	0	0	0	0	0	0	0	0	0	0	0	0	2	1	0	0	0	0	0	0	0	1	0	1	0	0	0	2	0	0	1	0	0	0	1	0	0
PF10605	3HB-oligomer hydrolase (3HBOH)	0	0	1	0	0	0	0	0	0	0	0	0	0	0	0	0	0	1	0	0	0	0	0	0	0	0	0	0	0	0	0	0	1	0	0	0	0	0	0	0	0	0
PF02050	Flagellar FliJ protein	0	0	1	0	0	0	1	1	0	0	0	0	0	0	0	1	0	1	0	0	0	0	1	0	0	0	0	1	0	1	1	0	1	0	0	0	1	1	1	0	1	0
PF04347	Flagellar biosynthesis protein, FliO	0	0	1	0	0	0	1	1	0	0	0	0	0	0	0	0	0	1	0	0	0	0	1	0	0	0	0	1	0	1	1	0	1	0	0	0	1	1	1	0	1	0
PF07148	Maltose operon periplasmic protein precursor (MalM)	0	0	1	0	0	0	0	0	0	0	0	0	0	0	0	0	0	1	0	0	0	0	0	0	0	0	0	0	0	0	0	0	1	0	0	0	0	0	0	0	1	0
PF16824	C-terminal carbohydrate-binding module	0	0	1	0	0	0	0	0	0	1	0	0	0	0	0	0	0	2	0	1	0	0	0	0	0	0	0	0	0	0	0	0	1	0	0	0	0	0	0	0	0	0
PF12019	Type II transport protein GspH	0	0	3	1	0	1	1	2	2	2	0	1	0	0	0	1	0	3	0	2	0	0	2	0	0	0	0	2	0	2	1	2	3	0	0	0	2	2	1	0	3	0
PF07963	Prokaryotic N-terminal methylation motif	0	0	14	9	0	3	7	10	10	10	0	4	4	3	0	17	0	16	0	10	0	3	10	0	4	0	0	12	1	23	12	11	14	1	1	1	23	12	12	0	14	0
PF05232	Chlorhexidine efflux transporter	0	0	1	0	0	0	0	0	0	0	0	0	0	1	0	0	0	1	0	0	0	1	0	0	0	0	0	0	0	0	0	0	1	0	0	0	0	0	0	0	1	0
PF07793	Protein of unknown function (DUF1631)	0	0	5	1	0	0	1	1	0	0	0	0	0	0	0	0	0	5	0	0	0	0	1	0	0	0	0	1	0	0	0	1	5	0	0	0	0	1	0	0	4	0
PF11871	Domain of unknown function (DUF3391)	0	0	5	0	0	0	0	1	1	0	0	0	0	0	0	1	0	5	0	0	0	0	1	0	0	0	0	0	0	2	4	0	5	0	0	0	2	0	3	0	1	0
PF04214	Protein of unknown function, DUF	0	0	2	1	1	0	0	1	0	3	0	1	0	0	0	1	0	3	0	4	1	0	1	1	4	1	0	1	0	1	0	1	2	0	0	0	1	1	0	0	1	0
PF08468	Methyltransferase small domain N-terminal	0	0	1	1	0	0	1	1	1	1	0	0	0	0	0	1	0	1	0	1	0	0	1	0	0	1	0	1	0	1	1	1	1	0	0	0	1	1	2	0	1	1
PF14832	Putative oxalocrotonate tautomerase enzyme	0	0	1	0	0	0	0	0	0	0	0	0	0	0	0	0	0	1	0	0	0	0	0	0	0	0	0	0	0	0	0	0	1	0	0	0	0	0	0	0	1	0
PF20966	MASE6	0	0	2	0	0	0	0	0	0	0	0	0	0	0	0	0	0	2	0	0	0	0	0	0	0	0	0	0	0	1	1	0	2	0	0	0	1	0	1	0	0	0
PF04862	Protein of unknown function (DUF642)	0	0	1	0	1	0	0	0	0	0	0	0	0	0	0	0	0	1	0	0	0	0	0	1	0	0	0	0	0	0	1	0	1	0	0	0	0	0	1	0	0	0
PF07298	NnrU protein	0	0	1	0	1	1	1	0	0	0	0	1	1	1	2	0	0	1	0	0	2	1	0	1	0	1	0	1	0	0	0	0	1	0	0	0	0	1	0	0	1	1
PF13627	Prokaryotic lipoprotein-attachment site	0	0	1	0	0	1	0	1	1	1	0	1	1	0	0	1	0	1	0	1	0	0	2	0	0	0	0	1	0	0	1	1	1	0	0	0	0	1	1	0	0	0
PF06812	ImpA, N-terminal, type VI secretion system	0	0	1	0	0	0	1	1	0	0	0	0	0	1	0	0	0	1	0	0	0	1	1	0	0	0	0	1	0	0	0	0	1	0	0	0	0	1	0	0	1	0
PF16989	Type VI secretion, EvfE, EvfF, ImpA, BimE, VC_A0119, VasJ	0	0	1	0	0	0	0	0	0	0	0	0	0	0	0	0	0	1	0	0	0	0	0	0	0	0	0	0	0	0	0	0	1	0	0	0	0	0	0	0	1	0
PF00375	Sodium:dicarboxylate symporter family	0	0	1	1	0	1	2	1	2	1	1	4	1	0	0	2	0	1	0	1	0	0	1	0	0	1	2	1	2	1	1	1	1	0	0	2	1	1	1	1	1	0
PF06508	Queuosine biosynthesis protein QueC	0	0	1	1	0	1	1	1	1	1	0	1	0	0	1	0	0	1	0	1	0	0	1	0	0	1	0	0	0	1	1	1	1	0	0	0	1	0	1	0	0	1
PF06296	RelE toxin of RelE / RelB toxin-antitoxin system	0	0	1	1	0	1	0	0	0	0	0	0	0	0	0	0	0	1	0	0	0	0	0	0	0	0	0	1	0	0	2	0	1	0	0	0	0	1	2	0	0	0
PF09359	VTC domain	0	0	1	0	1	0	0	0	0	0	0	0	0	0	0	0	0	1	0	0	0	0	0	1	0	0	1	0	0	0	0	0	1	0	0	0	0	0	0	1	0	0
PF03776	Septum formation topological specificity factor MinE	0	0	1	1	0	0	0	1	0	1	0	0	0	0	0	0	0	1	0	1	0	0	1	0	0	1	0	0	0	0	1	1	1	0	0	0	0	0	1	0	1	0
PF04205	FMN-binding domain	0	0	3	4	0	0	3	3	2	2	1	0	0	1	0	1	0	4	1	2	0	0	2	0	0	0	1	3	1	2	2	2	3	0	0	1	2	3	2	1	2	0
PF01784	Duf34/NIF3 (NGG1p interacting factor 3)	0	0	1	1	0	0	1	1	0	1	2	0	0	0	0	0	0	1	1	1	0	0	1	0	0	0	1	1	1	1	1	1	1	0	0	1	1	1	1	1	1	0
PF03706	Lysylphosphatidylglycerol synthase TM region	0	0	2	1	1	0	1	1	0	0	1	0	0	0	0	0	0	2	2	1	1	0	1	1	0	1	1	1	1	0	0	0	2	0	0	1	0	1	0	1	1	1
PF04060	Putative Fe-S cluster	0	0	1	1	0	0	1	1	1	1	0	0	0	0	0	0	0	1	0	1	0	0	1	0	0	0	0	1	0	1	1	1	1	0	0	0	1	1	1	0	1	0
PF06853	Protein of unknown function (DUF1249)	0	0	1	1	0	0	0	1	1	1	0	0	0	0	0	0	0	2	0	0	0	0	1	0	0	0	0	0	0	1	1	1	1	0	0	0	1	0	1	0	1	0
PF21173	DnaK suppressor protein-like, N-terminal domain	0	0	1	0	1	0	0	1	0	0	0	0	0	1	1	0	0	1	0	0	1	1	1	1	0	0	0	0	0	0	0	0	1	0	0	0	0	0	0	0	1	0
PF03550	Outer membrane lipoprotein LolB	0	0	1	2	0	0	1	1	1	1	0	0	0	0	0	0	0	2	0	1	0	0	1	0	0	0	0	1	0	1	1	1	1	0	0	0	1	1	1	0	1	0
PF08463	EcoEI R protein C-terminal	0	0	1	1	0	0	1	2	0	0	0	0	0	0	1	0	0	1	0	0	0	0	1	0	0	0	0	2	0	0	0	0	1	0	0	0	0	2	0	0	1	0
PF13588	Type I restriction enzyme R protein N terminus (HSDR_N)	0	0	1	0	0	0	0	1	0	0	0	0	0	0	0	0	0	1	1	0	0	0	1	0	0	0	1	1	1	0	0	0	1	1	1	1	0	1	0	1	1	0
PF07021	Methionine biosynthesis protein MetW	0	0	1	1	0	0	1	1	1	1	0	0	0	0	0	0	0	1	0	1	0	0	1	0	0	0	0	1	0	0	0	1	1	0	0	0	0	1	0	0	0	0
PF18433	Domain of unknown function (DUF5610)	0	0	1	0	0	0	1	1	0	0	0	0	0	0	0	1	0	1	0	0	0	0	1	0	0	0	0	1	0	1	1	0	1	0	0	0	1	1	1	0	1	0
PF02535	ZIP Zinc transporter	0	0	1	0	0	1	1	0	1	1	2	1	0	0	0	0	0	1	1	1	0	0	0	0	1	0	1	1	1	0	0	0	1	0	0	1	0	1	0	1	1	0
PF13192	Thioredoxin domain	0	0	1	0	1	0	1	1	0	0	0	0	0	0	0	0	0	1	0	0	0	0	2	1	0	0	1	1	0	1	1	1	1	0	0	0	1	1	1	0	0	0
PF03865	Haemolysin secretion/activation protein ShlB/FhaC/HecB	0	0	1	1	0	0	0	1	0	1	0	0	1	0	0	0	0	1	0	1	0	0	1	0	0	0	1	1	0	0	0	1	1	0	0	0	0	1	0	1	1	0
PF16750	Sensor domain of 2-component histidine kinase	0	0	1	1	0	0	0	0	0	1	0	0	0	0	0	0	0	1	0	1	0	0	0	0	0	0	0	0	0	0	0	1	1	0	0	0	0	0	0	0	0	0
PF18269	T3SS EscN ATPase C-terminal domain	0	0	1	0	0	1	1	1	0	0	0	1	0	0	0	1	0	1	0	0	0	0	1	0	1	1	0	1	0	1	1	0	1	0	0	0	1	1	1	0	1	1
PF11279	Protein of unknown function (DUF3080)	0	0	1	1	0	0	0	1	1	0	0	0	0	0	0	0	0	1	0	0	0	0	1	0	0	0	0	0	0	1	1	0	1	0	0	0	1	0	1	0	1	0
PF04316	Anti-sigma-28 factor, FlgM	0	0	1	0	0	0	0	1	0	0	0	0	0	0	0	0	0	1	0	0	0	0	1	0	0	0	0	0	0	1	1	0	1	0	0	0	1	0	1	0	1	0
PF21372	Topoisomerase I, zinc finger	0	0	1	0	0	0	1	1	1	1	0	0	0	0	0	0	0	2	0	1	0	0	1	0	0	0	0	1	0	1	1	1	1	0	0	0	1	1	1	0	1	0
PF08272	Topoisomerase I zinc-ribbon-like	0	0	1	0	0	0	1	1	1	1	0	0	0	0	0	0	0	2	0	1	0	0	1	0	0	0	0	1	0	1	1	1	1	0	0	0	1	1	1	0	1	0
PF12727	PBP superfamily domain	0	0	2	0	0	0	0	0	0	0	0	0	0	0	0	0	0	2	0	0	0	0	0	0	0	0	0	0	0	0	0	0	2	0	0	0	0	0	0	0	0	0
PF13276	HTH-like domain	0	0	3	0	0	3	2	1	2	3	0	1	5	0	4	0	0	3	0	3	2	0	1	0	3	0	0	1	0	3	0	2	3	1	1	0	2	1	0	0	2	0
PF02624	YcaO cyclodehydratase, ATP-ad Mg2+-binding	0	0	1	1	0	0	0	0	0	1	0	0	0	0	0	0	0	1	0	1	0	0	0	0	0	0	0	0	0	0	0	1	1	0	0	0	0	0	0	0	1	0
PF18381	YcaO cyclodehydratase C-terminal domain	0	0	1	1	0	0	0	0	0	1	0	0	0	0	0	0	0	1	0	1	0	0	0	0	0	0	0	0	0	0	0	1	1	0	0	0	0	0	0	0	1	0
PF18884	Bacterial TSP3 repeat	0	0	1	0	0	0	4	2	0	0	0	0	0	0	0	0	0	1	0	0	0	0	2	0	0	0	0	4	1	0	0	0	1	0	0	1	0	4	0	0	1	0
PF07691	PA14 domain	0	0	2	0	0	0	0	0	0	0	0	1	1	0	1	0	0	2	0	0	1	0	0	0	0	0	0	0	0	0	0	0	2	0	0	0	0	0	0	0	2	0
PF03929	PepSY-associated TM region	0	0	1	4	0	4	1	3	0	3	1	5	2	0	0	1	0	1	0	4	0	0	3	0	1	1	1	2	2	1	4	7	1	0	0	2	1	2	4	0	0	1
PF14552	Tautomerase enzyme	0	0	1	0	0	0	0	0	0	0	0	0	0	0	0	0	0	1	0	0	0	0	0	0	0	0	0	0	0	0	0	0	1	0	0	0	0	0	0	0	1	0
PF01695	IstB-like ATP binding protein	0	0	1	0	0	0	0	0	0	0	0	0	0	0	4	0	0	1	0	0	3	0	0	0	0	0	0	0	0	0	2	0	1	0	0	0	0	0	2	0	1	0
PF17836	PglD N-terminal domain	0	0	1	0	0	0	0	0	1	1	1	0	0	0	0	0	0	1	0	2	0	0	0	0	0	0	1	0	0	1	0	1	1	0	0	0	1	0	0	1	1	0
PF01311	Bacterial export proteins, family 1	0	0	1	0	0	1	1	0	0	0	0	1	1	0	0	1	0	1	0	0	0	0	0	0	0	1	0	1	0	1	1	0	1	0	0	0	1	1	1	0	1	1
PF14316	Domain of unknown function (DUF4381)	0	0	1	0	0	0	1	1	0	0	0	0	0	0	1	1	0	1	0	0	1	0	2	0	0	0	0	1	0	1	1	0	1	0	0	0	1	1	1	0	1	0
PF09982	Outer membrane protein LpxR	0	0	2	2	0	2	0	0	0	1	0	1	2	0	1	0	0	3	0	1	1	0	0	0	0	0	1	0	0	0	0	2	2	0	0	0	0	0	0	1	2	0
PF17152	Periplasmic sensor domain	0	0	1	0	0	0	1	2	0	0	0	0	0	0	0	0	0	1	0	0	0	0	2	0	0	0	0	1	0	0	0	0	1	0	0	0	0	1	0	0	1	0
PF04463	2-thiouracil desulfurase	0	0	2	2	0	0	2	1	1	2	0	0	0	0	0	0	0	2	0	2	0	0	1	0	0	0	0	2	0	0	0	2	2	0	0	0	0	2	0	0	1	0
PF04333	MlaA lipoprotein	0	0	1	1	1	1	1	1	1	1	0	1	0	1	1	1	0	1	0	1	1	1	1	1	0	1	0	0	0	1	1	1	1	1	1	0	1	0	1	0	1	1
PF05943	EvpB/VC_A0108, tail sheath N-terminal domain	0	0	1	0	0	0	2	3	0	0	0	0	0	1	0	0	0	1	0	0	0	1	3	0	0	0	0	3	0	0	0	0	1	0	0	0	0	3	0	0	1	0
PF18945	EvpB/VC_A0108, tail sheath gpW/gp25-like domain	0	0	1	0	0	0	0	2	0	0	0	0	0	0	0	0	0	1	0	0	0	0	2	0	0	0	0	2	0	0	0	0	1	0	0	0	0	2	0	0	1	0
PF02661	Fic/DOC family	0	0	1	2	0	0	3	4	0	1	0	0	0	0	0	0	0	2	0	1	2	0	2	0	0	1	0	5	1	1	2	2	1	0	0	1	0	5	3	0	0	1
PF13187	4Fe-4S dicluster domain	0	0	1	0	0	0	0	0	0	0	0	0	0	0	1	0	0	1	0	0	1	0	0	0	0	0	2	0	2	0	0	0	1	0	0	2	0	0	0	2	0	0
PF07311	Dodecin	0	0	1	1	0	1	0	0	0	1	0	3	1	0	0	0	0	1	0	1	0	0	0	0	0	0	1	0	2	0	0	1	1	0	0	2	0	0	0	1	1	0
PF05683	Fumarase C-terminus	0	0	1	1	0	0	1	1	1	1	1	0	0	0	1	0	0	1	1	1	0	0	2	0	0	0	0	1	0	1	1	1	1	0	0	0	1	1	1	0	1	0
PF05681	Fumarate hydratase (Fumerase)	0	0	1	1	0	0	1	1	1	1	1	0	0	0	1	1	0	1	1	1	0	0	1	0	0	0	0	1	0	1	1	1	1	0	0	0	1	1	1	0	1	0
PF14803	Nudix N-terminal	0	0	1	1	0	1	1	1	1	1	0	1	1	0	0	0	0	1	0	1	0	0	1	0	0	0	0	1	0	0	0	1	1	0	0	0	0	1	0	0	1	0
PF07023	Protein of unknown function (DUF1315)	0	0	1	1	0	0	1	1	1	1	0	0	0	0	0	1	0	1	0	1	0	0	1	0	0	0	0	1	0	1	1	1	1	0	0	0	1	1	1	0	1	0
PF04277	Oxaloacetate decarboxylase, gamma chain	0	0	1	1	0	0	1	1	1	1	0	0	0	0	0	1	0	2	0	1	0	0	1	0	0	0	0	1	0	1	1	1	1	0	0	0	1	1	1	0	1	0
PF11814	Peptidase_C39 like family	0	0	1	1	0	0	1	1	0	1	0	0	0	0	0	0	0	1	0	1	0	0	0	0	0	0	0	1	0	1	1	1	1	0	0	0	1	1	1	0	1	0
PF11391	Protein of unknown function (DUF2798)	0	0	1	0	0	0	0	0	0	0	0	0	0	0	1	0	0	1	0	0	1	0	0	0	0	1	0	0	0	0	0	0	1	0	0	0	0	0	0	0	1	1
PF16448	LapD/MoxY periplasmic domain	0	0	1	0	0	0	1	1	0	0	0	0	0	0	0	0	0	1	0	0	0	0	1	0	0	0	0	1	0	1	1	0	1	0	0	0	1	1	0	0	0	0
PF03544	Gram-negative bacterial TonB protein C-terminal	0	0	2	2	0	2	4	5	9	2	1	4	1	1	0	6	0	2	1	2	0	1	5	0	1	0	2	5	3	9	4	2	2	0	0	3	9	5	4	2	0	0
PF07273	Protein of unknown function (DUF1439)	0	0	1	0	0	0	1	1	0	0	0	0	0	0	0	0	0	1	0	0	0	0	1	0	0	0	0	1	0	0	2	0	1	0	0	0	0	1	2	0	1	0
PF11739	Dicarboxylate transport	0	0	1	1	0	1	1	1	0	1	0	1	0	0	0	0	0	2	0	1	0	0	1	0	0	0	0	1	0	0	0	1	1	0	0	0	0	1	0	0	1	0
PF12852	Cupin	0	0	1	0	1	0	0	0	0	0	0	1	0	1	0	1	0	1	0	0	0	1	0	1	0	0	0	0	0	1	0	0	1	1	1	0	1	0	0	0	1	0
PF09928	Predicted small integral membrane protein (DUF2160)	0	0	1	0	0	0	0	0	0	0	0	1	0	0	1	0	0	1	0	0	1	0	0	0	0	1	0	0	0	0	0	0	1	0	0	0	0	0	0	0	1	0
PF13466	STAS domain	0	0	2	0	0	0	2	2	0	0	0	0	0	1	0	1	0	2	0	0	0	1	2	0	0	1	0	2	0	1	1	0	2	0	0	0	1	2	1	0	2	1
PF13500	AAA domain	0	0	1	1	0	0	2	2	1	1	1	0	0	0	0	1	0	1	1	1	0	0	2	0	0	1	1	2	0	1	2	1	1	0	0	0	1	2	2	1	1	1
PF02264	LamB porin	0	0	3	0	0	0	0	0	0	0	0	0	0	0	0	0	0	3	0	0	0	0	0	0	0	0	0	0	0	0	0	0	3	0	0	0	0	0	0	0	1	0
PF04375	HemX, putative uroporphyrinogen-III C-methyltransferase	0	0	1	1	0	0	1	1	1	1	0	0	0	0	0	1	0	1	0	1	0	0	2	0	0	0	0	1	0	1	1	1	1	0	0	0	1	1	1	0	0	0
PF03445	Putative nucleotidyltransferase DUF294	0	0	2	1	0	0	1	1	0	1	1	0	0	1	0	1	0	2	1	1	0	1	1	0	0	1	0	1	1	1	1	1	2	1	1	1	1	1	1	0	1	1
PF10335	Putative nucleotidyltransferase substrate binding domain	0	0	2	1	0	0	1	1	0	1	1	0	0	1	0	1	0	2	1	1	0	1	1	0	0	1	0	1	1	1	1	1	2	1	1	1	1	1	1	0	1	1
PF03180	NlpA lipoprotein	0	0	1	0	0	0	0	0	1	0	0	0	0	0	0	0	0	1	0	0	0	0	0	0	1	1	0	0	0	0	0	0	1	0	0	0	0	0	0	0	0	1
PF00246	Zinc carboxypeptidase	0	0	1	1	0	1	1	1	2	1	0	0	0	0	0	2	0	1	2	1	0	0	1	0	0	0	7	1	2	4	3	1	1	0	0	2	4	1	3	7	0	0
PF20611	Family of unknown function (DUF6801)	0	0	1	0	0	0	0	0	0	0	0	0	0	0	0	0	0	1	0	0	0	0	0	0	0	0	0	0	0	0	0	0	1	0	0	0	0	0	0	0	1	0
PF15780	Abnormal spindle-like microcephaly-assoc'd, ASPM-SPD-2-Hydin	0	0	1	0	0	0	0	0	1	0	0	0	0	0	0	0	0	1	0	0	0	0	0	0	0	0	1	0	1	0	0	0	1	0	0	1	0	0	0	1	1	0
PF02654	Cobalamin-5-phosphate synthase	0	0	1	1	0	0	1	1	0	1	0	1	0	1	1	0	0	1	0	1	1	1	1	0	0	1	0	1	0	0	0	1	1	0	0	0	0	1	0	0	0	1
PF01909	Nucleotidyltransferase domain	0	0	1	0	0	0	1	1	1	1	0	0	0	0	1	0	0	1	0	1	1	0	1	0	0	0	0	1	0	1	1	2	1	0	0	0	1	1	1	0	1	0
PF02635	DsrE/DsrF-like family	0	0	2	1	2	1	0	2	3	3	0	1	1	0	0	1	0	2	0	2	0	0	2	2	0	0	1	2	0	3	2	1	2	0	0	0	3	2	3	1	2	0
PF02108	Flagellar assembly protein FliH	0	0	1	0	0	0	1	1	0	0	0	0	0	0	0	1	0	1	0	0	0	0	1	0	0	0	0	1	0	1	1	0	1	0	0	0	1	1	1	0	1	0
PF14491	Protein of unknown function (DUF4435)	0	0	1	0	0	0	0	0	0	0	0	0	0	0	0	0	0	1	0	0	0	0	0	0	0	0	0	0	0	0	0	0	1	0	0	0	0	0	0	0	1	0
PF13304	AAA domain, putative AbiEii toxin, Type IV TA system	0	0	3	1	0	1	1	1	0	0	0	1	0	2	2	0	0	3	0	1	0	1	1	0	0	0	1	1	0	0	1	0	2	1	1	0	0	1	1	1	2	0
PF20560	Motility protein A N-terminal	0	0	2	0	0	2	1	1	0	0	0	2	2	1	0	0	0	2	0	0	0	1	1	1	0	1	0	1	0	0	0	0	2	1	1	0	0	1	0	0	2	1
PF01436	NHL repeat	0	0	1	0	0	0	0	0	0	0	0	0	0	0	1	0	0	1	0	0	1	0	0	0	0	0	0	1	0	0	0	0	1	0	0	0	0	1	0	0	1	0
PF12105	SpoU, rRNA methylase, C-terminal	0	0	1	1	0	0	1	1	1	1	0	0	0	0	0	2	0	1	0	1	0	0	1	0	0	0	0	1	0	1	1	1	1	0	0	0	1	1	1	0	1	0
PF11356	Type II secretion system protein C	0	0	2	1	0	1	1	1	1	1	0	1	1	1	0	1	0	2	0	1	0	1	1	0	1	0	0	1	0	1	1	1	2	1	1	0	1	1	1	0	2	0
PF07751	Abi-like protein	0	0	2	0	0	0	0	1	0	0	0	0	0	0	0	0	0	1	0	1	0	0	1	0	0	0	0	1	0	0	0	0	1	0	0	0	0	1	1	0	1	0
PF19661	Family of unknown function (DUF6164)	0	0	1	1	0	0	0	1	0	1	0	0	0	0	0	0	0	1	0	1	0	0	1	0	0	0	0	1	0	0	0	1	1	0	0	0	0	1	0	0	0	0
PF12156	Putative metal-binding domain of cation transport ATPase	0	0	1	1	0	0	1	1	1	1	1	0	0	0	0	0	0	1	0	1	0	0	0	0	0	0	1	1	1	1	1	1	1	0	0	1	1	1	1	1	1	0
PF13772	AIG2-like family	0	0	2	0	0	0	0	0	0	0	0	0	0	0	0	0	0	2	0	0	0	0	0	0	0	0	0	0	0	0	0	0	2	0	0	0	0	0	0	0	1	0
PF02830	V4R domain	0	0	1	0	0	0	0	0	0	0	0	0	0	0	0	0	0	1	0	0	0	0	0	0	0	0	0	0	0	1	0	0	1	0	0	0	1	0	0	0	0	0
PF06505	Activator of aromatic catabolism	0	0	1	0	0	0	0	0	0	0	0	0	0	0	0	0	0	1	0	0	0	0	0	0	0	0	0	0	0	1	0	0	1	0	0	0	1	0	0	0	0	0
PF04982	HPP family	0	0	1	1	0	0	0	0	0	1	0	0	0	0	1	0	0	1	0	2	0	0	0	0	0	1	0	0	0	0	0	1	1	0	0	0	0	0	0	0	0	0
PF13386	Cytochrome C biogenesis protein transmembrane region	0	0	1	1	0	0	1	0	1	1	1	0	0	0	0	0	0	1	1	1	0	0	0	0	0	0	2	1	1	1	1	1	1	0	0	1	1	1	1	2	1	0
PF01274	Malate synthase, TIM barrel domain	0	0	1	1	1	1	1	1	1	1	0	0	0	0	1	1	0	1	0	1	1	0	1	1	0	1	0	1	1	1	1	1	1	0	0	1	1	1	1	0	1	1
PF20659	Malate synthase, C-terminal	0	0	1	1	1	1	1	1	1	1	0	0	0	0	1	1	0	1	0	1	1	0	1	1	0	1	0	1	1	1	1	1	1	0	0	1	1	1	1	0	1	1
PF10101	Predicted membrane protein (DUF2339)	0	0	1	0	1	0	0	1	0	0	0	0	0	1	1	0	0	1	0	0	1	1	1	1	0	0	0	0	0	0	1	0	1	0	0	0	0	0	1	0	1	0
PF13719	zinc-ribbon domain	0	0	1	1	0	0	0	1	0	1	0	0	0	0	0	0	0	1	0	1	0	0	1	0	0	0	0	0	0	0	0	1	1	0	0	0	0	0	0	0	0	0
PF11906	Protein of unknown function (DUF3426)	0	0	1	1	0	0	1	1	1	1	0	0	0	0	0	0	0	1	0	1	0	0	1	0	0	0	0	1	0	0	0	1	1	0	0	0	0	1	0	0	0	0
PF00474	Sodium:solute symporter family	0	0	4	2	0	4	2	2	3	3	3	3	2	1	0	5	0	4	2	3	0	1	2	0	0	1	5	1	5	5	5	2	4	1	1	5	5	1	5	5	3	1
PF13675	Type IV pili methyl-accepting chemotaxis transducer N-term	0	0	1	0	0	0	0	1	0	1	0	2	0	0	0	0	0	1	0	1	0	0	2	0	0	0	0	2	0	1	1	1	1	0	0	0	1	2	1	0	0	0
PF18598	Tetracyclin repressor-like, C-terminal domain	0	0	1	0	0	0	0	0	0	0	0	0	0	0	0	0	0	1	0	0	0	0	0	0	0	0	0	0	0	0	0	0	1	0	0	0	0	0	0	0	0	0
PF13375	RnfC Barrel sandwich hybrid domain	0	0	1	1	0	0	1	1	1	1	0	0	0	0	0	0	0	1	0	1	0	0	1	0	0	0	0	1	0	1	1	1	1	0	0	0	1	1	1	0	1	0
PF08922	Domain of unknown function (DUF1905)	0	0	1	0	0	0	0	0	0	0	1	0	0	0	0	0	0	1	1	0	0	0	0	0	0	0	0	0	0	0	0	0	1	0	0	0	0	0	0	0	1	0
PF13376	Bacteriocin-protection, YdeI or OmpD-Associated	0	0	1	0	1	0	0	0	0	0	0	0	0	0	0	0	0	1	1	0	0	0	0	1	0	0	3	1	2	0	0	1	1	0	0	2	0	1	0	3	1	0
PF13618	Gluconate 2-dehydrogenase subunit 3	0	0	1	0	0	0	0	0	0	0	0	0	0	0	1	0	0	1	0	0	1	0	0	0	1	1	1	0	0	0	0	1	1	0	0	0	0	0	0	1	0	1
PF04187	Haem-binding uptake, Tiki superfamily, ChaN	0	0	1	0	1	0	0	0	0	0	0	0	0	1	1	0	0	1	0	0	1	1	0	1	1	0	0	0	0	0	0	0	1	1	1	0	0	0	0	0	0	0
PF11295	Protein of unknown function (DUF3096)	0	0	1	0	0	0	0	0	0	0	0	0	0	0	0	0	0	1	0	0	0	0	0	0	0	0	0	0	0	0	0	0	1	0	0	0	0	0	0	0	1	0
PF07696	7TMR-DISM extracellular 2	0	0	5	4	0	0	9	9	0	4	0	0	0	0	0	3	0	6	0	4	0	0	5	0	0	0	1	8	1	6	5	4	5	0	0	1	6	8	5	1	2	0
PF07695	7TM diverse intracellular signalling	0	0	6	4	0	1	8	9	1	4	0	0	0	0	0	4	0	7	0	4	0	0	5	0	0	0	2	7	2	6	4	5	6	0	0	2	6	7	4	2	2	0
PF03788	LrgA family	0	0	2	1	1	0	1	1	1	1	0	0	0	0	0	2	0	2	0	1	0	0	1	1	0	1	0	0	0	1	1	1	2	0	0	0	1	0	1	0	0	1
PF12038	Domain of unknown function (DUF3524)	0	0	1	0	0	0	0	0	1	0	0	0	0	0	0	0	0	1	0	0	0	0	0	0	0	0	0	0	0	0	0	0	1	0	0	0	0	0	0	0	1	0
PF05235	CHAD domain	0	0	1	1	0	0	0	0	0	0	0	0	0	0	0	0	0	1	0	0	0	0	0	0	0	0	0	0	0	0	0	0	1	0	0	0	0	0	0	0	0	0
PF04255	Protein of unknown function (DUF433)	0	0	1	0	0	0	0	0	0	0	0	0	0	0	0	0	0	0	0	1	0	0	0	0	0	0	0	0	0	0	0	0	0	0	0	0	0	0	0	0	0	0
PF21321	Putative DNA-binding HTH domain	0	0	1	0	0	0	0	0	0	0	0	0	0	0	0	0	0	0	0	1	0	0	0	0	0	0	0	0	0	0	0	0	0	0	0	0	0	0	0	0	0	0
PF11890	Domain of unknown function (DUF3410)	0	0	1	0	0	0	1	1	1	0	0	0	0	0	0	1	0	1	0	0	0	0	1	0	0	0	0	1	0	1	1	0	1	0	0	0	1	1	1	0	1	0
PF02406	MmoB/DmpM family	0	0	1	0	0	0	0	0	0	0	0	0	0	0	0	0	0	1	0	0	0	0	0	0	0	0	0	0	0	1	0	0	1	0	0	0	1	0	0	0	0	0
PF09850	Type VI secretion system protein DotU	0	0	1	0	0	0	1	1	0	0	0	0	0	1	0	0	0	1	0	0	0	1	1	0	0	0	0	1	0	0	0	0	1	0	0	0	0	1	0	0	1	0
PF13495	Phage integrase, N-terminal SAM-like domain	0	0	2	1	0	0	1	1	1	1	0	0	0	0	2	1	0	2	1	2	1	0	1	0	0	0	1	2	1	3	2	1	2	0	0	1	3	2	2	1	2	0
PF08757	CotH kinase protein	0	0	1	0	0	0	0	0	0	0	0	0	0	0	0	0	0	1	0	0	0	0	0	0	0	0	1	0	1	0	0	0	1	0	0	1	0	0	0	1	0	0
PF04456	Protein of unknown function (DUF503)	0	0	1	0	0	0	0	0	0	0	0	0	0	0	0	0	0	1	0	0	0	0	0	0	0	0	0	0	0	0	0	0	1	0	0	0	0	0	0	0	0	0
PF13726	Na+-H+ antiporter family	0	0	1	1	0	0	0	0	1	0	0	0	0	0	0	0	0	1	0	0	0	0	0	0	0	0	0	0	0	0	0	1	1	0	0	0	0	0	0	0	0	0
PF03553	Na+/H+ antiporter family	0	0	1	3	0	1	0	0	5	2	2	1	1	0	0	1	0	1	1	1	0	0	0	0	0	1	1	0	2	2	5	2	1	0	0	2	2	0	5	1	0	1
PF17765	MmyB-like transcription regulator ligand binding domain	0	0	1	1	0	0	0	0	1	0	0	0	0	1	1	0	0	1	0	0	1	1	0	0	0	0	0	0	0	0	0	1	1	1	1	0	0	0	0	0	1	0
PF05195	Aminopeptidase P, N-terminal domain	0	0	1	1	0	0	0	1	1	1	1	0	0	0	0	1	0	1	1	1	0	0	2	0	0	0	1	1	1	1	1	1	1	0	0	1	1	1	1	1	0	0
PF01904	Protein of unknown function DUF72	0	0	1	1	0	0	0	0	1	0	0	0	0	0	0	0	0	1	0	0	0	0	0	0	0	0	0	0	0	0	1	0	1	0	0	0	0	0	1	0	1	0
PF12570	Protein of unknown function (DUF3750)	0	0	1	0	0	0	0	0	0	0	0	0	0	0	0	0	0	1	0	0	0	0	0	0	0	0	0	0	0	0	0	0	1	0	0	0	0	0	0	0	1	0
PF04343	Protein of unknown function, DUF488	0	0	1	0	0	0	0	0	0	1	0	0	0	0	0	0	0	1	0	2	0	0	0	0	0	0	0	0	2	0	0	0	1	0	0	2	0	0	0	0	1	0
PF14086	Domain of unknown function (DUF4266)	0	0	1	2	0	0	1	1	0	1	0	0	0	0	0	1	0	1	0	1	0	0	2	0	0	0	0	2	2	2	0	1	1	0	0	2	2	2	0	0	1	0
PF00365	Phosphofructokinase	0	0	1	1	0	0	0	0	1	1	0	0	0	0	0	0	0	2	1	1	0	0	0	0	0	0	2	0	2	1	1	1	1	0	0	2	1	0	1	1	1	0
PF03993	Domain of Unknown Function (DUF349)	0	0	1	1	0	0	0	1	0	1	1	0	0	0	0	1	0	1	0	1	0	0	1	0	0	0	1	1	1	1	1	1	1	0	0	1	1	1	1	1	1	0
PF19425	Csd3 second domain	0	0	1	1	0	0	1	1	1	1	1	0	0	0	0	1	0	1	1	1	0	0	1	0	0	0	1	1	1	1	1	1	1	0	0	1	1	1	1	1	0	0
PF04225	Opacity-associated protein A LysM-like domain	0	0	1	1	0	0	1	1	0	1	0	0	0	0	0	1	0	1	0	1	0	0	2	0	0	0	0	1	0	1	1	0	1	0	0	0	1	1	1	0	0	0
PF16732	Type IV minor pilin ComP, DNA uptake sequence receptor	0	0	1	1	0	0	0	1	1	1	0	0	0	0	0	1	0	1	0	2	0	0	1	0	0	0	0	1	0	1	1	1	1	0	0	0	1	1	1	0	1	0
PF03714	Bacterial pullanase-associated domain	0	0	1	0	0	0	0	0	0	0	0	0	0	0	0	0	0	1	0	0	0	0	0	0	0	0	0	0	0	1	1	0	1	0	0	0	1	0	1	0	1	0
PF17967	Pullulanase N2 domain	0	0	1	0	0	0	0	0	0	0	0	0	0	0	0	0	0	1	0	0	0	0	0	0	0	0	0	0	0	1	1	0	1	0	0	0	1	0	1	0	1	0
PF18494	Pullulanase Ins domain	0	0	1	0	0	0	0	0	0	0	0	0	0	0	0	0	0	1	0	0	0	0	0	0	0	0	0	0	0	0	0	0	1	0	0	0	0	0	0	0	1	0
PF11852	Alpha-1,6-glucosidases, pullulanase-type, C-terminal	0	0	1	0	0	0	0	0	0	0	0	0	0	0	0	1	0	1	0	0	0	0	0	0	0	0	0	0	0	1	1	0	1	0	0	0	1	0	1	0	1	0
PF03956	Lysine exporter LysO	0	0	1	0	0	0	0	0	0	0	0	0	0	0	0	0	0	1	0	0	0	0	0	0	0	0	0	0	0	0	0	0	1	0	0	0	0	0	0	0	0	0
PF01797	Transposase IS200 like	0	0	1	4	0	0	0	4	1	3	0	1	0	0	0	1	0	1	0	1	0	0	2	0	0	0	0	6	1	1	2	2	1	0	0	1	1	6	2	0	1	0
PF16655	PhoD-like phosphatase, N-terminal domain	0	0	1	1	0	1	3	1	0	0	0	1	1	0	0	0	0	1	0	0	0	0	1	0	0	0	0	2	0	0	0	1	1	0	0	0	0	2	0	0	0	0
PF09423	PhoD-like phosphatase	0	0	1	2	0	2	3	2	0	1	0	2	2	0	0	1	0	1	0	1	0	0	2	0	0	0	0	2	0	2	0	2	1	0	0	0	2	2	0	0	0	0
PF03015	Male sterility protein	0	0	1	0	0	0	0	0	0	0	0	0	0	0	0	0	0	1	0	0	0	0	0	0	0	0	0	0	0	0	0	0	1	0	0	0	0	0	0	0	1	0
PF07993	Male sterility protein	0	0	1	2	0	0	0	0	0	0	0	0	0	0	0	0	0	1	0	0	0	0	0	0	0	0	0	0	0	0	0	2	1	0	0	0	0	0	0	0	1	0
PF08334	Type II secretion system (T2SS), protein G	0	0	1	1	0	1	1	1	1	1	0	1	1	1	0	1	0	1	0	1	0	1	1	0	1	0	0	1	0	1	1	1	1	1	1	0	1	1	1	0	1	0
PF02743	Cache domain	0	0	5	0	0	0	0	0	0	0	0	0	0	0	2	0	0	5	0	0	2	0	0	0	0	2	0	0	0	1	1	0	5	0	0	0	1	0	1	0	2	0
PF02613	Nitrate reductase delta subunit	0	0	1	0	0	0	0	0	0	1	0	0	0	1	1	0	0	1	0	1	1	1	0	0	0	0	0	0	0	1	0	0	1	1	1	0	1	0	0	0	0	0
PF06241	Castor and Pollux, part of voltage-gated ion channel	0	0	1	0	0	0	0	0	0	0	0	0	0	0	0	0	0	1	0	0	0	0	0	0	0	0	0	0	0	0	0	0	1	0	0	0	0	0	0	0	0	0
PF09831	Uncharacterized protein conserved in bacteria (DUF2058)	0	0	1	1	0	0	1	1	1	1	0	0	0	0	0	0	0	2	0	1	0	0	0	0	0	0	0	1	0	1	1	1	1	0	0	0	1	1	1	0	1	0
PF05127	Helicase	0	0	1	0	0	0	0	0	0	0	0	0	0	0	0	0	0	1	0	0	0	0	0	0	0	0	0	0	0	1	1	0	1	0	0	0	1	0	1	0	0	0
PF13718	GNAT acetyltransferase 2	0	0	1	0	0	0	0	0	0	0	0	0	0	0	0	0	0	1	0	0	0	0	0	0	0	0	0	0	0	1	1	0	1	0	0	0	1	0	1	0	0	0
PF07836	DmpG-like communication domain	0	0	1	0	0	0	0	0	0	0	0	0	0	0	0	1	0	1	0	0	0	0	0	0	0	0	0	0	0	1	0	1	1	0	0	0	1	0	0	0	0	0
PF19582	Solute-binding protein AdeT 1/2	0	0	3	6	0	0	7	6	0	6	0	0	0	0	0	0	0	3	0	6	0	0	6	0	0	0	0	7	0	0	0	7	3	0	0	0	0	7	0	0	2	0
PF11740	Plasmid replication region DNA-binding N-term	0	0	2	0	0	0	0	2	0	1	0	0	0	0	0	0	0	2	0	1	0	0	1	0	0	0	0	1	0	1	0	0	1	0	0	0	1	1	0	0	1	0
PF09721	Transmembrane exosortase (Exosortase_EpsH)	0	0	1	0	0	0	0	0	0	0	0	0	0	0	0	0	0	1	1	0	1	0	0	0	0	0	0	0	0	1	1	0	1	0	0	0	1	0	1	0	1	0
PF11984	Protein of unknown function (DUF3485)	0	0	1	0	0	0	0	0	0	0	0	0	0	0	0	0	0	1	0	0	1	0	0	0	0	0	0	0	0	1	1	0	1	0	0	0	1	0	1	0	1	0
PF04241	Protein of unknown function (DUF423)	0	0	1	1	0	0	0	1	1	1	1	1	1	0	0	1	0	1	1	1	0	0	1	0	0	0	1	1	2	1	1	1	1	0	0	2	1	1	1	1	0	0
PF16316	Domain of unknown function (DUF4956)	0	0	1	0	1	0	0	0	0	0	0	0	0	0	0	0	0	1	0	0	0	0	0	1	0	0	1	0	0	0	0	0	1	0	0	0	0	0	0	1	0	0
PF05170	AsmA family	0	0	1	1	1	1	0	0	0	1	0	1	1	0	3	0	0	1	0	1	2	0	0	1	1	0	0	0	1	0	1	1	1	0	0	1	0	0	1	0	0	0
PF16916	Dimerisation domain of Zinc Transporter	0	0	1	1	0	1	0	1	1	1	0	0	0	0	0	0	0	1	0	1	0	0	1	0	0	1	0	0	2	0	0	1	1	1	1	2	0	0	0	0	1	1
PF06865	Pyrimidine/purine nucleoside phosphorylase	0	0	1	1	0	0	1	1	0	1	0	0	0	0	0	0	0	1	0	1	0	0	1	0	0	0	0	1	0	0	1	1	1	0	0	0	0	1	1	0	1	0
PF18389	TrmO C-terminal domain	0	0	1	0	0	0	1	1	1	0	0	0	0	0	0	1	0	1	0	0	0	0	1	0	0	0	0	1	0	1	1	0	1	0	0	0	1	1	1	0	1	0
PF01980	tRNA-methyltransferase O	0	0	1	0	0	0	1	1	1	0	0	0	0	0	0	1	0	1	0	0	0	0	1	0	0	0	0	1	0	1	1	0	1	0	0	0	1	1	1	0	1	0
PF10262	Rdx family	0	0	1	1	0	0	1	0	0	1	0	0	0	1	0	0	0	1	0	1	0	1	1	0	0	0	0	0	0	0	0	0	1	1	1	0	0	0	0	0	1	0
PF17149	Periplasmic sensor domain found in signal transduction proteins	0	0	2	0	0	0	2	1	0	0	0	0	0	0	0	0	0	2	0	0	0	0	0	0	0	0	0	2	0	0	0	1	2	0	0	0	0	2	0	0	2	0
PF16137	Domain of unknown function (DUF4845)	0	0	1	1	0	0	1	1	1	1	0	0	0	0	0	0	0	1	0	1	0	0	1	0	0	0	0	1	0	0	0	1	1	0	0	0	0	1	0	0	1	0
PF02900	Catalytic LigB subunit of aromatic ring-opening dioxygenase	0	0	1	0	0	0	0	1	0	0	0	1	0	0	0	0	0	1	0	0	0	0	1	0	0	0	0	0	1	0	0	0	1	0	0	1	0	0	0	0	0	0
PF08298	PrkA AAA domain	0	0	1	0	0	0	0	1	0	0	0	0	0	0	0	0	0	1	0	0	0	0	1	0	0	0	0	1	0	0	1	0	1	0	0	0	0	1	1	0	0	0
PF06798	PrkA serine protein kinase C-terminal domain	0	0	1	0	0	0	0	1	0	0	0	0	0	0	0	0	0	1	0	0	0	0	1	0	0	0	0	1	0	0	1	0	1	0	0	0	0	1	1	0	0	0
PF02332	Methane/Phenol/Alkene Hydroxylase	0	0	2	0	0	0	0	0	0	0	0	0	0	0	0	0	0	2	0	0	0	0	0	0	0	0	0	0	0	2	0	0	2	0	0	0	2	0	0	0	0	0
PF08328	Adenylosuccinate lyase C-terminal	0	0	1	1	0	0	1	1	1	1	0	0	0	0	0	0	0	1	1	1	0	0	1	0	0	0	1	1	1	1	1	1	1	0	0	1	1	1	1	1	1	0
PF05591	Type VI secretion system, VipA, VC_A0107 or Hcp2	0	0	1	0	0	0	2	2	0	0	0	0	0	2	0	0	0	1	0	0	0	2	2	0	0	0	0	2	0	0	0	0	1	0	0	0	0	2	0	0	1	0
PF04717	Type VI secretion system/phage-baseplate injector OB domain	0	0	3	0	0	0	0	1	0	0	0	0	0	2	0	0	0	2	0	0	0	2	1	0	0	0	1	1	0	0	0	0	3	0	0	0	0	1	0	1	2	0
PF20115	Family of unknown function (DUF6505)	0	0	1	0	0	0	0	0	0	0	0	0	0	1	1	0	0	1	0	0	1	1	0	0	0	0	0	0	0	0	0	0	1	1	1	0	0	0	0	0	0	0
PF00060	Ligand-gated ion channel	0	0	1	1	1	0	0	0	0	1	0	0	0	0	0	0	0	1	0	1	0	0	0	1	0	0	0	0	0	0	0	0	1	0	0	0	0	0	0	0	0	0
PF13103	TonB C terminal	0	0	2	1	1	1	2	1	1	1	0	1	0	0	2	0	0	2	0	1	2	0	0	1	1	2	0	0	0	0	0	1	2	0	0	0	0	0	0	0	2	2
PF12681	Glyoxalase-like domain	0	0	1	0	0	0	0	0	0	0	0	0	0	0	0	0	0	1	0	0	0	0	0	0	0	0	0	0	0	0	0	0	1	0	0	0	0	0	0	0	1	0
PF13972	Bacterial transcriptional repressor	0	0	2	1	0	1	1	1	0	1	0	1	0	0	0	0	0	2	0	1	0	0	1	0	0	0	0	1	0	0	1	1	2	0	0	0	0	1	1	0	1	0
PF21244	PurT, C-terminal	0	0	1	1	0	1	1	1	0	1	0	0	0	0	0	0	0	1	0	1	0	0	1	0	0	0	1	1	0	1	0	1	1	0	0	0	1	1	0	1	1	0
PF02369	Bacterial Ig-like domain (group 1)	0	0	2	0	0	0	0	0	0	0	0	0	0	0	0	2	0	2	0	0	0	0	0	0	0	0	0	0	0	2	1	0	2	1	1	0	2	0	1	0	2	0
PF02501	Type II secretion system (T2SS), protein I	0	0	1	1	0	1	0	1	1	1	0	1	1	0	0	1	0	1	0	1	0	0	1	0	1	0	0	0	0	1	1	1	1	0	0	0	1	0	1	0	1	0
PF16917	Biotin/lipoate A/B protein ligase family	0	0	1	0	0	0	0	0	0	0	0	0	0	0	1	0	0	1	0	0	1	0	0	0	0	0	0	0	0	0	0	0	1	0	0	0	0	0	0	0	0	0
PF07655	Secretin N-terminal domain	0	0	1	0	0	0	0	1	0	0	0	0	0	0	0	1	0	1	0	0	0	0	1	0	0	0	0	1	0	1	0	0	1	0	0	0	1	1	0	0	1	0
PF00797	N-acetyltransferase	0	0	1	1	0	0	0	0	0	0	0	0	0	0	0	0	0	1	0	0	0	0	0	0	0	0	0	0	0	0	0	0	1	0	0	0	0	0	0	0	1	0
PF03924	CHASE domain	0	0	4	0	0	0	2	2	0	0	0	0	0	1	0	0	0	4	0	0	0	1	2	0	2	0	0	3	0	1	0	0	4	1	1	0	1	3	0	0	2	0
PF21305	GspD-like, N0 domain	0	0	1	1	0	1	0	1	1	1	0	1	1	0	0	1	0	1	0	1	0	0	1	0	1	0	0	2	0	1	1	1	1	0	0	0	1	2	1	0	1	0
PF05209	Septum formation inhibitor MinC, N-terminal domain	0	0	1	1	0	0	0	1	0	1	0	0	0	0	0	0	0	1	0	1	0	0	1	0	0	1	0	0	0	0	1	1	1	0	0	0	0	0	1	0	1	0
PF03775	Septum formation inhibitor MinC, C-terminal domain	0	0	1	1	0	0	0	1	0	1	0	0	0	0	0	0	0	1	0	1	0	0	1	0	0	1	0	0	0	0	1	1	1	0	0	0	0	0	1	0	1	0
PF11215	Protein of unknown function (DUF3010)	0	0	1	0	0	0	0	0	0	0	0	0	0	0	0	0	0	1	0	0	0	0	0	0	0	0	0	0	0	1	1	0	1	0	0	0	1	0	1	0	1	0
PF05016	ParE toxin of type II toxin-antitoxin system, parDE	0	0	2	2	0	0	2	2	2	0	0	0	0	0	1	1	0	2	0	1	0	0	1	0	0	0	1	6	0	4	8	0	2	0	0	0	4	6	10	1	0	0
PF13387	Domain of unknown function (DUF4105)	0	0	1	1	0	0	0	1	0	1	1	0	0	0	1	0	0	1	1	1	1	1	1	0	0	1	1	1	1	0	0	1	1	0	0	1	0	1	0	1	0	1
PF11892	Pyrimidine/purine nucleotide monophosphate nucleosidase, C-terminal	0	0	1	1	0	0	1	1	1	1	0	0	0	0	0	1	0	1	0	1	0	0	1	0	0	0	0	1	0	1	1	1	1	0	0	0	1	1	1	0	0	0
PF14793	Pyrimidine/purine nucleotide 5'-monophosphate nucleosidases	0	0	1	1	0	0	1	1	1	1	0	0	0	0	0	1	0	1	0	1	0	0	1	0	0	0	0	1	0	1	1	1	1	0	0	0	1	1	1	0	0	0
PF02508	Rnf-Nqr subunit, membrane protein	0	0	4	4	0	0	4	4	4	4	1	0	0	2	0	2	0	4	2	4	0	2	2	0	0	0	2	4	2	4	4	4	4	0	0	2	4	4	4	2	4	0
PF17928	Tetracyclin repressor-like, C-terminal domain	0	0	1	0	0	0	0	0	0	0	0	0	0	0	0	0	0	1	0	0	0	0	0	0	0	0	0	0	0	0	0	0	1	0	0	0	0	0	0	0	1	0
PF07209	Protein of unknown function (DUF1415)	0	0	1	1	0	0	1	1	1	1	0	0	0	0	0	1	0	1	0	1	0	0	1	0	0	0	0	1	0	1	1	1	1	1	1	0	1	1	1	0	1	0
PF05402	Coenzyme PQQ synthesis protein D (PqqD)	0	0	1	0	0	0	0	0	0	0	0	0	0	0	0	0	0	1	0	0	0	0	0	0	0	2	0	0	0	0	0	0	1	0	0	0	0	0	0	0	0	1
PF13700	Domain of unknown function (DUF4158)	0	0	2	1	0	0	1	3	0	2	0	0	0	2	1	1	0	2	0	2	3	0	1	0	0	0	0	2	0	2	1	0	1	0	0	0	2	2	0	0	1	0
PF10052	Protein of unknown function (DUF2288)	0	0	1	0	0	0	0	0	0	1	0	0	0	0	0	0	0	1	0	1	0	0	0	0	0	0	0	0	0	0	0	1	1	0	0	0	0	0	0	0	0	0
PF14743	DNA ligase OB-like domain	0	0	1	1	0	0	0	1	0	1	0	0	0	0	0	0	0	1	0	1	0	0	1	0	0	0	0	0	0	1	1	1	1	0	0	0	1	0	1	0	1	0
PF14052	Capsule assembly protein Wzi	0	0	1	1	0	0	0	0	0	1	0	0	0	0	0	1	0	2	0	2	0	0	0	0	0	0	1	0	0	1	0	1	1	0	0	0	1	0	1	1	1	0
PF13191	AAA ATPase domain	0	0	1	0	0	0	0	0	0	0	0	0	0	0	0	0	0	1	0	0	0	0	0	0	0	0	0	0	0	0	0	0	1	0	0	0	0	0	0	0	1	0
PF11306	Protein of unknown function (DUF3108)	0	0	1	3	0	1	2	0	1	3	1	1	1	0	0	0	0	1	1	3	0	0	0	0	0	0	1	1	2	2	1	3	1	0	0	2	2	1	1	1	1	0
PF19742	Family of unknown function (DUF6231)	0	0	1	1	0	0	0	0	0	1	0	0	0	0	0	0	0	1	0	1	0	0	0	0	0	0	0	0	0	0	0	1	1	0	0	0	0	0	0	0	0	0
PF04378	Ribosomal RNA large subunit methyltransferase D, RlmJ	0	0	1	1	0	1	1	1	1	1	0	1	0	1	1	0	0	1	0	1	1	1	1	0	0	1	0	1	0	1	1	1	1	1	1	0	1	1	1	0	1	1
PF11008	Protein of unknown function (DUF2846)	0	0	1	1	0	0	1	1	0	0	0	0	0	0	0	0	0	1	0	0	0	0	1	0	0	0	0	1	0	0	0	1	1	0	0	0	0	1	0	0	1	0
PF13937	Domain of unknown function (DUF4212)	0	0	1	1	0	1	1	1	0	1	0	1	1	1	0	0	0	1	0	1	0	1	1	0	0	1	1	1	1	1	1	1	1	1	1	1	1	1	1	1	1	1
PF06097	Bacterial protein of unknown function (DUF945)	0	0	1	1	0	0	1	0	1	0	0	0	0	0	0	1	0	1	0	0	0	0	0	0	0	0	0	1	0	1	1	1	1	0	0	0	1	1	1	0	0	0
PF01346	Domain amino terminal to FKBP-type peptidyl-prolyl isomerase	0	0	1	1	0	1	2	2	2	1	0	0	0	0	0	2	0	1	0	1	0	0	0	0	0	0	0	2	0	2	3	1	1	0	0	0	2	2	2	0	0	0
PF18053	DNA gyrase B subunit insert domain	0	0	1	1	0	0	1	1	1	1	0	0	0	0	0	0	0	1	0	1	0	0	1	0	0	1	0	1	0	1	1	1	1	0	0	0	1	1	1	0	0	1
PF02445	Quinolinate synthetase A protein	0	0	1	1	0	1	0	1	1	1	0	2	1	0	0	0	0	1	0	1	0	0	0	0	0	0	1	1	0	1	1	1	1	0	0	0	1	1	1	1	1	0
PF20434	BD-FAE	0	0	1	0	0	2	3	2	1	0	0	1	2	0	0	1	0	1	0	0	0	0	2	0	0	0	1	2	2	1	1	0	1	0	0	2	1	2	1	1	0	0
PF05947	Type VI secretion system, TssF	0	0	1	0	0	0	0	1	0	0	0	0	0	1	0	0	0	1	0	0	0	2	1	0	0	0	0	1	0	0	0	0	1	0	0	0	0	1	0	0	1	0
PF05130	FlgN protein	0	0	1	0	0	0	0	1	0	0	0	0	0	0	0	0	0	1	0	0	0	0	1	0	0	0	0	0	0	1	1	0	1	0	0	0	1	0	1	0	1	0
PF09383	NIL domain	0	0	1	0	0	0	0	0	1	0	0	0	0	0	0	0	0	1	0	0	0	0	0	0	1	1	0	0	0	0	0	0	1	0	0	0	0	0	0	0	0	1
PF06968	Biotin and Thiamin Synthesis associated domain	0	0	1	1	0	1	0	1	1	1	2	1	0	0	0	1	0	1	2	1	0	0	1	0	0	1	1	0	0	1	2	1	1	0	0	0	1	0	2	1	1	1
PF13591	MerR HTH family regulatory protein	0	0	1	1	0	0	0	0	0	1	0	0	0	0	1	0	0	1	0	1	0	0	0	0	0	0	0	0	1	0	1	0	1	0	0	1	0	0	1	0	0	0
PF02412	Thrombospondin type 3 repeat	0	0	1	2	0	0	2	1	0	3	1	0	0	0	0	0	0	1	1	3	0	0	1	0	0	0	1	2	5	1	1	3	1	0	0	5	1	2	1	1	0	0
PF20714	DpiA-like helix-turn-helix domain	0	0	1	0	0	0	0	0	0	0	0	0	0	0	0	0	0	1	0	0	0	0	0	0	0	0	0	0	0	0	0	0	1	0	0	0	0	0	0	0	1	0
PF11736	Protein of unknown function (DUF3299)	0	0	1	1	0	2	0	0	0	1	0	1	1	0	1	1	0	1	0	1	1	0	0	0	0	0	0	0	0	1	1	1	1	0	0	0	1	0	1	0	0	0
PF13520	Amino acid permease	0	0	1	0	0	2	1	0	3	3	0	1	0	1	2	1	0	1	0	3	1	1	0	0	1	0	1	1	3	1	1	1	1	0	0	3	1	1	1	0	1	0
PF04612	Type II secretion system (T2SS), protein M	0	0	2	1	0	1	2	2	1	1	0	1	1	1	0	1	0	2	0	1	0	1	2	0	1	0	0	1	0	1	1	1	2	0	0	0	1	1	1	0	2	0
PF06175	tRNA-(MS[2]IO[6]A)-hydroxylase (MiaE)	0	0	1	1	0	0	1	1	1	1	1	0	0	0	0	1	0	1	0	1	0	0	1	0	0	0	1	1	2	1	1	1	1	0	0	2	1	1	1	1	1	0
PF06804	NlpB/DapX lipoprotein	0	0	1	1	0	0	1	1	1	1	0	0	0	0	0	0	0	1	0	1	0	0	0	0	0	0	0	1	0	1	1	1	1	0	0	0	1	1	1	0	1	0
PF03476	MOSC N-terminal beta barrel domain	0	0	1	0	1	0	1	1	0	0	0	0	0	0	1	0	0	1	0	0	1	0	1	1	1	0	0	1	0	0	0	0	1	0	0	0	0	1	0	0	1	0
PF14814	Bifunctional transglycosylase second domain	0	0	1	0	0	0	1	1	0	1	0	0	0	0	0	1	0	1	0	1	0	0	1	0	0	0	0	1	0	1	1	1	1	0	0	0	1	1	1	0	0	0
PF13620	Carboxypeptidase regulatory-like domain	0	0	1	0	0	1	4	1	1	0	1	1	1	0	0	2	0	2	2	0	0	0	1	0	0	0	8	3	4	3	2	1	1	0	0	5	3	3	2	8	1	0
PF00209	Sodium:neurotransmitter symporter family	0	0	3	1	0	1	1	1	2	1	1	1	1	0	0	1	0	3	1	1	0	0	1	0	0	0	0	1	0	2	2	1	3	0	0	0	2	1	2	0	1	0
PF04348	LppC putative lipoprotein	0	0	1	0	0	0	1	1	1	1	0	0	0	0	0	1	0	2	0	1	0	0	1	0	0	0	0	1	0	1	1	1	1	0	0	0	1	1	1	0	1	0
PF04285	Protein of unknown function (DUF444)	0	0	1	0	0	0	0	1	0	0	0	0	0	0	0	0	0	1	0	0	0	0	1	0	0	0	0	1	0	0	1	0	1	0	0	0	0	1	1	0	0	0
PF13875	Domain of unknown function (DUF4202)	0	0	1	0	0	0	0	0	0	0	0	0	0	0	0	0	0	1	0	0	0	0	0	0	0	1	0	0	0	0	0	0	1	0	0	0	0	0	0	0	0	1
PF02253	Phospholipase A1	0	0	1	1	0	0	0	0	1	1	0	0	0	0	0	1	0	1	0	1	0	0	0	0	0	0	0	0	0	1	1	1	1	0	0	0	1	0	1	0	0	0
PF09839	Uncharacterized protein conserved in bacteria (DUF2066)	0	0	1	1	0	1	2	0	1	1	0	0	0	0	0	0	0	1	0	1	0	0	0	0	0	0	0	1	0	1	1	1	1	0	0	0	1	1	1	0	1	0
PF05134	Type II secretion system (T2SS), protein L	0	0	1	1	0	1	1	1	1	1	0	1	1	0	0	1	0	1	0	1	0	0	1	0	1	0	0	1	0	1	1	1	1	0	0	0	1	1	1	0	1	0
PF12693	GspL periplasmic domain	0	0	1	1	0	1	1	1	1	1	0	1	1	1	0	1	0	1	0	1	0	1	1	0	1	0	0	1	0	1	1	1	1	0	0	0	1	1	1	0	1	0
PF06580	Histidine kinase	0	0	1	1	0	0	1	1	0	1	2	1	0	0	0	2	0	1	2	1	0	0	2	0	0	0	9	1	7	3	1	1	1	0	0	7	3	1	1	9	0	0
PF17131	Outer membrane lipoprotein-sorting protein	0	0	1	1	0	0	1	2	0	1	0	0	0	0	0	1	0	2	0	1	0	0	2	0	0	0	0	1	0	3	0	1	0	0	0	0	3	1	0	0	0	0
PF09209	HTH-type transcriptional dual regulator CecR, C-terminal domain	0	0	1	0	0	0	0	0	0	0	0	0	0	0	0	0	0	1	0	0	0	0	0	0	0	0	0	0	0	0	0	0	1	0	0	0	0	0	0	0	0	0
PF13806	Rieske-like [2Fe-2S] domain	0	0	1	1	0	0	1	1	0	1	0	0	0	0	1	1	0	1	0	1	1	0	1	0	0	1	0	1	0	1	1	1	1	0	0	0	1	1	1	0	0	0
PF21132	MFD, D3 domain	0	0	1	1	0	0	1	1	1	1	0	0	0	0	0	1	0	1	0	1	0	0	0	0	0	0	0	1	0	1	1	1	1	0	0	0	1	1	1	0	1	0
PF04245	37-kD nucleoid-associated bacterial protein	0	0	2	0	0	0	2	0	0	0	2	0	0	0	0	1	0	2	0	0	0	0	1	0	0	0	1	1	1	1	1	0	2	0	0	1	1	1	1	1	2	0
PF17191	RecG wedge domain	0	0	1	1	1	1	1	1	1	1	1	1	0	0	1	2	0	1	1	1	1	0	1	1	0	1	1	1	1	1	1	1	1	0	0	1	1	1	1	1	0	1
PF13503	Domain of unknown function (DUF4123)	0	0	3	0	0	0	0	0	0	0	0	0	0	0	0	0	0	3	0	0	0	0	0	0	0	0	0	0	0	0	0	0	3	0	0	0	0	0	0	0	3	0
PF11231	Protein of unknown function (DUF3034)	0	0	1	0	0	0	1	1	0	0	0	0	0	0	0	1	0	1	0	0	0	0	1	0	0	0	0	1	0	1	1	0	1	0	0	0	1	1	1	0	0	0
PF18582	Hydrazine synthase alpha subunit middle domain	0	0	1	1	0	0	0	0	0	1	0	0	0	0	0	1	0	1	0	1	0	0	0	0	0	0	0	0	0	1	0	1	1	0	0	0	1	0	0	0	1	0
PF14343	PrcB C-terminal	0	0	1	0	0	0	1	1	0	0	0	0	0	0	0	0	0	1	1	0	0	0	0	0	0	0	0	1	0	0	0	0	1	0	0	0	0	1	0	0	1	0
PF00350	Dynamin family	0	0	1	0	0	0	0	2	0	0	0	0	0	0	0	0	0	1	0	0	0	0	0	0	0	0	0	0	0	0	0	0	1	0	0	0	0	0	0	0	0	0
PF18158	Adaptive response protein AidB N-terminal domain	0	0	1	1	0	0	0	0	0	0	0	0	0	0	0	0	0	2	0	0	0	0	0	0	0	0	0	0	0	0	1	1	1	0	0	0	0	0	1	0	0	0
PF20514	ROXA-like winged helix	0	0	1	1	0	0	1	1	1	1	0	0	0	0	0	0	0	1	0	1	0	0	1	0	0	0	0	0	0	1	1	1	1	0	0	0	1	0	1	0	1	0
PF08007	JmjC domain	0	0	1	1	0	0	1	1	3	1	0	0	1	0	0	0	0	1	0	1	0	0	1	0	0	0	0	1	0	1	1	1	1	0	0	0	1	1	1	0	1	0
PF09907	HigB_toxin, RelE-like toxic component of a toxin-antitoxin system	0	0	1	0	0	0	0	0	0	0	0	0	0	0	0	0	0	1	0	0	0	0	0	0	0	0	0	1	1	0	0	0	1	0	0	1	0	1	0	0	1	0
PF04018	Domain of unknown function (DUF368)	0	0	1	1	0	0	1	1	1	1	0	0	0	0	0	0	0	1	0	1	0	0	1	0	0	0	2	1	2	0	0	1	1	0	0	2	0	1	0	2	1	0
PF13557	Putative MetA-pathway of phenol degradation	0	0	1	1	0	1	0	1	0	1	1	0	0	0	0	0	0	1	0	1	0	0	1	0	0	0	2	0	1	0	0	2	1	0	0	1	0	0	0	2	0	0
PF18754	Nucleotide modification associated domain 3	0	0	1	0	0	0	0	0	0	0	0	0	0	0	0	0	0	1	0	0	0	0	0	0	0	0	0	0	0	0	0	0	1	0	0	0	0	0	0	0	0	0
PF04392	ABC transporter substrate binding protein	0	0	2	0	0	0	0	0	0	0	0	0	0	0	0	0	0	2	0	0	0	0	0	0	0	0	0	0	0	0	1	0	2	0	0	0	0	0	1	0	2	0
PF02675	S-adenosylmethionine decarboxylase	0	0	1	1	0	0	1	1	0	1	0	0	0	1	0	1	0	1	0	1	0	1	1	0	0	0	0	1	0	1	0	1	1	1	1	0	1	1	0	0	0	0
PF10861	Protein of Unknown function (DUF2784)	0	0	1	0	0	0	0	0	0	0	0	0	0	0	0	0	0	1	0	0	0	0	0	0	0	0	0	0	0	0	0	0	1	0	0	0	0	0	0	0	1	0
PF10974	Protein of unknown function (DUF2804)	0	0	1	1	0	0	1	1	0	1	0	0	1	0	0	0	0	1	0	1	0	0	1	0	0	0	0	1	0	0	0	1	1	0	0	0	0	1	0	0	1	0
PF21216	Xaa-Pro dipeptidase, N-terminal domain	0	0	1	0	0	0	0	0	1	0	0	0	0	0	0	1	0	1	0	0	0	0	0	0	0	0	0	0	0	1	1	0	1	0	0	0	1	0	1	0	0	0
PF04751	Protein of unknown function (DUF615)	0	0	1	1	0	0	1	1	1	1	0	0	0	0	0	1	0	1	0	1	0	0	2	0	0	0	0	1	0	1	1	1	1	0	0	0	1	1	1	0	1	0
PF08238	Sel1 repeat	0	0	3	0	0	6	0	0	0	2	0	4	3	3	4	1	0	3	0	1	2	3	0	0	0	1	0	1	0	2	1	0	3	1	1	0	2	1	1	0	1	1
PF03658	RnfH family Ubiquitin	0	0	1	1	0	0	1	1	1	1	0	0	0	0	0	0	0	1	0	1	0	0	1	0	0	0	0	1	0	1	1	1	1	0	0	0	1	1	1	0	0	0
PF03695	Uncharacterised protein family (UPF0149)	0	0	2	2	0	0	1	2	2	2	0	0	0	0	1	2	0	2	0	2	0	0	2	0	0	0	0	2	0	2	2	2	2	0	0	0	2	2	2	0	1	0
PF04191	Phospholipid methyltransferase	0	0	1	1	1	2	1	0	0	4	0	0	1	0	1	1	0	2	0	4	1	0	0	1	1	0	1	1	0	1	0	2	1	0	0	0	1	1	0	1	1	0
PF03330	Lytic transglycolase	0	0	1	1	0	1	1	1	0	1	1	1	0	0	0	0	0	1	1	1	0	0	1	0	0	0	0	1	0	1	1	1	1	0	0	0	1	1	1	0	1	0
PF02411	MerT mercuric transport protein	0	0	1	0	1	0	0	0	0	1	0	0	0	0	1	2	0	1	0	0	0	0	0	1	0	0	1	2	1	3	0	0	1	0	0	1	3	2	0	0	1	0
PF13473	Cupredoxin-like domain	0	0	1	1	1	0	1	0	0	1	0	0	0	0	0	1	0	1	0	1	0	0	0	1	0	0	0	1	0	3	1	1	1	0	0	0	3	1	1	0	1	0
PF04307	LexA-binding, inner membrane-associated putative hydrolase	0	0	1	1	0	0	2	0	1	1	1	0	0	0	0	1	0	2	1	1	0	0	0	0	0	0	0	1	1	1	1	1	1	0	0	1	1	1	1	0	0	0
PF10707	PhoP regulatory network protein YrbL	0	0	1	0	0	0	1	0	0	0	0	0	0	0	0	0	0	1	0	0	0	0	0	0	0	0	0	1	0	0	0	0	1	0	0	0	0	1	0	0	1	0
PF20975	DGC-associated coil	0	0	1	0	0	0	1	1	0	0	0	0	0	0	0	1	0	1	0	0	0	0	1	0	0	0	0	1	0	1	1	0	1	0	0	0	1	1	1	0	0	0
PF01227	GTP cyclohydrolase I	0	0	1	0	0	1	1	0	1	0	1	1	1	0	0	1	0	1	1	0	0	0	0	0	0	0	3	1	3	1	1	0	1	0	0	3	1	1	1	3	0	0
PF08478	POTRA domain, FtsQ-type	0	0	1	1	0	1	1	1	1	0	0	1	1	0	1	1	0	1	0	0	1	0	1	0	0	0	0	1	0	1	1	1	1	0	0	0	1	1	1	0	1	0
PF08496	Peptidase family S49 N-terminal	0	0	1	1	0	0	1	1	1	1	0	0	0	0	0	0	0	2	0	1	0	0	1	0	0	0	0	1	0	1	1	1	1	0	0	0	1	1	1	0	1	0
PF02568	Thiamine biosynthesis protein (ThiI)	0	0	1	0	0	0	1	1	1	0	0	0	0	0	0	0	0	1	0	0	0	0	1	0	0	0	0	1	0	0	0	0	1	0	0	0	0	1	0	0	0	0
PF13749	Putative ATP-dependent DNA helicase recG C-terminal	0	0	1	0	0	0	0	1	0	0	0	0	0	0	0	0	0	0	0	1	0	0	1	0	0	0	0	0	1	0	0	0	0	0	0	1	0	0	0	0	0	0
PF17804	Tail specific protease N-terminal domain	0	0	1	0	0	0	1	1	1	1	1	0	0	0	0	1	0	1	1	1	0	0	0	0	0	0	1	1	1	1	1	1	1	0	0	1	1	1	1	1	1	0
PF00595	PDZ domain	0	0	1	1	0	1	1	1	1	1	2	1	0	0	0	2	0	1	2	1	0	0	0	0	0	1	1	1	2	2	2	1	1	0	0	2	2	1	2	1	1	1
PF11818	C-terminal domain of tail specific protease (DUF3340)	0	0	1	0	0	0	1	1	1	1	1	0	0	0	0	0	0	1	1	1	0	0	0	0	0	0	1	1	1	1	1	1	1	0	0	1	1	1	1	1	1	0
PF06803	Protein of unknown function (DUF1232)	0	0	1	2	0	1	0	0	0	2	0	1	1	0	0	0	0	2	0	1	0	0	0	0	0	0	0	0	0	0	0	1	1	0	0	0	0	0	0	0	0	0
PF18918	Family of unknown function (DUF5669)	0	0	1	0	0	0	1	0	0	0	0	0	0	0	0	1	0	1	0	0	0	0	0	0	0	0	0	0	0	1	1	0	1	0	0	0	1	0	1	0	0	0
PF09190	DALR domain	0	0	1	1	0	1	0	1	1	1	1	1	1	0	1	1	0	1	1	1	1	0	1	0	0	0	1	1	1	1	1	1	1	0	0	1	1	1	1	1	1	0
PF20293	ABC-three component (ABC-3C) system Middle Component 6	0	0	1	0	0	0	0	0	0	0	0	0	0	0	0	0	0	1	0	0	0	0	0	0	0	0	0	1	0	1	0	0	1	0	0	0	1	1	0	0	0	0
PF18125	RlmM ferredoxin-like domain	0	0	1	1	0	0	0	0	0	1	0	0	0	0	0	1	0	1	0	1	0	0	0	0	0	0	0	0	0	1	1	1	1	0	0	0	1	0	1	0	1	0
PF21239	Ribosomal RNA large subunit methyltransferase M, N-terminal	0	0	1	1	0	0	0	0	0	1	0	0	0	0	0	1	0	1	0	1	0	0	0	0	0	0	0	0	0	1	1	1	1	0	0	0	1	0	1	0	1	0
PF05597	Poly(hydroxyalcanoate) granule associated protein (phasin)	0	0	1	1	0	1	0	0	0	1	0	1	0	0	0	0	0	1	0	1	0	0	0	0	0	0	0	0	0	0	1	1	1	0	0	0	0	0	1	0	1	0
PF04172	LrgB-like family	0	0	2	1	1	0	0	1	1	1	0	0	0	0	0	2	0	2	0	1	0	0	1	1	0	1	0	1	0	1	1	1	2	0	0	0	1	1	1	0	0	1
PF13729	F plasmid transfer operon, TraF, protein	0	0	1	0	0	0	0	1	0	0	0	0	0	0	0	1	0	1	0	0	0	0	1	0	0	0	0	1	0	1	0	0	1	0	0	0	1	1	0	0	0	0
PF13401	AAA domain	0	0	4	1	0	0	3	3	1	1	0	1	0	0	1	3	0	4	0	1	2	0	4	0	0	1	0	3	0	4	2	1	4	0	0	0	4	3	2	0	3	1
PF13372	Alginate export	0	0	1	1	0	0	0	0	0	2	0	0	0	0	0	1	0	2	0	2	0	0	0	0	0	1	1	0	0	2	2	1	1	0	0	0	2	0	3	1	0	1
PF00686	Starch binding domain	0	0	1	0	0	0	0	0	0	0	0	0	0	0	0	0	0	1	0	0	0	0	0	0	0	0	0	0	0	0	0	0	1	0	0	0	0	0	0	0	0	0
PF21073	Glutamate dehydrogenase, helical motif 1	0	0	1	1	0	1	1	1	1	1	0	1	0	0	0	0	0	1	0	1	0	0	2	0	0	0	0	1	0	1	1	1	1	0	0	0	1	1	1	0	1	0
PF21075	Glutamate dehydrogenase, ACT1 domain	0	0	1	1	0	1	1	1	1	1	0	1	0	0	0	0	0	1	0	1	0	0	2	0	0	0	0	1	0	1	1	1	1	0	0	0	1	1	1	0	1	0
PF21076	Glutamate dehydrogenase, ACT2 domain	0	0	1	1	0	1	1	1	1	1	0	1	0	0	0	0	0	1	0	1	0	0	2	0	0	0	0	1	0	1	1	1	1	0	0	0	1	1	1	0	1	0
PF16187	Middle or third domain of peptidase_M16	0	0	1	0	0	0	1	1	0	0	0	0	0	0	0	0	0	1	0	0	0	0	1	0	0	0	0	1	0	1	1	0	1	0	0	0	1	1	1	0	1	0
PF00887	Acyl CoA binding protein	0	0	1	1	0	0	0	0	0	1	0	0	0	0	0	0	0	1	1	1	0	0	0	0	0	0	1	0	1	0	0	1	1	0	0	1	0	0	0	1	1	0
PF12487	Protein of unknown function (DUF3703)	0	0	1	1	0	1	0	0	0	0	0	0	0	0	0	1	0	1	0	0	0	0	0	0	0	0	0	0	1	2	1	0	1	0	0	1	2	0	1	0	1	0
PF00183	Hsp90 protein	0	0	1	1	0	0	0	1	1	1	1	0	0	0	0	0	0	1	1	1	0	0	0	0	0	0	1	1	1	1	1	1	1	0	0	1	1	1	1	1	1	0
PF14346	Domain of unknown function (DUF4398)	0	0	2	0	0	0	0	0	0	0	0	0	0	0	0	0	0	2	0	0	0	0	0	0	0	0	0	0	0	0	0	0	2	0	0	0	0	0	0	0	2	0
PF11798	IMS family HHH motif	0	0	1	0	0	0	0	0	1	0	1	0	0	0	0	1	0	1	1	0	0	0	0	0	0	0	1	0	1	1	2	0	1	0	0	1	1	0	2	1	1	0
PF02631	RecX family	0	0	1	1	0	0	1	1	1	1	1	0	0	0	0	1	0	1	1	1	0	0	1	0	0	0	1	1	1	1	1	1	1	0	0	1	1	1	1	1	1	0
PF08308	PEGA domain	0	0	1	0	0	1	0	0	1	0	0	0	0	0	0	0	0	1	0	0	0	0	0	0	0	0	0	0	0	0	1	0	1	0	0	0	0	0	1	0	1	0
PF11959	Domain of unknown function (DUF3473)	0	0	1	0	0	0	0	0	0	0	0	0	0	0	0	0	0	1	0	0	0	0	0	0	0	0	0	0	0	1	1	0	1	0	0	0	1	0	1	0	1	0
PF16963	PelD GGDEF domain	0	0	1	1	0	0	0	0	0	1	0	0	0	0	0	0	0	1	0	1	0	0	0	0	0	0	0	0	0	0	0	1	1	0	0	0	0	0	0	0	0	0
PF04226	Transglycosylase associated protein	0	0	1	1	1	0	0	1	1	1	0	0	0	0	1	1	0	1	0	1	0	0	1	1	1	1	0	0	0	1	0	1	1	0	0	0	1	0	0	0	1	1
PF13590	Domain of unknown function (DUF4136)	0	0	1	1	0	0	0	0	3	1	1	0	0	0	0	1	0	1	1	1	0	0	0	0	0	0	2	0	1	1	1	1	1	0	0	1	1	0	1	2	1	0
PF13677	Membrane MotB of proton-channel complex MotA/MotB	0	0	4	0	1	2	2	3	0	0	0	2	2	1	1	1	0	4	0	0	0	1	3	1	0	1	0	3	0	1	1	0	4	1	1	0	1	3	1	0	2	1
PF12118	SprA-related family	0	0	1	0	0	0	1	1	0	0	0	0	0	0	0	1	0	1	0	0	0	0	1	0	0	0	0	1	0	1	1	0	1	0	0	0	1	1	1	0	1	0
PF16733	Rhomboid N-terminal domain	0	0	1	0	0	0	1	1	0	0	0	0	0	0	0	0	0	1	0	0	0	0	1	0	0	0	0	1	0	0	0	0	1	0	0	0	0	1	0	0	1	0
PF02694	Uncharacterised BCR, YnfA/UPF0060 family	0	0	1	2	1	0	0	1	0	2	0	0	0	0	0	0	0	1	0	2	1	0	0	1	0	1	0	0	0	0	0	0	1	0	0	0	0	0	0	0	1	1
PF03646	FlaG protein	0	0	1	0	0	0	1	1	0	0	0	0	0	0	0	0	0	1	0	0	0	0	1	0	0	0	0	1	0	1	1	0	1	0	0	0	1	1	1	0	1	0
PF06144	DNA polymerase III, delta subunit	0	0	1	1	0	0	1	1	1	1	0	0	0	0	0	1	0	1	0	1	0	0	1	0	0	0	1	1	1	1	1	1	1	0	0	1	1	1	1	1	1	0
PF21694	DNA polymerase III delta subunit, C-terminal domain	0	0	1	0	0	0	0	0	1	0	0	0	0	0	0	0	0	1	0	0	0	0	0	0	0	0	1	0	1	0	0	0	1	0	0	1	0	0	0	1	1	0
PF02895	Signal transducing histidine kinase, homodimeric domain	0	0	1	2	0	0	1	3	1	1	0	0	0	0	0	2	0	2	0	1	0	0	4	0	0	1	0	3	0	2	2	1	1	0	0	0	2	3	2	0	0	1
PF13529	Peptidase_C39 like family	0	0	1	1	0	0	0	0	0	1	0	0	0	0	0	1	0	1	0	1	0	0	0	0	0	0	0	0	0	2	1	1	1	0	0	0	2	0	1	0	1	0
PF05686	Glycosyl transferase family 90	0	0	1	0	0	0	0	0	0	0	0	0	0	0	0	0	0	1	0	0	0	0	0	0	0	1	0	0	0	0	0	0	1	0	0	0	0	0	0	0	1	1
PF14467	Domain of unknown function (DUF4426)	0	0	1	0	0	0	0	1	1	0	0	0	0	0	0	1	0	1	0	0	0	0	1	0	0	0	0	0	0	1	1	0	1	0	0	0	1	0	1	0	0	0
PF14224	Domain of unknown function (DUF4331)	0	0	1	1	0	0	1	1	0	1	0	0	0	0	0	1	0	1	2	1	0	0	1	0	0	0	2	1	2	1	1	1	1	0	0	2	1	1	1	2	0	0
PF01142	tRNA pseudouridine synthase D (TruD)	0	0	1	1	0	0	1	1	1	1	0	0	0	0	0	1	0	1	0	1	0	0	1	0	0	0	0	1	0	1	1	1	1	0	0	0	1	1	1	0	1	0
PF13649	Methyltransferase domain	0	0	5	3	5	3	2	2	4	5	3	4	6	2	6	2	0	5	2	6	6	1	2	5	0	1	2	2	2	5	2	5	5	1	0	2	5	2	2	2	2	1
PF10698	Protein of unknown function (DUF2505)	0	0	1	1	0	0	0	0	0	1	0	0	0	0	0	0	0	1	0	1	0	0	0	0	0	0	0	0	0	0	0	1	1	0	0	0	0	0	0	0	0	0
PF11075	Protein of unknown function VcgC/VcgE (DUF2780)	0	0	1	1	0	0	0	0	0	1	0	0	0	0	0	1	0	2	0	1	0	0	0	0	0	0	0	0	0	1	1	1	1	0	0	0	1	0	1	0	1	0
PF00813	FliP family	0	0	1	0	1	1	1	1	0	0	0	1	1	0	0	1	0	1	0	0	0	0	1	2	1	1	0	1	0	1	1	0	1	0	0	0	1	1	1	0	1	1
PF09924	Phosphatidylglycerol lysyltransferase, C-terminal	0	0	1	0	0	0	0	0	0	0	0	0	0	1	0	0	0	1	0	0	0	1	0	0	0	0	0	0	0	0	0	0	1	0	0	0	0	0	0	0	1	0
PF20872	MalF, N-terminal region, transmembrane helices	0	0	1	0	0	0	0	0	0	0	0	0	0	0	0	0	0	1	0	0	0	0	0	0	0	0	0	0	0	0	0	0	1	0	0	0	0	0	0	0	1	0
PF14785	Maltose transport system permease protein MalF P2 domain	0	0	1	0	0	0	0	0	0	0	0	0	0	0	0	0	0	1	0	0	0	0	0	0	0	0	0	0	0	0	0	0	1	0	0	0	0	0	0	0	1	0
PF11839	Alanine-zipper, major outer membrane lipoprotein	0	0	1	0	0	0	0	0	0	0	0	0	0	0	0	0	0	1	0	0	0	0	0	0	0	0	0	0	0	0	0	0	1	0	0	0	0	0	0	0	0	0
PF10981	Protein of unknown function (DUF2788)	0	0	1	0	0	0	1	1	1	0	0	0	0	0	0	0	0	1	0	0	0	0	1	0	0	0	0	1	0	1	1	0	1	0	0	0	1	1	1	0	1	0
PF18186	SMODS and SLOG-associating 2TM effector domain family 4	0	0	1	0	0	0	0	0	0	0	0	0	0	0	0	0	0	0	0	1	0	0	0	0	0	0	0	1	0	0	0	0	0	0	0	0	0	1	0	0	0	0
PF10088	Uncharacterised protein conserved in bacteria (DUF2326)	0	0	1	0	0	0	0	0	0	0	0	0	0	0	0	0	0	1	0	0	0	0	0	0	0	0	0	1	0	1	0	0	1	0	0	0	1	1	0	0	0	0
PF12137	RNA polymerase recycling family C-terminal	0	0	1	1	0	0	1	0	1	1	0	0	0	0	0	1	0	1	0	1	0	0	0	0	0	0	0	1	0	1	1	1	1	0	0	0	1	1	1	0	0	0
PF18339	RapA N-terminal Tudor like domain 1	0	0	1	1	0	0	1	0	1	1	0	0	0	0	0	1	0	1	0	1	0	0	0	0	0	0	0	1	0	1	1	1	1	0	0	0	1	1	1	0	0	0
PF00176	SNF2-related domain	0	0	1	1	0	0	1	1	1	3	0	0	0	0	2	1	0	2	0	3	0	0	0	0	0	0	0	1	0	3	1	1	1	0	0	0	3	1	1	0	0	0
PF18337	RapA N-terminal Tudor like domain	0	0	1	1	0	0	1	0	0	1	0	0	0	0	0	1	0	1	0	1	0	0	0	0	0	0	0	1	0	1	1	1	1	0	0	0	1	1	1	0	0	0
PF04183	IucA / IucC family	0	0	2	0	0	0	0	0	0	0	0	0	0	0	0	0	0	2	0	0	0	0	0	0	0	2	0	0	0	0	0	0	2	0	0	0	0	0	0	0	2	2
PF06276	Ferric iron reductase FhuF-like transporter	0	0	2	0	0	0	0	0	0	1	0	0	0	0	0	0	0	2	0	1	0	0	0	0	0	2	0	0	0	0	0	1	2	0	0	0	0	0	0	0	2	2
PF05768	Glutaredoxin-like domain (DUF836)	0	0	1	1	0	0	1	1	1	1	0	0	0	0	0	1	0	2	0	1	0	0	1	0	0	0	0	1	0	1	1	1	1	0	0	0	1	1	1	0	1	0
PF14400	Inactive transglutaminase fused to 7 transmembrane helices	0	0	1	0	0	0	1	1	1	1	0	1	1	0	0	0	0	1	0	1	0	0	1	0	0	0	0	1	0	0	0	1	1	0	0	0	0	1	0	0	1	0
PF14402	7 transmembrane helices usually fused to an inactive transglutaminase	0	0	1	0	0	0	1	1	1	1	0	1	1	0	0	0	0	1	0	1	0	0	1	0	0	0	0	1	0	0	0	1	1	0	0	0	0	1	0	0	1	0
PF04077	DsrH like protein	0	0	1	0	0	0	0	1	0	0	0	0	0	0	0	0	0	1	0	0	0	0	1	0	0	0	0	1	0	0	1	0	1	0	0	0	0	1	1	0	1	0
PF01008	Initiation factor 2 subunit family	0	0	1	1	0	0	1	1	0	1	0	0	0	0	0	0	0	1	0	1	0	0	1	0	0	0	0	1	0	0	0	1	1	0	0	0	0	1	0	0	1	0
PF02530	Porin subfamily	0	0	1	0	0	0	0	0	0	0	0	0	0	0	0	0	0	1	0	0	0	0	0	0	0	0	0	0	0	0	0	0	1	0	0	0	0	0	0	0	0	0
PF06662	D-glucuronyl C5-epimerase C-terminus	0	0	1	0	0	0	0	0	0	0	0	0	0	0	0	0	0	1	0	0	0	0	0	0	0	0	0	0	0	0	0	0	1	0	0	0	0	0	0	0	1	0
PF11104	Type IV pilus assembly protein PilM;	0	0	1	1	0	0	1	1	1	1	0	0	0	0	0	1	0	1	0	1	0	0	1	0	0	0	0	1	0	1	1	1	1	0	0	0	1	1	1	0	1	0
PF06744	Type VI secretion protein IcmF C2-like domain	0	0	1	0	0	0	1	1	0	0	0	0	0	1	0	0	0	1	0	0	0	1	1	0	0	0	0	1	0	0	0	0	1	0	0	0	0	1	0	0	1	0
PF06761	Intracellular multiplication and human macrophage-killing	0	0	1	0	0	0	1	1	0	0	0	0	0	1	0	0	0	1	0	0	0	1	1	0	0	0	0	1	0	0	0	0	1	0	0	0	0	1	0	0	1	0
PF14331	IcmF-related N-terminal domain	0	0	1	0	0	0	1	1	0	0	0	0	0	1	0	0	0	1	0	0	0	1	1	0	0	0	0	1	0	0	0	0	1	0	0	0	0	1	0	0	1	0
PF21070	Type VI secretion protein IcmF helical domain	0	0	1	0	0	0	0	0	0	0	0	0	0	1	0	0	0	1	0	0	0	1	0	0	0	0	0	0	0	0	0	0	1	0	0	0	0	0	0	0	1	0
PF12893	Putative lumazine-binding	0	0	1	0	0	1	0	0	0	0	0	0	0	0	1	0	0	1	0	0	1	0	0	0	0	0	0	0	0	0	0	0	1	0	0	0	0	0	0	0	1	0
PF03963	Flagellar hook capping protein - N-terminal region	0	0	1	0	1	1	1	1	0	0	0	1	1	0	1	0	0	1	0	0	1	0	1	1	1	1	0	1	0	1	1	0	1	0	0	0	1	1	1	0	1	1
PF13861	FlgD Tudor-like domain	0	0	1	0	0	0	1	1	0	0	0	0	0	0	0	0	0	1	0	0	0	0	1	0	1	0	0	1	0	1	1	0	1	0	0	0	1	1	1	0	1	0
PF13860	FlgD Ig-like domain	0	0	1	0	1	0	1	1	0	0	0	0	0	0	1	0	0	1	0	0	1	0	1	1	1	1	0	1	0	1	1	0	1	0	0	0	1	1	1	0	1	1
PF00455	DeoR C terminal sensor domain	0	0	2	0	0	0	0	1	0	0	0	0	0	2	1	1	0	2	0	0	0	2	1	0	0	4	0	1	0	1	2	0	2	0	0	0	1	1	2	0	2	3
PF08220	DeoR-like helix-turn-helix domain	0	0	2	0	0	0	1	2	0	0	0	0	0	2	1	1	0	2	0	0	0	2	1	0	0	4	0	1	0	1	2	0	2	0	0	0	1	1	2	0	2	3
PF00114	Pilin (bacterial filament)	0	0	2	0	0	0	0	1	1	1	0	0	0	0	0	0	0	2	0	3	0	0	1	0	0	0	0	1	0	0	1	3	2	0	0	0	0	1	1	0	2	0
PF12119	Protein of unknown function (DUF3581)	0	0	1	0	0	0	0	0	1	0	0	0	0	0	0	0	0	1	0	0	0	0	0	0	0	0	0	0	0	0	0	0	1	0	0	0	0	0	0	0	1	0
PF09864	Membrane-bound lysozyme-inhibitor of c-type lysozyme	0	0	1	0	0	0	0	0	0	0	0	0	0	0	1	0	0	1	0	0	1	0	0	0	1	1	0	0	0	0	0	0	1	0	0	0	0	0	0	0	0	1
PF01152	Bacterial-like globin	0	0	1	1	1	0	2	2	1	0	0	1	1	0	0	1	0	1	0	0	0	0	2	1	0	0	0	2	0	1	2	0	1	0	0	0	1	2	2	0	0	0
PF08267	Cobalamin-independent synthase, N-terminal domain	0	0	1	0	0	0	1	1	0	1	0	0	0	0	0	0	0	1	0	1	0	0	1	0	0	0	0	1	0	0	0	0	1	0	0	0	0	1	0	0	1	0
PF14255	Cysteine-rich CPXCG	0	0	1	1	0	0	0	2	0	1	0	0	0	0	0	0	0	1	0	1	0	0	1	0	0	0	1	1	1	1	1	1	1	0	0	1	1	1	1	1	1	0
PF10688	Bacterial inner membrane protein	0	0	1	0	0	0	0	0	0	0	0	0	0	0	0	0	0	1	0	0	0	0	0	0	0	0	0	0	0	1	2	0	1	0	0	0	1	0	2	0	0	0
PF04344	Chemotaxis phosphatase, CheZ	0	0	1	0	0	0	1	1	0	0	0	0	0	0	0	2	0	1	0	0	0	0	1	0	0	0	0	1	0	1	1	0	1	0	0	0	1	1	1	0	1	0
PF06039	Malate:quinone oxidoreductase (Mqo)	0	0	2	0	0	0	1	1	0	0	0	0	0	0	0	0	0	2	0	0	0	0	1	0	0	0	0	1	2	0	0	0	2	0	0	2	0	1	0	0	1	0
PF18113	Rubredoxin binding C-terminal domain	0	0	1	1	0	0	1	1	1	1	0	0	0	0	0	0	0	1	0	1	0	0	1	0	0	0	0	1	0	0	0	1	1	0	0	0	0	1	0	0	0	0
PF18864	AbiTii	0	0	1	1	0	0	0	0	0	0	0	0	0	0	0	0	0	1	0	0	0	0	0	0	0	0	0	0	0	0	0	0	1	0	0	0	0	0	0	0	1	0
PF00258	Flavodoxin	0	0	1	0	0	0	1	2	3	1	1	0	0	0	2	1	0	1	0	2	2	0	2	0	0	0	0	2	1	5	5	0	1	0	0	1	5	2	5	0	0	0
PF13336	Acetyl-CoA hydrolase/transferase C-terminal domain	0	0	1	1	0	0	0	0	0	1	0	0	0	0	0	1	0	1	0	1	0	0	0	0	0	0	1	0	1	1	1	1	1	0	0	1	1	0	1	1	1	0
PF08888	HopJ type III effector protein	0	0	1	1	0	0	1	1	0	1	1	0	0	0	0	0	0	1	1	1	0	0	1	0	0	0	0	1	1	0	0	1	1	0	0	1	0	1	0	0	1	0
PF12262	Bacterial virulence factor lipase N-terminal	0	0	1	0	0	0	1	1	0	0	0	0	0	0	0	1	0	1	0	0	0	0	1	0	0	0	0	1	0	1	1	1	1	0	0	0	1	1	1	0	1	0
PF03846	Cell division inhibitor SulA	0	0	2	0	0	0	1	2	1	0	0	0	0	0	0	0	0	2	0	0	0	0	1	0	0	0	0	1	0	0	0	0	2	0	0	0	0	1	0	0	2	0
PF18029	Glyoxalase-like domain	0	0	1	0	0	0	0	0	0	0	0	1	0	0	1	0	0	1	0	0	1	0	0	0	0	0	0	0	0	0	0	0	1	0	0	0	0	0	0	0	0	0
PF04362	Bacterial Fe(2+) trafficking	0	0	1	1	0	0	1	1	1	1	0	0	0	0	0	1	0	1	0	2	0	0	1	0	0	0	0	1	0	1	1	1	1	0	0	0	1	1	2	0	0	0
PF03888	MucB/RseB N-terminal domain	0	0	1	1	0	0	1	1	1	1	0	0	0	0	0	1	0	1	0	1	0	0	1	0	0	0	0	0	0	1	1	1	1	0	0	0	1	0	1	0	1	0
PF17188	MucB/RseB C-terminal domain	0	0	1	1	0	0	1	1	1	1	0	0	0	0	0	1	0	1	0	1	0	0	1	0	0	0	0	0	0	1	1	1	1	0	0	0	1	0	1	0	1	0
PF14397	Sugar-transfer associated ATP-grasp	0	0	1	1	0	0	1	1	1	1	0	1	1	0	2	0	0	1	0	1	2	0	1	0	0	0	0	1	0	0	0	1	1	0	0	0	0	1	0	0	1	0
PF02107	Flagellar L-ring protein	0	0	1	0	0	1	1	1	0	0	0	1	1	1	0	1	0	1	0	0	0	1	1	0	1	1	0	1	0	1	1	0	1	1	1	0	1	1	1	0	1	1
PF13354	Beta-lactamase enzyme family	0	0	2	0	0	0	0	0	0	0	0	0	0	0	0	0	0	2	0	0	0	0	0	0	0	0	3	0	2	0	0	0	2	0	0	2	0	0	0	3	1	0
PF13448	Domain of unknown function (DUF4114)	0	0	1	0	0	0	0	0	0	0	0	0	0	0	0	0	0	1	0	0	0	0	0	0	0	0	0	0	0	0	0	0	1	0	0	0	0	0	0	0	1	0
PF21302	RlmA, N-terminal	0	0	1	0	0	0	1	1	1	1	0	0	0	0	0	1	0	1	0	1	0	0	1	0	0	0	0	1	0	1	1	1	1	0	0	0	1	1	1	0	0	0
PF13144	Chaperone for flagella basal body P-ring formation	0	0	1	0	0	1	1	1	0	0	0	1	1	1	0	0	0	1	0	0	0	1	1	0	0	1	0	1	0	1	1	0	1	1	1	0	1	1	1	0	1	1
PF17656	FlgA N-terminal domain	0	0	1	0	0	0	0	0	0	0	0	0	0	0	0	0	0	1	0	0	0	0	0	0	0	0	0	0	0	1	0	0	1	0	0	0	1	0	0	0	1	0
PF08003	Protein of unknown function (DUF1698)	0	0	1	1	0	0	1	1	1	1	0	0	0	0	0	0	0	1	0	1	0	0	1	0	0	0	0	1	0	1	1	1	1	0	0	0	1	1	1	0	1	0
PF03707	Bacterial signalling protein N terminal repeat	0	0	1	0	0	0	0	0	0	0	0	1	1	1	1	0	0	1	0	0	1	1	0	0	1	0	0	0	0	0	1	0	1	0	0	0	0	0	1	0	0	0
PF05661	Protein of unknown function (DUF808)	0	0	1	0	1	0	1	1	1	1	0	0	0	0	1	1	0	1	0	1	1	0	1	1	0	1	0	1	0	1	1	1	1	0	0	0	1	1	1	0	0	1
PF16074	Type IV Pilus-assembly protein W	0	0	1	1	0	0	0	1	1	1	0	0	0	0	0	1	0	1	0	2	0	0	1	0	0	0	0	1	0	1	1	1	1	0	0	0	1	1	1	0	1	0
PF04350	Pilus assembly protein, PilO	0	0	1	1	0	0	1	1	1	1	0	0	0	0	0	1	0	1	0	1	0	0	1	0	0	0	0	1	0	1	1	1	1	0	0	0	1	1	1	0	1	0
PF10975	Protein of unknown function (DUF2802)	0	0	1	0	0	0	1	1	0	0	0	0	0	0	0	1	0	1	0	0	0	0	1	0	0	0	0	1	0	1	1	0	1	0	0	0	1	1	1	0	1	0
PF03950	tRNA synthetases class I (E and Q), anti-codon binding domain	0	0	1	1	0	0	0	1	1	1	1	0	0	0	0	1	0	1	1	1	0	0	1	0	0	0	1	1	1	1	1	1	1	0	0	1	1	1	1	1	1	0
PF20974	tRNA synthetases class I (E and Q), anti-codon binding domain	0	0	1	1	0	0	0	1	1	1	1	0	0	0	0	1	0	1	1	1	0	0	1	0	0	0	1	1	1	1	1	1	1	0	0	1	1	1	1	1	1	0
PF06258	Mitochondrial fission ELM1	0	0	1	0	0	1	0	0	0	0	0	1	1	0	0	0	0	1	0	0	0	0	0	0	0	0	0	0	0	0	0	0	1	0	0	0	0	0	0	0	1	0
PF11748	Protein of unknown function (DUF3306)	0	0	1	0	0	0	0	0	0	0	0	0	0	0	1	0	0	1	0	0	1	0	0	0	0	0	0	0	0	0	0	0	1	0	0	0	0	0	0	0	0	0
PF03693	Bacterial antitoxin of ParD toxin-antitoxin type II system and RHH	0	0	1	1	0	0	0	3	1	0	0	0	0	0	0	0	0	1	0	0	0	0	1	0	0	0	0	3	0	2	2	1	1	0	0	0	2	3	2	0	0	0
PF21711	Dynactin subunit 5	0	0	1	0	0	0	1	0	0	0	0	0	0	0	0	1	0	1	0	0	0	0	0	0	0	0	0	1	0	1	1	0	1	0	0	0	1	1	1	0	0	0
PF04011	LemA family	0	0	2	2	0	2	0	1	1	2	1	2	2	0	0	0	0	2	1	2	0	0	2	0	0	0	1	1	1	1	0	2	2	0	0	1	1	1	0	1	2	0
PF02127	Aminopeptidase I zinc metalloprotease (M18)	0	0	1	0	0	0	0	0	1	0	0	0	0	0	0	0	0	1	0	0	0	0	0	0	0	0	0	0	0	0	0	0	1	0	0	0	0	0	0	0	1	0
PF03773	Predicted permease	0	0	1	0	2	0	1	2	0	0	0	0	0	1	1	0	0	1	0	0	1	1	2	2	0	0	0	1	0	0	1	0	1	1	1	0	0	1	1	0	1	0
PF19649	Family of unknown function (DUF6152)	0	0	1	0	0	0	0	0	0	0	0	0	0	0	0	0	0	1	0	0	0	0	0	0	0	0	0	0	0	0	0	0	1	0	0	0	0	0	0	0	1	0
PF01295	Adenylate cyclase, class-I	0	0	1	0	0	0	0	1	0	0	0	0	0	0	0	0	0	1	0	0	0	0	2	0	0	0	0	1	0	0	1	0	1	0	0	0	0	1	1	0	0	0
PF12633	Adenylate cyclase NT domain	0	0	1	0	0	0	0	1	0	0	0	0	0	0	0	0	0	1	0	0	0	0	2	0	0	0	0	1	0	0	1	0	1	0	0	0	0	1	1	0	0	0
PF07196	Flagellin hook IN motif	0	0	2	0	0	0	0	1	0	0	0	0	0	0	0	0	0	2	0	0	0	0	1	0	0	0	0	0	0	1	1	0	2	0	0	0	1	0	1	0	2	0
PF00700	Bacterial flagellin C-terminal helical region	0	0	3	0	1	2	2	2	0	0	0	2	2	1	1	1	0	3	0	0	1	1	2	1	1	1	0	2	0	6	6	0	3	1	1	0	6	2	6	0	3	1
PF00669	Bacterial flagellin N-terminal helical region	0	0	3	0	0	1	1	2	0	0	0	1	1	0	0	3	0	3	0	0	0	0	2	0	1	1	0	2	0	6	6	0	3	0	0	0	6	2	6	0	3	1
PF13740	ACT domain	0	0	1	2	0	0	3	0	1	2	0	0	0	0	0	1	0	1	0	2	0	0	1	0	0	0	0	2	1	2	2	2	1	0	0	1	2	2	2	0	1	0
PF21086	ACT domain	0	0	1	1	0	0	1	0	0	1	0	0	0	0	0	0	0	1	0	1	0	0	0	0	0	0	0	1	1	0	0	1	1	0	0	1	0	1	0	0	1	0
PF04955	HupE / UreJ protein	0	0	1	0	0	0	0	0	0	1	0	0	0	0	0	0	0	1	0	1	0	0	0	0	0	1	0	0	0	0	0	0	1	0	0	0	0	0	0	0	0	1
PF01738	Dienelactone hydrolase family	0	0	1	2	0	2	2	0	1	2	0	3	1	0	1	1	1	1	0	2	1	0	1	0	0	1	2	1	0	1	1	2	1	0	0	0	1	1	2	2	0	1
PF02119	Flagellar P-ring protein	0	0	1	0	1	1	1	1	0	0	0	1	1	1	1	2	0	1	0	0	1	1	1	1	0	1	0	1	0	1	1	0	1	1	1	0	1	1	1	0	1	1
PF11743	Protein of unknown function (DUF3301)	0	0	1	1	0	0	1	1	0	1	0	0	0	0	0	1	0	1	0	1	0	0	1	0	0	0	0	1	0	1	1	1	1	0	0	0	1	1	1	0	0	0
PF16234	Domain of unknown function (DUF4892)	0	0	1	0	0	0	2	0	0	0	0	0	0	0	0	0	0	1	0	0	0	0	1	0	0	0	0	1	0	0	0	0	1	0	0	0	0	1	0	0	1	0
PF12835	Integrase	0	0	1	0	0	0	0	0	0	0	0	0	0	0	0	0	0	1	0	1	0	0	0	0	0	0	0	0	0	0	0	0	0	0	0	0	0	0	0	0	0	0
PF12834	Phage integrase, N-terminal	0	0	1	0	0	0	0	0	0	0	0	0	0	0	0	0	0	1	0	1	0	0	0	0	0	0	0	0	0	0	0	0	0	0	0	0	0	0	0	0	0	0
PF12917	5'-deoxynucleotidase YfbR-like	0	0	1	0	0	1	0	0	0	0	0	1	1	0	0	0	0	1	0	0	0	0	0	0	0	0	0	0	0	1	2	0	1	1	1	0	1	0	2	0	0	0
PF04293	SpoVR like protein	0	0	1	0	0	0	0	1	0	0	0	0	0	0	0	0	0	1	0	0	0	0	1	0	0	0	0	1	0	0	1	0	1	0	0	0	0	1	1	0	0	0
PF21010	Helicase associated domain (HA2), ratchet-like	0	0	1	1	0	0	1	1	1	1	0	0	0	0	0	0	0	1	0	1	0	0	1	0	0	0	0	1	0	1	1	1	1	0	0	0	1	1	1	0	1	0
PF07717	Oligonucleotide/oligosaccharide-binding (OB)-fold	0	0	1	1	0	0	1	1	1	1	0	0	0	0	0	0	0	1	0	1	0	0	1	0	0	0	0	1	0	1	1	1	1	0	0	0	1	1	1	0	1	0
PF11898	Domain of unknown function (DUF3418)	0	0	1	1	0	0	1	1	1	1	0	0	0	0	0	0	0	1	0	1	0	0	1	0	0	0	0	1	0	1	1	1	1	0	0	0	1	1	1	0	1	0
PF04408	Helicase associated domain (HA2), winged-helix	0	0	1	1	0	1	0	1	0	2	0	1	1	1	0	0	0	1	0	2	0	1	1	0	0	1	0	0	0	0	0	1	1	1	1	0	0	0	0	0	1	1
PF04999	Cell division protein FtsL	0	0	1	1	0	0	0	1	1	1	0	0	0	0	0	1	0	1	0	1	0	0	1	0	0	0	0	0	0	1	1	1	1	0	0	0	1	0	1	0	1	0
PF00404	Dockerin type I domain	0	0	1	0	0	0	0	0	0	0	0	0	0	0	0	0	0	1	0	0	0	0	0	0	0	0	0	0	0	0	0	0	1	0	0	0	0	0	0	0	0	0
PF00932	Lamin Tail Domain	0	0	1	0	0	0	0	0	0	0	0	0	0	0	0	1	0	1	1	0	0	0	0	0	0	0	1	0	2	1	1	0	1	0	0	2	1	0	1	1	0	0
PF20098	Family of unknown function (DUF6488)	0	0	1	0	0	0	0	1	0	1	0	0	0	0	0	0	0	1	0	1	0	0	1	0	0	0	0	0	0	1	0	0	1	0	0	0	1	0	0	0	1	0
PF05742	Transport and Golgi organisation 2	0	0	1	1	0	0	1	1	0	1	1	0	0	0	0	0	0	1	0	1	0	0	1	0	0	0	1	1	0	1	1	1	1	0	0	0	1	1	1	1	1	0
PF06772	Bacterial low temperature requirement A protein (LtrA)	0	0	1	0	0	0	0	0	0	0	0	0	0	0	0	0	0	1	0	0	0	0	0	0	0	0	0	0	0	0	0	0	1	0	0	0	0	0	0	0	1	0
PF03412	Peptidase C39 family	0	0	1	1	0	0	1	1	1	0	0	1	1	0	0	0	0	1	0	0	0	0	1	0	0	0	0	1	0	1	1	1	1	0	0	0	1	1	1	0	1	0
PF03176	MMPL family	0	0	3	3	0	0	3	4	1	3	3	0	0	0	0	1	0	4	2	3	0	0	4	0	0	0	1	3	1	5	1	3	3	0	0	1	5	3	1	1	2	0
PF21447	Ppx/GppA phosphatase, domain III	0	0	1	1	0	0	1	1	0	1	0	0	0	0	0	1	0	1	0	2	0	0	1	0	0	0	0	1	0	2	2	1	1	0	0	0	2	1	2	0	0	0
PF08487	Vault protein inter-alpha-trypsin domain	0	0	1	2	0	0	0	0	0	1	0	0	0	0	0	0	0	1	0	1	0	0	0	0	0	0	0	0	0	1	0	2	1	0	0	0	1	0	0	0	1	0
PF13768	von Willebrand factor type A domain	0	0	1	2	0	0	0	0	0	1	0	0	0	0	0	1	0	1	0	1	0	0	0	0	0	0	0	0	0	1	0	2	1	0	0	0	1	0	0	0	1	0
PF05201	Glutamyl-tRNAGlu reductase, N-terminal domain	0	0	1	1	0	0	1	1	1	1	1	0	0	0	0	0	0	1	1	1	0	0	1	0	0	0	1	1	1	1	1	1	1	0	0	1	1	1	1	1	1	0
PF00745	Glutamyl-tRNAGlu reductase, dimerisation domain	0	0	1	1	0	0	1	1	1	1	1	0	0	0	0	0	0	1	0	1	0	0	1	0	0	0	1	1	1	1	1	1	1	0	0	1	1	1	1	1	1	0
PF08388	Group II intron, maturase-specific domain	0	0	1	0	0	0	0	0	0	0	0	0	0	0	0	0	0	2	0	1	0	0	0	0	0	0	0	0	0	0	0	0	1	0	0	0	0	0	0	0	1	0
PF00078	Reverse transcriptase (RNA-dependent DNA polymerase)	0	0	1	0	0	1	0	0	0	0	0	0	1	0	0	0	0	2	0	1	0	0	0	0	0	0	1	1	1	2	1	0	1	0	0	1	2	1	2	1	1	0
PF10986	Protein of unknown function (DUF2796)	0	0	1	0	0	1	0	0	0	1	0	1	1	0	0	0	0	1	0	1	0	0	0	0	0	0	0	0	0	0	0	1	1	0	0	0	0	0	0	0	0	0
PF04552	Sigma-54, DNA binding domain	0	0	1	0	0	1	0	1	1	1	1	1	1	0	0	2	0	1	1	1	0	0	1	0	0	0	1	0	1	1	1	1	1	0	0	1	1	0	1	1	1	0
PF04963	Sigma-54 factor, core binding domain	0	0	1	0	0	1	0	1	1	1	1	1	1	0	0	1	0	1	1	1	0	0	1	0	0	0	1	0	1	1	1	1	1	0	0	1	1	0	1	1	1	0
PF00309	Sigma-54 factor, Activator interacting domain (AID)	0	0	1	0	0	1	0	1	1	1	1	1	1	0	0	1	0	1	1	1	0	0	1	0	0	0	1	0	1	1	1	1	1	0	0	1	1	0	1	1	1	0
PF05990	Alpha/beta hydrolase of unknown function (DUF900)	0	0	1	0	1	0	0	0	0	0	0	0	0	0	3	0	0	1	0	0	3	0	0	1	0	1	0	0	0	0	0	0	1	0	0	0	0	0	0	0	1	2
PF01326	Pyruvate phosphate dikinase, AMP/ATP-binding domain	0	0	2	1	0	1	1	0	1	1	0	1	1	1	0	0	0	3	0	1	0	1	0	0	0	0	1	1	2	1	1	1	2	0	0	2	1	1	1	1	2	0
PF10982	Protein of unknown function (DUF2789)	0	0	1	1	0	0	0	0	0	1	0	0	0	0	0	0	0	1	0	1	0	0	0	0	0	0	0	0	0	0	0	1	1	0	0	0	0	0	0	0	0	0
PF14321	Domain of unknown function (DUF4382)	0	0	1	0	0	0	0	0	1	0	0	0	0	0	0	0	0	1	0	0	0	0	0	0	0	0	0	0	0	0	1	0	1	0	0	0	0	0	1	0	0	0
PF13593	SBF-like CPA transporter family (DUF4137)	0	0	1	0	0	0	0	0	0	0	0	1	0	0	0	0	0	1	0	0	0	0	0	0	1	1	0	0	0	0	0	0	1	0	0	0	0	0	0	0	1	1
PF14347	Domain of unknown function (DUF4399)	0	0	1	1	0	0	0	0	1	1	0	0	0	0	1	0	0	1	0	1	1	0	0	0	0	0	0	0	0	0	0	1	1	0	0	0	0	0	0	0	1	0
PF03748	Flagellar basal body-associated protein FliL	0	0	2	0	0	1	2	1	0	0	0	2	2	1	0	2	0	2	0	0	0	1	1	0	0	1	0	2	0	2	2	0	2	1	1	0	2	2	2	0	1	1
PF03861	ANTAR domain	0	0	1	1	0	0	1	1	0	1	0	2	0	1	1	1	0	1	0	1	1	1	1	0	0	1	0	1	0	1	1	1	1	1	1	0	1	1	1	0	0	0
PF03088	Strictosidine synthase	0	0	1	1	0	0	1	1	1	1	0	0	0	1	0	1	0	1	0	1	0	1	1	0	0	0	0	1	0	1	1	1	1	0	0	0	1	1	1	0	0	0
PF20067	Strictosidine synthase-like, N-terminal	0	0	1	1	0	0	1	1	1	1	0	0	0	1	0	1	0	1	0	1	0	1	1	0	0	0	0	1	0	1	1	1	1	0	0	0	1	1	1	0	0	0
PF01661	Macro domain	0	0	1	0	0	0	0	0	0	0	0	1	0	0	0	0	0	1	0	0	0	0	0	0	0	0	0	0	0	0	0	0	1	0	0	0	0	0	0	0	0	0
PF09834	Predicted membrane protein (DUF2061)	0	0	1	1	1	1	0	0	0	1	0	1	1	0	0	0	0	1	0	1	0	0	0	1	0	0	0	0	1	0	1	1	1	0	0	1	0	0	1	0	0	0
PF09317	Acyl-CoA dehydrogenase, C-terminal, bacterial type	0	0	2	2	0	0	0	1	0	2	0	0	0	0	0	1	0	2	0	1	0	0	1	0	0	0	0	1	0	2	2	2	2	0	0	0	2	1	2	0	0	0
PF16933	Putative exopolysaccharide Exporter (EPS-E)	0	0	1	1	0	0	0	0	0	1	0	0	0	0	0	0	0	1	0	1	0	0	0	0	0	0	0	0	0	0	0	1	1	0	0	0	0	0	0	0	0	0
PF06293	Lipopolysaccharide kinase (Kdo/WaaP) family	0	0	1	3	0	0	0	0	0	2	1	0	0	0	1	2	0	1	0	2	1	0	0	0	0	0	1	0	0	1	1	3	1	0	0	0	1	0	1	1	1	0
PF12796	Ankyrin repeats (3 copies)	0	0	2	0	0	0	0	1	0	0	0	0	0	0	1	0	0	2	0	0	1	0	1	0	0	0	6	1	2	0	0	0	2	0	0	2	0	1	0	5	0	0
PF13637	Ankyrin repeats (many copies)	0	0	1	0	0	0	0	1	0	0	0	0	0	0	0	0	0	1	0	0	0	0	1	0	0	0	0	1	1	0	0	0	1	0	0	1	0	1	0	0	0	0
PF11815	Domain of unknown function (DUF3336)	0	0	2	1	0	0	0	0	0	1	0	0	0	0	0	1	0	2	0	1	0	0	0	0	0	0	0	0	0	0	1	1	2	0	0	0	0	0	1	0	2	0
PF20332	Family of unknown function (DUF6627)	0	0	1	1	0	0	0	0	0	1	0	0	0	0	0	1	0	1	0	1	0	0	0	0	0	0	0	0	0	1	1	1	1	0	0	0	1	0	1	0	1	0
PF09984	Single cache domain 4	0	0	1	0	0	0	1	0	0	0	0	0	0	0	0	0	0	1	0	0	0	0	0	0	0	0	0	1	0	0	0	0	1	0	0	0	0	1	0	0	1	0
PF01903	CbiX	0	0	1	1	0	0	1	0	0	1	0	0	0	1	0	0	0	1	0	1	0	1	0	0	0	1	0	1	0	0	0	1	1	0	0	0	0	1	0	0	1	1
PF01203	Type II secretion system (T2SS), protein N	0	0	1	1	0	1	0	1	1	1	0	1	1	0	0	1	0	1	0	1	0	0	1	0	0	0	0	1	0	1	1	1	1	0	0	0	1	1	1	0	1	0
PF02655	ATP-grasp domain	0	0	1	0	0	0	0	0	0	0	0	0	0	0	0	0	0	1	0	0	0	0	0	0	0	0	0	0	0	0	0	0	1	0	0	0	0	0	0	0	1	0
PF06295	Protein of unknown function (DUF1043)	0	0	1	1	0	0	0	0	0	1	0	0	0	0	0	1	0	1	0	1	0	0	0	0	0	0	0	0	0	1	1	1	1	0	0	0	1	0	1	0	1	0
PF01169	Uncharacterized protein family UPF0016	0	0	1	1	0	0	1	1	0	1	0	1	1	0	0	0	0	1	0	1	0	0	1	0	0	0	0	1	0	0	0	1	1	0	0	0	0	1	0	0	0	0
PF04072	Leucine carboxyl methyltransferase	0	0	1	0	0	0	1	1	0	1	0	0	0	0	0	0	0	1	0	1	0	0	1	0	0	0	0	1	0	0	0	1	1	0	0	0	0	1	0	0	1	0
PF12158	Protein of unknown function (DUF3592)	0	0	1	1	0	0	1	0	1	2	0	0	1	0	1	1	0	1	0	1	1	0	0	0	0	0	0	2	0	1	0	1	1	0	0	0	1	2	0	0	1	0
PF08338	Domain of unknown function (DUF1731)	0	0	1	1	0	0	1	1	1	1	1	0	0	0	0	0	0	1	2	1	0	0	1	0	0	0	1	1	1	1	1	1	1	0	0	1	1	1	1	1	1	0
PF10675	Protein of unknown function (DUF2489)	0	0	1	1	0	0	1	1	1	1	0	0	0	0	0	0	0	1	0	1	0	0	0	0	0	0	0	1	0	1	1	1	1	0	0	0	1	1	1	0	0	0
PF18076	Formylglycinamide ribonucleotide amidotransferase N-terminal	0	0	1	1	0	0	1	1	1	1	1	0	0	0	0	1	0	1	1	1	0	0	1	0	0	0	1	1	1	1	1	1	1	0	0	1	1	1	1	1	1	0
PF05166	YcgL domain	0	0	1	1	0	0	1	1	1	1	0	0	0	0	0	1	0	2	0	1	0	0	1	0	0	0	0	1	0	1	1	1	1	0	0	0	1	1	1	0	1	0
PF06996	Type VI secretion, TssG	0	0	1	0	0	0	0	1	0	0	0	0	0	1	0	0	0	1	0	0	0	1	1	0	0	0	0	1	0	0	0	0	1	0	0	0	0	1	0	0	1	0
PF08411	Exonuclease C-terminal	0	0	1	0	0	0	0	0	1	0	0	0	0	0	0	0	0	1	0	0	0	0	0	0	0	0	0	1	0	1	1	0	1	0	0	0	1	1	1	0	1	0
PF14252	Domain of unknown function (DUF4347)	0	0	1	0	0	0	0	0	0	0	0	0	0	0	0	0	0	1	0	0	0	0	0	0	0	0	0	0	0	0	0	0	1	0	0	0	0	0	0	0	0	0
PF17963	Bacterial Ig domain	0	0	1	1	2	0	3	3	1	0	0	0	0	1	0	1	0	1	0	0	0	1	3	2	0	0	2	5	2	1	1	1	1	1	1	2	1	5	1	2	0	0
PF19078	Bacterial Ig-like domain	0	0	1	0	0	0	0	1	0	0	0	0	0	3	0	0	0	1	0	0	0	3	1	0	0	0	0	0	0	0	0	0	1	2	1	0	0	0	0	0	0	0
PF14267	Domain of unknown function (DUF4357)	0	0	1	0	0	0	0	0	0	1	0	0	0	0	2	0	0	1	0	2	0	0	0	0	0	0	0	0	0	0	0	0	0	0	0	0	0	0	0	0	0	0
PF13727	CoA-binding domain	0	0	1	1	0	1	1	1	0	0	1	0	0	2	0	1	0	1	1	1	0	2	1	0	0	0	2	1	2	2	1	1	1	1	1	2	2	1	0	2	1	0
PF21320	Rv2258c-like winged HTH domain	0	0	1	0	0	0	0	0	0	0	0	0	0	0	0	0	0	1	0	0	0	0	0	0	0	0	0	0	0	0	0	0	1	0	0	0	0	0	0	0	1	0
PF11137	Protein of unknown function (DUF2909)	0	0	1	1	0	0	0	0	1	1	0	0	0	0	0	1	0	1	0	1	0	0	0	0	0	0	0	0	0	1	1	1	1	0	0	0	1	0	1	0	0	0
PF02551	Acyl-CoA thioesterase	0	0	1	1	0	1	0	1	1	1	0	1	1	1	1	0	0	1	0	1	2	1	1	0	1	0	0	1	0	1	2	1	1	0	0	0	1	1	2	0	0	0
PF02120	Flagellar hook-length control protein FliK	0	0	2	0	0	1	2	2	0	0	0	1	1	1	1	1	0	2	0	0	1	1	2	0	1	1	0	2	0	2	2	0	2	0	0	0	2	2	2	0	2	1
PF05954	Phage tail baseplate hub (GPD)	0	0	3	0	0	0	0	1	0	0	0	0	0	2	0	0	0	3	0	0	0	2	1	0	0	0	0	1	0	0	0	0	3	0	0	0	0	1	0	0	3	0
PF08367	Peptidase M16C associated	0	0	1	0	0	0	1	1	1	0	0	0	0	0	0	1	0	1	0	0	0	0	1	0	0	0	0	2	0	0	0	0	1	0	0	0	0	2	0	0	1	0
PF07295	Zinc-ribbon containing domain	0	0	1	0	0	0	0	0	0	0	0	0	0	0	0	0	0	1	0	0	0	0	0	0	0	0	0	0	0	0	0	0	1	0	0	0	0	0	0	0	1	0
PF04461	Protein of unknown function (DUF520)	0	0	1	1	0	0	1	1	1	1	0	0	0	0	0	0	0	1	0	1	0	0	1	0	0	0	0	1	0	1	1	1	1	0	0	0	1	1	1	0	1	0
PF09157	Pseudouridine synthase II TruB, C-terminal	0	0	1	1	0	0	0	1	1	1	0	0	0	0	0	0	0	1	0	1	0	0	1	0	0	0	0	1	0	1	1	1	1	0	0	0	1	1	1	0	0	0
PF03079	ARD/ARD' family	0	0	1	1	0	0	1	1	0	1	0	0	0	0	0	0	0	1	0	1	0	0	1	0	0	0	0	1	0	0	0	1	1	0	0	0	0	1	0	0	1	0
PF07287	Acyclic terpene utilisation family protein AtuA	0	0	1	1	0	0	0	0	0	1	0	1	0	1	1	0	0	1	0	1	1	1	0	0	0	0	0	0	0	0	0	1	1	1	1	0	0	0	0	0	1	0
PF19540	Family of unknown function (DUF6064)	0	0	1	0	0	0	0	0	0	0	0	0	0	0	0	0	0	1	0	0	0	0	0	0	0	0	0	0	0	0	0	0	1	0	0	0	0	0	0	0	1	0
PF09948	Predicted metal-binding integral membrane protein (DUF2182)	0	0	1	0	1	0	0	0	0	0	0	0	0	0	1	0	0	1	0	0	1	0	0	1	0	0	0	0	0	0	0	0	1	0	0	0	0	0	0	0	1	0
PF16331	TolA binding protein trimerisation	0	0	1	1	0	0	1	1	1	1	0	0	0	0	0	1	0	1	0	1	0	0	0	0	0	0	0	1	0	1	1	1	1	0	0	0	1	1	1	0	1	0
PF21799	Mur ligase MurD-like, N-terminal domain	0	0	1	1	0	0	1	1	1	1	0	0	0	0	0	1	0	1	0	1	0	0	1	0	0	0	0	1	0	1	1	1	1	0	0	0	1	1	1	0	1	0
PF02561	Flagellar protein FliS	0	0	1	0	0	0	1	1	0	0	0	0	0	0	0	0	0	1	0	0	0	0	1	0	0	0	0	1	0	1	1	0	1	0	0	0	1	1	1	0	1	0
PF20914	DNA polymerase III subunit alpha, C-terminal domain	0	0	1	1	0	0	0	1	1	1	0	0	0	0	0	1	0	1	0	1	0	0	1	0	0	0	0	0	0	1	1	1	1	0	0	0	1	0	1	0	1	0
PF01939	Endonuclease NucS C-terminal domain	0	0	2	0	0	1	0	0	0	1	0	0	0	0	1	0	0	1	0	2	1	0	0	0	0	0	0	0	0	0	0	0	1	0	0	0	0	0	0	0	1	0
PF01610	Transposase	0	0	1	1	0	0	0	0	0	11	0	0	0	0	0	0	0	2	0	7	0	0	0	0	0	0	0	0	0	0	0	2	1	0	0	0	0	0	0	0	1	0
PF11997	Domain of unknown function (DUF3492)	0	0	1	1	0	0	0	0	0	1	0	0	0	0	0	0	0	1	0	1	0	0	0	0	0	0	0	0	0	0	0	1	1	0	0	0	0	0	0	0	0	0
PF11734	TilS substrate C-terminal domain	0	0	1	1	0	0	0	1	1	1	1	0	0	0	0	1	0	1	1	1	0	0	1	0	0	0	1	1	1	1	1	1	1	0	0	1	1	1	1	1	1	0
PF09179	TilS substrate binding domain	0	0	1	1	0	0	0	1	0	1	0	0	0	0	0	1	0	1	0	1	0	0	1	0	0	0	0	1	0	1	1	1	1	0	0	0	1	1	1	0	1	0
PF21327	GspA, peptidase C39-like domain	0	0	1	0	0	0	0	0	0	0	0	0	0	0	0	0	0	1	0	0	0	0	0	0	0	0	0	0	0	0	0	0	1	0	0	0	0	0	0	0	1	0
PF11390	NADH-dependant formate dehydrogenase delta subunit FdsD	0	0	1	0	0	0	0	0	0	0	0	0	0	0	0	0	0	1	0	0	0	0	0	0	0	1	0	0	0	0	0	0	1	0	0	0	0	0	0	0	0	1
PF06035	Bacterial transglutaminase-like cysteine proteinase BTLCP	0	0	1	0	0	0	0	0	0	0	0	0	0	0	0	0	0	1	0	0	0	0	0	0	0	0	0	0	0	1	1	0	1	0	0	0	1	0	0	0	1	0
PF04536	TPM domain	0	0	1	1	0	0	0	0	0	2	2	0	0	0	0	0	0	1	2	2	0	0	0	0	0	0	2	0	3	0	0	2	1	0	0	3	0	0	0	2	1	0
PF11862	Domain of unknown function (DUF3382)	0	0	1	0	0	0	0	0	0	0	0	0	0	0	0	0	0	1	0	0	0	0	0	0	0	0	0	0	0	0	0	0	1	0	0	0	0	0	0	0	0	0
PF14789	Tetrahydrodipicolinate N-succinyltransferase middle	0	0	1	1	0	0	2	0	1	1	0	0	0	0	0	0	0	1	0	1	0	0	0	0	0	0	0	1	0	0	0	1	1	0	0	0	0	1	0	0	1	0
PF17186	Lipocalin-like domain	0	0	1	0	0	0	0	0	0	0	0	0	0	1	1	2	0	1	0	0	1	1	0	0	0	0	0	0	0	1	1	0	1	1	1	0	1	0	1	0	0	0
PF07143	CrtC N-terminal lipocalin domain	0	0	1	0	0	0	0	0	0	0	0	0	0	1	1	1	0	1	0	0	1	1	0	0	0	0	0	0	0	1	1	0	1	1	1	0	1	0	1	0	0	0
PF02604	Antitoxin Phd_YefM, type II toxin-antitoxin system	0	0	2	0	0	0	2	0	1	0	0	0	0	0	1	0	0	2	0	0	1	0	0	0	0	0	0	2	0	0	4	0	2	0	0	0	0	2	3	0	0	0
PF20239	Family of unknown function (DUF6596)	0	0	1	0	0	0	0	0	0	0	0	0	0	0	0	0	0	1	0	0	0	0	0	0	0	0	0	0	0	0	0	1	1	0	0	0	0	0	0	0	1	0
PF09371	Tex-like protein N-terminal domain	0	0	1	1	0	0	1	1	1	1	1	2	0	1	0	1	0	1	1	1	1	1	1	0	0	1	1	1	1	1	1	1	1	1	1	1	1	1	1	1	0	1
PF16921	Tex protein YqgF-like domain	0	0	1	1	0	0	1	1	1	1	1	2	0	1	0	1	0	1	1	1	1	1	1	0	0	1	1	1	1	1	1	1	1	1	1	1	1	1	1	1	0	1
PF12836	Helix-hairpin-helix motif	0	0	2	2	0	0	2	2	2	2	2	1	0	1	0	2	0	2	2	2	1	1	2	0	0	1	2	2	2	2	2	2	2	1	1	2	2	2	2	2	0	1
PF17674	HHH domain	0	0	1	1	0	0	1	1	1	1	1	1	0	1	0	1	0	1	1	1	1	1	1	0	0	1	1	1	1	1	1	1	1	1	1	1	1	1	1	1	0	1
PF14341	PilX N-terminal	0	0	1	1	0	0	0	1	0	1	0	0	0	0	0	1	0	1	0	2	0	0	1	0	0	0	0	1	0	1	1	1	1	0	0	0	1	1	1	0	1	0
PF11749	Protein of unknown function (DUF3305)	0	0	1	0	0	0	0	0	0	0	0	0	0	1	1	0	0	1	0	0	1	1	0	0	0	0	0	0	0	0	0	0	1	1	1	0	0	0	0	0	0	0
PF13229	Right handed beta helix region	0	0	2	1	0	2	0	0	0	1	0	3	1	0	0	0	0	4	0	1	0	0	0	0	0	0	0	0	0	0	1	1	2	0	0	0	0	0	0	0	1	0
PF13638	PIN domain	0	0	1	1	0	0	1	1	0	1	0	0	0	0	0	1	0	1	0	1	0	0	1	0	0	0	0	1	0	1	1	1	1	0	0	0	1	1	1	0	1	0
PF04784	Protein of unknown function, DUF547	0	0	1	1	0	1	0	0	0	1	0	1	1	0	0	1	0	1	0	2	0	0	0	0	0	0	2	0	2	1	1	1	1	0	0	2	1	0	1	2	0	0
PF09290	Prokaryotic acetaldehyde dehydrogenase, dimerisation	0	0	1	0	0	0	0	0	0	0	0	0	0	0	0	1	0	1	0	0	0	0	0	0	0	0	0	0	0	1	0	1	1	0	0	0	1	0	0	0	0	0
PF01957	NfeD-like C-terminal, partner-binding	0	0	1	1	0	1	1	1	1	1	0	1	1	0	0	0	0	1	1	1	0	0	1	0	0	0	0	1	0	0	1	1	1	0	0	0	0	1	1	0	0	0
PF04892	VanZ like family	0	0	1	0	0	0	0	0	1	1	1	1	0	0	0	0	0	1	1	1	0	0	0	0	0	0	1	0	1	1	0	0	1	0	0	1	1	0	0	1	0	0
PF00866	Ring hydroxylating beta subunit	0	0	1	0	0	0	0	0	0	0	0	0	0	0	0	0	0	1	0	0	0	0	0	0	0	0	0	0	0	0	0	0	1	0	0	0	0	0	0	0	0	0
PF13195	Protein of unknown function (DUF4011)	0	0	1	0	0	0	0	0	1	0	0	1	0	1	0	0	0	1	0	0	0	0	0	0	0	1	0	0	0	0	0	0	1	0	0	0	0	0	0	0	0	1
PF13087	AAA domain	0	0	1	0	0	0	0	0	1	0	0	1	0	1	0	1	0	1	0	0	0	0	0	0	0	1	0	0	0	1	0	0	1	0	0	0	1	0	0	0	0	1
PF18741	REase_MTES_1575	0	0	1	0	0	0	0	0	1	0	0	1	0	0	0	0	0	1	0	0	0	0	0	0	0	1	0	0	0	0	0	0	1	0	0	0	0	0	0	0	0	1
PF03527	RHS protein	0	0	1	0	0	0	0	0	0	0	0	0	0	0	0	0	0	1	0	0	0	0	0	0	0	0	0	0	0	0	0	0	1	0	0	0	0	0	0	0	1	0
PF05593	RHS Repeat	0	0	1	0	0	1	0	0	4	0	0	0	0	0	0	0	0	1	0	0	0	0	0	0	0	0	0	0	0	0	0	0	1	0	0	0	0	0	0	0	1	0
PF20148	Domain of unknown function (DUF6531)	0	0	1	0	0	0	0	0	1	0	0	0	0	0	0	0	0	1	0	0	0	0	0	0	0	0	0	0	0	0	0	0	1	0	0	0	0	0	0	0	1	0
PF08349	Protein of unknown function (DUF1722)	0	0	1	1	0	0	1	0	1	1	0	0	0	0	0	0	0	1	0	1	0	0	0	0	0	0	0	1	0	0	0	1	1	0	0	0	0	1	0	0	0	0
PF20247	Domain of unknown function (DUF6602)	0	0	1	0	0	0	0	0	0	0	0	0	0	0	0	0	0	1	0	0	0	0	0	0	0	0	0	0	0	0	0	0	1	0	0	0	0	0	0	0	0	0
PF10082	Putative beta-barrel porin 2	0	0	2	0	0	0	0	1	0	0	0	1	0	0	0	1	0	2	0	0	0	0	1	0	0	0	0	1	0	1	1	0	2	0	0	0	1	1	0	0	1	0
PF13247	4Fe-4S dicluster domain	0	0	1	0	1	0	0	0	0	1	0	0	0	2	3	0	0	1	0	1	2	2	0	1	0	1	2	1	1	1	0	0	1	2	2	1	1	1	0	2	0	0
PF04262	Glutamate-cysteine ligase	0	0	1	1	0	0	1	1	1	1	0	0	0	0	0	0	0	1	0	1	0	0	1	0	0	0	0	1	0	1	1	1	1	0	0	0	1	1	1	0	0	0
PF09299	Mu transposase, C-terminal	0	0	1	0	0	0	1	0	0	0	0	0	0	0	1	0	0	1	0	0	1	0	1	0	0	0	0	0	0	0	0	0	1	0	0	0	0	0	0	0	0	0
PF04351	Pilus assembly protein, PilP	0	0	1	0	0	0	1	1	1	1	0	0	0	0	1	1	0	1	0	1	1	0	1	0	0	0	0	1	0	1	1	1	1	0	0	0	1	1	1	0	1	0
PF12832	MFS_1 like family	0	0	1	1	0	0	2	0	1	1	0	0	0	0	0	0	0	1	0	1	0	0	1	0	0	1	0	1	0	1	1	1	1	0	0	0	1	1	1	0	1	1
PF20613	HipA-like kinase	0	0	1	0	0	0	0	0	0	0	0	0	0	0	0	0	0	0	0	1	0	0	0	0	0	0	0	0	1	1	0	0	0	0	0	1	1	0	0	0	0	0
PF00719	Inorganic pyrophosphatase	0	0	1	1	0	1	1	1	1	1	0	1	1	0	0	1	0	1	1	1	0	0	1	0	0	0	2	1	1	1	1	1	1	0	0	1	1	1	1	2	0	0
PF05426	Alginate lyase	0	0	1	0	0	0	0	0	0	1	0	0	0	0	0	2	0	2	0	1	0	0	0	0	0	0	0	0	1	2	1	0	1	0	0	1	2	0	1	0	0	0
PF04400	(Na+)-NQR maturation NqrM	0	0	1	1	0	0	1	1	1	1	0	0	0	1	0	0	0	1	0	1	0	1	1	0	0	0	0	1	0	1	1	1	1	0	0	0	1	1	1	0	1	0
PF13646	HEAT repeats	0	0	1	0	0	0	0	0	0	0	0	1	1	0	0	0	0	1	0	0	0	0	0	0	0	0	0	0	0	0	0	0	1	0	0	0	0	0	0	0	0	0
PF07040	Protein of unknown function (DUF1326)	0	0	1	0	1	0	0	0	0	0	0	0	0	0	1	0	0	1	0	0	1	0	0	1	0	0	0	0	0	0	0	0	1	0	0	0	0	0	0	0	1	0
PF20567	Family of unknown function (DUF6776)	0	0	1	1	0	0	1	1	1	1	0	0	0	0	0	0	0	1	0	1	0	0	1	0	0	0	0	1	0	1	1	1	1	0	0	0	1	1	1	0	0	0
PF13584	BatD DUF11 like domain	0	0	1	0	0	0	0	1	0	0	1	0	0	0	0	1	0	1	1	0	0	0	1	0	0	0	1	1	1	1	1	0	1	0	0	1	1	1	1	1	1	0
PF13559	Domain of unknown function (DUF4129)	0	0	1	0	0	0	0	0	0	1	0	0	0	0	0	0	0	1	0	1	0	0	0	0	0	0	1	0	0	0	0	1	1	0	0	0	0	0	0	1	1	0
PF11992	TgpA N-terminal domain	0	0	1	1	0	0	2	2	1	1	0	0	0	0	0	0	0	1	0	1	0	0	2	0	0	0	0	2	0	1	1	1	1	0	0	0	1	2	1	0	1	0
PF13580	SIS domain	0	0	1	1	0	1	1	1	1	1	0	0	0	0	0	1	0	2	0	1	0	0	1	0	0	0	0	0	0	1	2	1	1	0	0	0	1	0	2	0	1	0
PF02378	Phosphotransferase system, EIIC	0	0	1	0	0	0	0	0	0	0	0	0	0	0	0	0	0	1	0	0	0	0	0	0	0	0	0	0	0	0	0	0	1	0	0	0	0	0	0	0	0	0
PF02302	PTS system, Lactose/Cellobiose specific IIB subunit	0	0	1	0	0	0	0	0	0	0	0	0	0	0	0	0	0	1	0	0	0	0	0	0	0	0	0	0	0	0	0	0	1	0	0	0	0	0	0	0	0	0
PF03618	Kinase/pyrophosphorylase	0	0	1	1	0	1	1	1	1	1	0	1	1	0	0	0	0	2	0	1	0	0	1	0	0	0	0	1	0	1	1	1	1	0	0	0	1	1	1	0	1	0
PF04958	Arginine N-succinyltransferase beta subunit	0	0	1	0	0	1	0	0	1	0	0	1	0	0	0	1	0	1	0	0	0	0	0	0	0	0	0	0	0	1	1	0	1	0	0	0	1	0	1	0	1	0
PF12694	Circularly permutated YpsA SLOG family	0	0	1	0	0	0	0	0	0	0	0	0	0	0	0	0	0	1	0	0	0	0	0	0	0	0	0	0	0	0	0	0	1	0	0	0	0	0	0	0	1	0
PF13688	Metallo-peptidase family M12	0	0	1	0	0	0	0	0	0	0	0	0	0	0	1	0	0	1	0	0	1	0	0	0	0	0	0	0	0	0	0	0	1	0	0	0	0	0	0	0	0	0
PF05708	Permuted papain-like amidase enzyme, YaeF/YiiX, C92 family	0	0	1	0	0	0	0	0	0	1	2	0	0	0	0	1	0	1	2	1	0	0	0	0	0	0	0	0	2	1	0	0	1	0	0	2	1	0	0	0	0	0
PF04203	Sortase domain	0	0	1	1	0	0	0	0	0	0	0	0	0	0	0	1	0	1	0	0	0	0	0	0	0	0	0	0	0	1	0	1	1	0	0	0	1	0	0	0	1	0
PF05724	Thiopurine S-methyltransferase (TPMT)	0	0	1	1	0	0	1	1	0	0	1	0	0	0	0	0	0	1	1	0	0	0	1	0	0	0	1	1	1	0	1	0	1	0	0	1	0	1	1	1	0	0
PF12790	Type VI secretion lipoprotein, VasD, EvfM, TssJ, VC_A0113	0	0	1	0	0	0	1	0	0	0	0	0	0	0	0	0	0	1	0	0	0	0	0	0	0	0	0	1	0	0	0	0	1	0	0	0	0	1	0	0	1	0
PF06719	AraC-type transcriptional regulator N-terminus	0	0	2	0	0	0	0	1	0	0	0	1	0	0	1	1	0	2	0	0	0	0	1	0	1	0	0	1	1	1	1	0	2	0	0	1	1	1	1	0	0	0
PF20027	Family of unknown function (DUF6435)	0	0	1	0	0	0	1	0	1	0	0	0	0	0	0	1	0	1	0	0	0	0	0	0	0	0	1	0	1	1	1	0	1	0	0	1	1	0	1	1	0	0
PF12626	Polymerase A arginine-rich C-terminus	0	0	1	1	0	0	1	1	1	1	0	0	0	0	0	1	0	1	0	1	0	0	1	0	0	0	0	1	0	1	1	1	1	0	0	0	1	1	1	0	0	0
PF04773	FecR protein	0	0	1	1	0	2	1	1	0	0	0	2	1	0	0	0	0	1	1	0	0	0	1	0	0	0	3	2	2	0	1	2	1	0	0	2	0	2	1	2	1	0
PF02599	Global regulator protein family	0	0	1	1	0	0	1	1	1	1	0	0	0	0	0	1	0	1	0	1	0	0	1	0	0	0	0	1	0	1	1	1	1	0	0	0	1	1	1	0	1	0
PF11446	Protein of unknown function (DUF2897)	0	0	1	0	0	0	0	0	0	0	0	0	0	0	0	0	0	1	0	0	0	0	0	0	0	0	0	0	0	1	1	0	1	0	0	0	1	0	1	0	0	0
PF11721	Malectin domain	0	0	1	0	0	0	0	0	0	0	0	0	0	0	0	0	0	1	0	0	0	0	0	0	0	0	0	0	0	0	0	0	1	0	0	0	0	0	0	0	1	0
PF01344	Kelch motif	0	0	1	0	0	0	0	0	0	0	0	0	0	0	0	0	0	1	0	0	0	0	0	0	0	0	0	0	0	1	0	0	1	0	0	0	1	0	0	0	1	0
PF21723	Domain of unknown function (DUF1338), N-terminal	0	0	1	0	0	0	0	0	0	0	0	0	0	0	0	1	0	1	0	0	0	0	0	0	0	0	0	0	0	1	1	0	1	0	0	0	1	0	1	0	1	0
PF07063	Domain of unknown function (DUF1338), C-terminal	0	0	1	0	0	0	0	0	0	0	0	0	0	0	0	1	0	1	0	0	0	0	0	0	0	0	0	0	0	1	1	0	1	0	0	0	1	0	1	0	1	0
PF01075	Glycosyltransferase family 9 (heptosyltransferase)	0	0	1	2	0	0	1	1	0	3	2	1	1	0	0	2	0	1	1	3	0	0	1	0	0	0	2	1	2	1	1	3	1	0	0	2	1	1	1	2	1	0
PF10977	Protein of unknown function (DUF2797)	0	0	1	0	0	0	1	1	1	0	1	0	0	0	0	1	0	1	1	0	0	0	1	0	0	0	1	1	1	1	1	0	1	0	0	1	1	1	1	1	1	0
PF04353	Regulator of RNA polymerase sigma(70) subunit, Rsd/AlgQ	0	0	1	1	0	0	1	1	1	1	0	0	0	0	0	0	0	1	0	1	0	0	1	0	0	0	0	1	0	0	0	1	1	0	0	0	0	1	0	0	0	0
PF04613	UDP-3-O-[3-hydroxymyristoyl] glucosamine N-acyltransferase, LpxD	0	0	1	1	0	1	2	0	1	1	2	0	0	0	0	1	0	1	1	1	0	0	1	0	0	0	2	1	2	1	1	1	1	0	0	2	1	1	1	2	1	0
PF20437	Lon-like LonC helical domain	0	0	1	0	0	0	1	1	0	0	0	0	0	0	0	1	0	1	0	0	0	0	1	0	0	0	0	1	0	1	1	0	1	0	0	0	1	1	1	0	1	0
PF20436	Archaeal LonB, AAA+ ATPase LID domain	0	0	1	0	0	0	1	1	0	0	0	0	0	0	0	1	0	1	0	0	0	0	1	0	0	0	0	1	0	1	1	0	1	0	0	0	1	1	1	0	1	0
PF13654	LonB-like, AAA domain	0	0	1	0	0	0	1	1	0	0	0	0	0	0	0	1	0	1	0	0	0	0	1	0	0	0	0	1	0	1	1	0	1	0	0	0	1	1	1	0	1	0
PF00186	Dihydrofolate reductase	0	0	1	1	0	1	0	1	1	1	1	1	1	0	0	0	0	1	0	1	0	0	1	0	1	0	1	0	1	1	1	1	1	0	0	1	1	0	1	1	1	0
PF18393	MotY N-terminal domain	0	0	1	0	0	0	2	0	0	0	0	0	0	0	0	0	0	1	0	0	0	0	0	0	0	0	0	1	0	1	1	0	1	0	0	0	1	1	1	0	1	0
PF11981	Domain of unknown function (DUF3482)	0	0	1	1	0	0	1	0	0	1	0	0	0	0	0	0	0	2	0	1	0	0	1	0	0	0	0	0	0	0	0	1	1	0	0	0	0	0	0	0	0	0
PF06080	Protein of unknown function (DUF938)	0	0	1	1	1	1	0	1	0	1	0	1	0	0	0	0	0	1	0	1	0	0	1	1	1	0	0	0	0	1	1	1	1	0	0	0	1	0	1	0	1	0
PF04336	Acyl carrier protein phosphodiesterase	0	0	1	1	0	0	0	0	0	1	1	0	0	0	0	0	0	1	1	1	0	0	0	0	0	0	1	0	1	1	1	1	1	0	0	1	1	0	1	1	1	0
PF06127	2-hydroxy-palmitic acid dioxygenase Mpo1-like	0	0	1	2	0	1	2	2	2	2	0	0	0	0	0	1	0	1	0	2	0	0	2	0	0	0	0	2	1	2	2	2	1	0	0	1	2	2	2	0	1	0
PF14539	Domain of unknown function (DUF4442)	0	0	2	4	0	0	1	2	0	2	0	0	0	0	1	0	0	2	1	2	1	0	2	0	0	0	1	1	2	1	1	3	2	0	0	2	1	1	1	1	2	0
PF06490	Flagellar regulatory protein FleQ	0	0	1	0	0	0	1	1	0	0	0	0	0	0	0	0	0	1	0	0	0	0	1	0	0	0	0	1	0	1	1	0	1	0	0	0	1	1	1	0	1	0
PF08032	RNA 2'-O ribose methyltransferase substrate binding	0	0	1	1	1	2	1	1	2	1	0	2	2	1	2	2	0	1	2	2	1	1	1	1	1	0	1	1	1	2	2	1	1	1	1	1	2	1	2	1	1	0
PF11612	Type II secretion system (T2SS), protein J	0	0	1	1	0	1	1	1	1	1	0	1	1	1	0	1	0	1	0	1	0	1	1	0	1	0	0	1	0	1	1	1	1	0	0	0	1	1	1	0	1	0
PF04246	Positive regulator of sigma(E), RseC/MucC	0	0	1	1	0	0	1	1	1	1	0	0	0	0	0	1	0	1	0	1	0	0	1	0	0	0	0	1	0	1	1	1	1	0	0	0	1	1	1	0	1	0
PF18075	FtsX extracellular domain	0	0	1	1	0	0	0	1	1	1	1	0	0	0	0	1	0	1	1	1	0	0	1	0	0	0	1	0	1	1	1	1	1	0	0	1	1	0	1	1	1	0
PF17775	UPF0225 domain	0	0	1	1	0	0	1	0	1	1	0	0	0	0	0	1	0	1	1	1	0	0	0	0	0	0	0	1	1	1	1	1	1	0	0	1	1	1	1	0	0	0
PF05230	MASE2 domain	0	0	1	1	0	0	1	1	1	1	0	0	0	0	0	0	0	1	0	1	0	0	1	0	0	0	0	1	0	0	0	1	1	0	0	0	0	1	0	0	1	0
PF00211	Adenylate and Guanylate cyclase catalytic domain	0	0	1	2	0	1	2	3	2	2	1	0	0	2	12	1	0	1	1	2	10	2	3	0	0	0	2	3	2	2	1	2	1	1	1	2	2	3	1	2	1	0
PF02465	Flagellar hook-associated protein 2 N-terminus	0	0	1	0	0	0	1	1	0	0	0	0	0	0	0	0	0	1	0	0	0	0	1	0	0	0	0	1	0	1	1	0	1	0	0	0	1	1	1	0	1	0
PF07195	Flagellar hook-associated protein 2 C-terminus	0	0	1	0	0	0	1	1	0	0	0	0	0	0	0	0	0	1	0	0	0	0	1	0	0	0	0	1	0	1	1	0	1	0	0	0	1	1	1	0	1	0
PF02789	Cytosol aminopeptidase family, N-terminal domain	0	0	1	1	0	1	1	0	1	1	0	1	0	0	0	2	0	1	0	1	0	0	0	0	0	0	0	1	0	2	1	1	1	0	0	0	2	1	1	0	1	0
PF13333	Integrase core domain	0	0	2	1	0	1	1	2	0	6	1	0	1	0	1	1	0	2	0	6	1	0	3	0	1	0	1	4	0	4	0	2	2	0	0	0	4	4	1	1	2	0
PF00665	Integrase core domain	0	0	2	1	0	4	3	2	0	4	1	2	1	2	6	1	0	2	0	3	5	0	3	0	3	0	1	5	0	3	0	2	2	3	3	0	2	5	1	1	2	0
PF06029	AlkA N-terminal domain	0	0	1	0	0	0	0	0	0	1	0	0	0	0	0	1	0	2	0	1	0	0	0	0	0	0	0	0	0	1	1	0	1	0	0	0	1	0	1	0	0	0
PF04116	Fatty acid hydroxylase	0	0	1	4	2	4	2	1	2	4	1	3	0	0	3	2	0	2	1	5	3	0	0	2	1	1	3	2	1	3	3	3	1	0	0	1	3	2	4	3	0	1
PF01679	Proteolipid membrane potential modulator	0	0	1	1	0	0	1	0	0	0	0	1	1	0	0	2	0	1	0	0	0	0	0	0	0	0	2	1	0	1	1	1	1	0	0	0	1	1	1	2	0	0
PF19279	YegS C-terminal NAD kinase beta sandwich-like domain	0	0	1	1	0	0	0	1	1	2	0	0	0	0	0	0	0	1	0	2	0	0	1	0	0	1	0	0	1	0	1	2	1	0	0	1	0	0	0	0	1	1
PF03098	Animal haem peroxidase	0	0	1	1	0	0	1	0	0	0	0	0	0	0	2	0	0	1	0	0	2	0	0	0	0	0	0	1	0	0	0	1	1	0	0	0	0	1	0	0	1	1
PF06099	Phenol hydroxylase subunit	0	0	1	0	0	0	0	0	0	0	0	0	0	0	0	0	0	1	0	0	0	0	0	0	0	0	0	0	0	1	0	0	1	0	0	0	1	0	0	0	0	0
PF16537	Type II secretion system protein B	0	0	1	0	0	0	2	0	1	0	0	0	0	0	0	1	0	1	0	0	0	0	0	0	0	0	0	2	0	1	1	0	1	0	0	0	1	2	1	0	1	0
PF07437	YfaZ precursor	0	0	1	0	0	0	0	1	0	0	0	0	0	0	0	0	0	1	0	0	0	0	0	0	0	0	0	1	0	0	0	0	1	0	0	0	0	1	0	0	1	0
PF05544	Proline racemase	0	0	1	0	0	0	0	0	0	0	0	0	0	1	1	0	0	1	0	0	1	0	0	0	0	0	0	0	0	0	0	0	1	0	0	0	0	0	0	0	1	0
PF19310	Neurolysin/Thimet oligopeptidase, N-terminal domain	0	0	1	1	0	0	0	1	2	1	1	0	0	0	0	3	0	1	0	1	0	0	1	0	0	0	0	1	1	2	2	1	1	0	0	1	2	1	2	0	0	0
PF09500	Putative thioesterase (yiiD_Cterm)	0	0	1	1	0	0	0	0	1	1	0	0	0	0	0	1	0	1	0	1	0	0	0	0	0	0	0	0	0	1	1	1	1	0	0	0	1	0	1	0	1	0
PF05922	Peptidase inhibitor I9	0	0	1	1	0	0	0	0	0	0	0	0	0	0	0	1	0	1	0	0	0	0	0	0	0	0	1	0	0	1	0	1	1	0	0	0	1	0	0	1	1	0
PF11026	Protein of unknown function (DUF2721)	0	0	1	0	0	0	0	0	1	0	0	0	0	0	0	1	0	1	0	0	0	0	0	0	0	0	0	0	0	1	2	0	1	0	0	0	1	0	2	0	1	0
PF04231	Endonuclease I	0	0	1	0	0	0	0	0	0	1	3	0	0	0	0	1	0	1	0	1	0	0	0	0	0	0	2	0	2	1	1	1	1	0	0	2	1	0	1	2	1	0
PF01313	Bacterial export proteins, family 3	0	0	1	0	0	1	1	1	0	0	0	1	1	0	0	1	0	1	0	0	0	0	1	0	0	1	0	1	0	1	1	0	1	0	0	0	1	1	1	0	1	1
PF16983	Molybdate transporter of MFS superfamily	0	0	1	0	0	0	0	0	0	0	0	0	0	0	0	0	0	1	0	0	0	0	0	0	0	0	0	0	0	0	0	0	1	0	0	0	0	0	0	0	0	0
PF03899	ATP synthase I chain	0	0	1	1	0	0	0	0	1	1	0	0	0	0	0	0	0	1	0	1	0	0	0	0	0	0	0	0	0	1	1	1	1	0	0	0	1	0	1	0	0	0
PF11172	Protein of unknown function (DUF2959)	0	0	1	0	0	0	0	0	0	0	0	1	1	0	0	1	0	1	0	0	0	0	0	0	0	0	0	0	0	1	1	0	1	0	0	0	1	0	1	0	0	0
PF01910	Thiamine-binding protein	0	0	1	0	0	0	0	0	1	0	0	0	0	0	0	0	0	1	0	0	0	0	0	0	0	0	0	0	0	0	0	0	1	0	0	0	0	0	0	0	1	0
PF13667	ThiC-associated domain	0	0	1	1	0	1	2	1	0	1	1	1	1	0	1	0	0	1	1	0	1	0	0	0	0	0	0	1	0	0	1	1	1	0	0	0	0	1	1	0	1	0
PF01964	Radical SAM ThiC family	0	0	1	1	0	1	1	1	0	1	2	2	1	0	1	0	0	1	1	0	1	0	0	0	0	0	0	1	0	0	1	1	1	0	0	0	0	1	1	0	1	0
PF04358	DsrC like protein	0	0	1	0	0	0	0	1	1	0	0	0	0	0	0	0	0	1	0	0	0	0	1	0	0	0	0	1	0	1	1	0	1	0	0	0	1	1	1	0	1	0
PF04345	Chorismate lyase	0	0	1	1	0	0	1	0	1	1	0	0	0	0	0	1	0	1	0	1	0	0	0	0	0	0	0	1	0	1	1	1	1	0	0	0	1	1	1	0	0	0
PF06167	Glucose-regulated metallo-peptidase M90	0	0	1	1	0	0	0	1	0	1	1	0	0	0	1	1	0	1	1	1	1	0	0	0	0	0	2	1	3	1	0	1	1	0	0	3	1	1	0	1	1	0
PF03062	MBOAT, membrane-bound O-acyltransferase family	0	0	1	0	0	1	0	2	0	2	1	0	0	0	0	0	0	2	2	2	0	0	2	0	0	0	2	0	1	0	1	0	1	0	0	1	0	0	1	2	0	0
PF20408	Alpha/beta hydrolase domain	0	0	1	1	0	0	1	1	0	1	0	0	0	0	1	0	0	1	0	1	1	0	0	0	0	0	0	1	0	0	1	1	1	0	0	0	0	1	1	0	1	0
PF16403	Bacterial surface protein, Ig-like domain	0	0	1	0	0	0	0	0	0	0	0	0	0	0	0	0	0	1	0	0	0	0	0	0	0	0	0	0	1	1	0	0	1	0	0	1	1	0	0	0	1	0
PF10503	Esterase PHB depolymerase	0	0	1	0	0	0	0	0	0	0	0	1	0	1	1	1	0	1	0	0	1	1	0	0	0	2	0	0	0	1	1	0	1	1	1	0	1	0	1	0	1	1
PF07027	Protein of unknown function (DUF1318)	0	0	1	1	0	1	0	1	0	1	0	1	1	0	0	0	0	2	0	1	0	0	2	0	0	0	0	1	0	0	0	1	1	0	0	0	0	1	0	0	1	0
PF04222	Protein of unknown function (DUF416)	0	0	1	0	0	0	0	0	0	0	0	0	0	0	0	2	0	1	0	0	0	0	0	0	0	0	0	0	0	2	1	0	1	0	0	0	2	0	1	0	1	0
PF07555	beta-N-acetylglucosaminidase	0	0	1	0	0	0	0	0	0	0	0	0	0	0	0	0	0	1	0	0	0	0	0	0	0	0	0	0	0	0	0	0	1	0	0	0	0	0	0	0	0	0
PF07660	Secretin and TonB N terminus short domain	0	0	1	1	0	2	1	1	1	1	0	0	0	0	0	1	0	1	0	1	0	0	1	0	0	0	0	1	0	1	0	1	1	0	0	0	1	1	0	0	1	0
PF05896	Na(+)-translocating NADH-quinone reductase subunit A (NQRA)	0	0	1	1	0	0	1	0	1	1	1	0	0	1	0	1	0	1	1	1	0	1	0	0	0	0	1	1	1	1	1	1	1	0	0	1	1	1	2	1	1	0
PF11973	NQRA C-terminal domain	0	0	1	1	0	0	1	0	1	1	1	0	0	1	0	1	0	1	1	1	0	1	0	0	0	0	1	1	1	1	0	1	1	0	0	1	1	1	1	1	1	0
PF00092	von Willebrand factor type A domain	0	0	1	0	1	1	2	2	1	0	3	1	1	1	3	2	1	1	3	0	2	1	3	1	0	1	4	2	2	2	1	0	1	1	1	2	2	2	1	4	1	1
PF11174	Protein of unknown function (DUF2970)	0	0	1	1	0	0	0	0	1	1	0	0	0	0	0	0	0	1	0	1	0	0	0	0	0	0	0	0	0	1	1	1	1	0	0	0	1	0	1	0	1	0
PF13480	Acetyltransferase (GNAT) domain	0	0	1	0	1	1	0	0	0	0	0	0	0	0	1	0	0	1	0	0	1	0	0	1	0	0	0	0	3	2	2	0	1	0	0	3	2	0	2	0	1	0
PF00303	Thymidylate synthase	0	0	1	1	0	1	1	1	1	1	1	1	2	1	0	2	0	1	0	1	0	1	1	0	1	0	1	1	1	1	1	1	1	1	1	1	1	1	1	1	1	0
PF09650	Putative polyhydroxyalkanoic acid system protein (PHA_gran_rgn)	0	0	1	0	0	0	0	0	0	0	0	0	0	0	0	0	0	1	0	0	0	0	0	0	0	0	0	0	0	0	0	0	1	0	0	0	0	0	0	0	0	0
PF01548	Transposase	0	0	1	0	0	1	0	0	0	0	0	2	0	1	3	5	0	1	0	1	5	1	0	0	0	0	1	0	0	3	2	0	1	1	0	0	4	0	2	1	1	0
PF07130	YebG protein	0	0	1	0	0	0	0	0	1	0	0	0	0	0	0	1	0	1	0	0	0	0	0	0	0	0	0	0	0	1	1	0	1	0	0	0	1	0	1	0	1	0
PF21783	YNCE-like beta-propeller	0	0	1	0	0	0	0	0	0	0	0	0	0	0	0	1	0	1	0	0	0	0	0	0	0	0	0	0	0	1	1	0	1	0	0	0	1	0	1	0	0	0
PF04381	Putative exonuclease, RdgC	0	0	1	1	0	0	0	0	1	1	0	0	0	0	0	0	0	1	0	1	0	0	0	0	0	0	0	0	0	1	1	1	1	0	0	0	1	0	1	0	1	0
PF09526	Probable metal-binding protein (DUF2387)	0	0	1	1	0	0	0	1	0	1	0	0	0	0	0	0	0	1	0	1	0	0	1	0	0	0	0	1	0	1	1	1	1	0	0	0	1	1	1	0	0	0
PF04235	Protein of unknown function (DUF418)	0	0	1	0	0	1	0	0	0	0	0	0	1	0	0	0	0	1	0	0	0	0	0	0	0	0	1	0	0	1	1	0	1	0	0	0	1	0	1	1	1	0
PF08843	Nucleotidyl transferase AbiEii toxin, Type IV TA system	0	0	1	0	0	0	1	1	0	1	0	0	0	0	0	0	0	1	0	0	0	0	1	0	0	0	1	2	2	0	0	0	1	0	0	2	0	2	1	0	0	0
PF09186	Domain of unknown function (DUF1949)	0	0	1	1	0	0	0	0	0	1	0	0	0	0	0	0	0	1	0	1	0	0	0	0	0	0	0	0	0	1	1	1	1	0	0	0	1	0	0	0	1	0
PF01596	O-methyltransferase	0	0	1	0	0	1	0	0	0	0	0	0	0	0	0	0	0	1	1	0	0	0	0	0	0	0	1	0	1	0	0	0	1	0	0	1	0	0	0	1	1	0
PF02645	Uncharacterised protein, DegV family COG1307	0	0	1	1	0	0	0	0	0	0	0	0	0	0	0	0	0	1	0	0	0	0	0	0	0	0	0	0	0	0	0	2	1	0	0	0	0	0	0	0	1	0
PF11808	Phosphate regulon sensor protein PhoR	0	0	1	1	0	0	2	1	1	1	0	0	0	0	0	0	0	1	0	1	0	0	1	0	0	0	0	2	0	1	1	1	1	0	0	0	1	2	1	0	0	0
PF12048	Protein of unknown function (DUF3530)	0	0	1	0	0	0	1	1	0	0	0	0	0	0	0	1	0	1	0	0	0	0	1	0	0	0	0	1	0	1	0	0	1	0	0	0	1	1	0	0	0	0
PF13617	YnbE-like lipoprotein	0	0	1	1	0	1	0	1	0	1	0	1	1	0	0	0	0	2	0	1	0	0	2	0	0	0	0	1	0	0	0	1	1	0	0	0	0	1	0	0	1	0
PF20227	Family of unknown function (DUF6586)	0	0	1	0	0	0	0	1	0	0	0	0	0	0	0	0	0	1	0	0	0	0	0	0	0	0	0	1	0	0	0	0	1	0	0	0	0	1	0	0	1	0
PF13977	BetI-type transcriptional repressor, C-terminal	0	0	1	0	1	0	0	0	1	0	0	0	0	2	1	0	0	1	0	0	1	2	0	1	1	1	0	0	0	0	1	0	1	1	1	0	0	0	1	0	0	1
PF10719	Late competence development protein ComFB	0	0	1	0	0	0	1	1	0	0	0	0	0	0	0	1	0	1	0	0	0	0	1	0	0	0	0	1	0	1	1	0	1	0	0	0	1	1	1	0	1	0
PF13721	SecD export protein N-terminal TM region	0	0	1	1	0	0	1	1	1	1	0	0	0	0	0	1	0	1	0	1	0	0	1	0	0	0	0	1	0	1	1	1	1	0	0	0	1	1	1	0	1	0
PF09360	Iron-binding zinc finger CDGSH type	0	0	1	2	0	0	0	1	0	1	0	0	0	0	1	0	0	1	0	1	1	0	1	0	0	0	1	0	0	0	0	1	1	0	0	0	0	0	0	1	0	0
PF19577	DcaP outer membrane protein	0	0	1	1	0	0	1	1	1	1	0	1	1	0	0	1	0	1	0	1	0	0	1	0	0	0	0	1	0	2	0	2	1	0	0	0	2	1	0	0	1	0
PF06999	Sucrase/ferredoxin-like	0	0	1	0	0	0	0	0	0	0	0	0	0	0	0	0	0	1	0	0	0	0	0	0	0	0	0	0	0	0	0	0	1	0	0	0	0	0	0	0	0	0
PF17940	Tetracyclin repressor-like, C-terminal domain	0	0	1	0	0	1	0	0	0	0	0	1	0	0	0	0	0	1	0	0	0	0	0	0	0	0	0	0	0	0	0	0	1	0	0	0	0	0	0	0	1	0
PF00023	Ankyrin repeat	0	0	1	0	0	0	0	0	0	0	0	0	0	0	0	0	0	1	0	0	0	0	0	0	0	0	2	0	2	0	0	0	1	0	0	2	0	0	0	1	0	0
PF13657	HipA N-terminal domain	0	0	1	1	0	0	1	2	0	0	0	0	1	0	0	1	0	1	0	0	0	0	1	0	0	0	0	2	0	2	3	0	1	0	0	0	2	2	0	0	1	0
PF07804	HipA-like C-terminal domain	0	0	1	1	0	0	1	4	0	0	0	0	1	0	0	1	0	1	0	0	0	0	4	0	0	0	2	4	0	2	3	0	1	0	0	0	2	4	0	1	1	0
PF12895	Anaphase-promoting complex, cyclosome, subunit 3	0	0	0	1	0	0	0	0	0	0	1	0	0	0	0	0	0	0	0	0	0	0	0	0	0	0	2	0	1	0	1	0	0	0	0	1	0	0	1	2	0	0
PF11663	Toxin with endonuclease activity, of toxin-antitoxin system	0	0	0	1	0	0	0	0	0	0	0	1	0	0	0	0	0	0	0	0	0	0	0	0	0	0	0	0	0	0	0	0	0	0	0	0	0	0	0	0	0	0
PF08867	FRG domain	0	0	0	1	0	0	0	0	0	0	0	0	0	0	0	0	0	0	0	0	0	0	0	0	0	0	0	2	0	0	1	0	0	0	0	0	0	2	1	0	0	0
PF05650	Domain of unknown function (DUF802)	0	0	0	1	0	0	0	0	0	1	0	0	0	0	0	0	0	0	0	1	0	0	0	0	0	0	0	0	0	0	0	1	0	0	0	0	0	0	0	0	0	0
PF03413	Peptidase propeptide and YPEB domain	0	0	0	2	0	1	0	1	0	2	0	1	2	0	0	0	0	0	0	2	0	0	1	0	0	1	0	0	0	0	0	2	0	0	0	0	0	0	0	0	0	1
PF06067	Domain of unknown function (DUF932)	0	0	0	1	0	0	1	0	0	2	0	0	0	0	0	0	0	1	0	3	0	0	0	0	0	0	1	1	1	0	0	3	0	0	0	1	0	1	0	0	0	0
PF14232	Domain of unknown function (DUF4334)	0	0	0	1	0	0	0	0	0	1	0	0	0	0	0	0	0	0	0	1	0	0	0	0	0	0	0	0	0	0	0	1	0	0	0	0	0	0	0	0	0	0
PF14231	GXWXG protein	0	0	0	1	0	0	0	0	0	0	0	0	0	0	0	0	0	0	0	0	0	0	0	0	0	0	0	0	0	0	0	1	0	0	0	0	0	0	0	0	0	0
PF09995	ER-bound oxygenase mpaB/B'/Rubber oxygenase, catalytic domain	0	0	0	7	0	0	1	1	0	1	0	1	1	0	0	0	0	1	0	1	0	0	1	0	0	0	0	1	0	0	0	6	0	0	0	0	0	1	0	0	0	0
PF08485	Polysaccharide biosynthesis protein C-terminal	0	0	0	1	0	0	0	0	0	0	1	0	0	0	0	0	0	0	1	0	0	0	0	0	0	0	0	0	1	1	0	0	0	0	0	1	1	0	0	0	0	0
PF03232	Ubiquinone biosynthesis protein COQ7	0	0	0	1	0	0	1	1	1	2	0	0	0	0	0	0	0	0	0	1	0	0	1	0	0	0	0	0	0	0	1	1	0	0	0	0	0	0	1	0	0	0
PF02086	D12 class N6 adenine-specific DNA methyltransferase	0	0	0	1	0	0	0	0	0	0	0	0	0	1	0	1	0	0	0	0	0	1	0	0	0	0	0	0	0	1	1	1	0	2	2	0	1	0	1	0	0	0
PF18897	Recombination directionality factor-like	0	0	0	3	0	0	1	0	0	2	0	0	0	0	0	0	0	1	0	4	0	0	0	0	0	0	0	1	0	0	0	3	0	0	0	0	0	1	0	0	0	0
PF21351	Tetracyclin repressor-like, C-terminal domain	0	0	0	2	0	2	0	0	0	1	0	1	1	0	0	0	0	0	0	1	0	0	0	0	0	0	0	0	0	0	0	1	0	0	0	0	0	0	0	0	0	0
PF11583	P-aminobenzoate N-oxygenase AurF	0	0	0	1	0	0	0	0	0	1	0	0	0	0	0	0	0	1	0	1	0	0	0	0	0	0	0	0	0	0	0	1	0	0	0	0	0	0	0	0	0	0
PF07603	Protein of unknown function (DUF1566)	0	0	0	1	0	0	0	0	0	0	0	0	0	0	0	2	0	0	0	0	0	0	0	0	0	0	0	0	0	2	2	0	0	0	0	0	2	0	2	0	0	0
PF08530	X-Pro dipeptidyl-peptidase C-terminal non-catalytic domain	0	0	0	1	1	0	0	0	1	0	0	0	0	1	1	0	0	0	0	0	1	1	0	1	0	0	2	0	2	0	0	1	0	0	0	2	0	0	0	2	0	0
PF07314	Protein of unknown function (DUF1461)	0	0	0	1	0	0	1	1	0	1	0	0	0	0	0	0	0	0	0	1	0	0	1	0	0	0	0	1	0	0	0	1	0	0	0	0	0	1	0	0	0	0
PF02753	Pili assembly chaperone PapD, C-terminal domain	0	0	0	1	0	0	0	0	0	1	0	0	0	0	0	0	0	0	0	1	0	0	0	0	0	0	0	0	0	0	0	0	0	0	0	0	0	0	0	0	0	0
PF09619	Type III secretion system lipoprotein chaperone (YscW)	0	0	0	2	0	0	0	0	0	2	0	0	0	0	1	0	0	0	0	2	1	0	0	0	0	0	0	0	0	0	0	2	0	0	0	0	0	0	0	0	0	0
PF02261	Aspartate decarboxylase	0	0	0	1	0	1	1	1	0	1	0	1	1	0	0	0	0	0	1	1	0	0	1	0	0	0	1	1	1	0	0	1	0	0	0	1	0	1	0	1	0	0
PF16295	Tetracyclin repressor-like, C-terminal domain	0	0	0	1	0	0	1	1	0	0	0	0	0	0	0	0	0	0	0	0	0	0	1	0	0	0	0	1	2	0	0	1	0	0	0	2	0	1	0	0	0	0
PF13738	Pyridine nucleotide-disulphide oxidoreductase	0	0	0	5	0	2	2	2	0	4	0	1	0	1	2	0	0	0	0	4	2	1	2	0	0	1	1	3	2	1	0	6	0	0	0	2	1	3	0	1	0	1
PF05171	Haemin-degrading HemS.ChuX domain	0	0	0	1	0	0	1	0	0	1	0	0	0	0	1	0	0	0	0	1	1	0	0	0	0	0	0	1	0	0	0	0	0	0	0	0	0	1	0	0	0	0
PF04013	Putative SAM-dependent RNA methyltransferase	0	0	0	1	0	0	0	0	0	1	0	0	0	0	0	0	0	0	0	1	0	0	0	0	0	0	0	0	0	0	0	1	0	0	0	0	0	0	0	0	0	0
PF13690	Chemotaxis phosphatase CheX	0	0	0	1	0	0	1	1	0	0	0	0	0	0	0	0	0	0	0	0	0	0	1	0	0	0	0	1	0	1	2	0	0	0	0	0	1	1	2	0	0	0
PF05635	23S rRNA-intervening sequence protein	0	0	0	3	0	0	0	0	0	0	7	0	0	0	0	0	0	0	10	0	0	0	0	0	0	0	0	0	2	0	0	2	0	0	0	2	0	0	0	0	0	0
PF08850	Domain of unknown function (DUF1820)	0	0	0	1	0	0	0	1	0	1	0	0	0	0	0	0	0	0	0	1	0	0	1	0	0	0	0	0	0	0	1	1	0	0	0	0	0	0	1	0	0	0
PF04012	PspA/IM30 family	0	0	0	1	0	1	0	1	0	0	0	1	1	0	1	1	0	0	0	0	1	0	1	0	0	0	0	0	0	2	3	0	0	0	0	0	2	0	3	0	0	0
PF07510	Protein of unknown function (DUF1524)	0	0	0	1	0	1	0	1	0	0	0	1	1	0	1	0	0	0	0	0	0	0	0	0	0	0	0	1	0	0	0	1	0	0	0	0	0	1	0	0	0	0
PF03831	PhnA domain	0	0	0	1	1	1	2	1	1	1	0	1	0	1	0	1	0	0	1	1	0	1	1	1	0	1	1	2	1	1	1	1	0	0	0	1	1	2	1	1	0	1
PF00135	Carboxylesterase family	0	0	0	1	0	1	1	0	2	1	0	3	1	0	0	0	0	0	0	1	0	0	0	0	0	0	0	1	0	0	0	1	0	0	0	0	0	1	0	0	0	0
PF07484	Phage Tail Collar Domain	0	0	0	3	0	2	0	3	0	3	1	1	0	1	0	0	0	0	1	3	0	1	3	0	0	0	0	4	0	0	0	0	0	1	1	0	0	4	0	0	0	0
PF00089	Trypsin	0	0	0	2	1	2	0	0	0	1	0	2	2	1	2	0	0	0	0	1	2	1	0	1	1	0	0	0	0	0	0	2	0	1	1	0	0	0	0	0	0	0
PF21365	Glycosyl hydrolase family 31 C-terminal domain	0	0	0	1	0	0	0	0	2	0	0	0	0	0	0	0	0	1	0	0	0	0	0	0	0	0	1	0	2	1	1	0	0	0	0	2	1	0	1	1	0	0
PF01055	Glycosyl hydrolases family 31 TIM-barrel domain	0	0	0	1	0	0	0	0	2	0	0	0	0	0	0	0	0	1	0	0	0	0	0	0	0	0	1	0	2	1	1	0	0	0	0	2	1	0	1	1	0	0
PF04029	2-phosphosulpholactate phosphatase	0	0	0	1	0	0	0	0	0	1	0	0	0	0	0	0	0	0	0	0	0	0	0	0	0	0	0	0	0	0	0	1	0	0	0	0	0	0	0	0	0	0
PF17287	POTRA domain	0	0	0	1	0	0	0	0	0	1	0	0	0	0	0	0	0	0	0	1	0	0	0	0	0	0	0	0	0	0	0	1	0	0	0	0	0	0	0	0	0	0
PF08479	POTRA domain, ShlB-type	0	0	0	1	0	0	0	1	0	1	0	0	1	0	0	0	0	0	0	1	0	0	1	0	0	0	0	1	0	0	0	1	0	0	0	0	0	1	0	0	0	0
PF01963	TraB/PrgY/gumN family	0	0	0	1	0	1	0	0	1	0	1	1	1	1	0	0	0	0	1	0	0	1	0	0	0	1	1	0	1	1	1	0	0	0	0	1	1	0	1	1	0	1
PF05930	Prophage CP4-57 regulatory protein (AlpA)	0	0	0	2	1	1	1	1	0	2	0	0	1	0	0	0	0	1	0	5	0	0	1	1	0	1	0	1	0	2	1	2	0	1	1	0	2	1	1	0	0	1
PF03239	Iron permease FTR1 family	0	0	0	1	0	0	0	1	0	2	0	0	0	0	0	0	0	0	0	2	0	0	0	0	0	0	0	1	0	0	0	1	0	0	0	0	0	1	0	0	0	0
PF16357	Putative PepSY_TM-like	0	0	0	1	0	1	0	0	0	1	1	1	0	0	0	0	0	0	1	1	0	0	0	0	0	0	0	0	0	0	0	1	0	0	0	0	0	0	0	0	0	0
PF01944	Stage II sporulation protein M	0	0	0	1	0	1	0	0	0	1	0	1	0	0	0	0	0	0	0	1	0	0	0	0	0	0	1	0	0	0	0	1	0	0	0	0	0	0	0	1	0	0
PF13088	BNR repeat-like domain	0	0	0	1	0	0	0	0	0	1	0	0	1	0	0	0	0	0	0	1	0	0	0	0	0	0	0	0	0	0	0	1	0	0	0	0	0	0	0	0	0	0
PF00515	Tetratricopeptide repeat	0	0	0	1	0	0	0	0	0	1	3	0	1	0	0	2	0	0	2	1	0	0	0	0	0	0	2	0	1	2	2	1	0	0	0	1	2	0	2	2	0	0
PF14279	HNH endonuclease	0	0	0	1	0	0	0	0	0	1	0	1	1	0	0	0	0	0	0	1	0	0	0	0	0	1	0	0	0	0	1	1	0	0	0	0	0	0	1	0	0	1
PF02690	Na+/Pi-cotransporter	0	0	0	1	0	0	0	2	0	0	0	0	0	1	0	1	0	1	0	0	0	1	1	0	0	1	0	0	0	1	0	0	0	0	0	0	1	0	0	0	0	1
PF01943	Polysaccharide biosynthesis protein	0	0	0	1	0	0	1	0	1	0	2	0	0	0	0	0	0	0	1	1	0	0	0	0	0	0	1	1	4	1	0	1	0	0	0	4	1	1	0	1	0	0
PF00643	B-box zinc finger	0	0	0	1	0	0	0	0	0	0	0	0	0	0	0	0	0	0	0	0	0	0	0	0	0	0	0	0	0	0	0	0	0	0	0	0	0	0	0	0	0	0
PF13036	Peptidoglycan-synthase activator LpoB	0	0	0	2	0	0	1	1	1	1	0	0	0	0	0	0	0	0	0	1	0	0	1	0	0	0	0	1	0	0	0	1	0	0	0	0	0	1	0	0	0	0
PF12568	Acetyltransferase (GNAT) domain, PanZ	0	0	0	1	0	0	0	1	0	1	0	0	0	0	0	0	0	0	0	1	0	0	1	0	0	0	0	0	0	0	0	0	0	0	0	0	0	0	0	0	0	0
PF11964	SpoIIAA-like	0	0	0	1	0	0	0	0	0	2	1	1	1	0	2	0	0	0	1	2	1	0	0	0	0	0	2	0	2	0	0	2	0	0	0	2	0	0	0	2	0	0
PF18735	RiboL-PSP-HEPN	0	0	0	1	0	0	0	0	0	0	0	0	0	0	0	0	0	0	0	0	0	0	0	0	0	0	0	0	0	0	0	0	0	0	0	0	0	0	0	0	0	0
PF13424	Tetratricopeptide repeat	0	0	0	2	1	0	1	0	0	1	3	0	1	0	1	2	0	0	2	1	1	0	0	1	0	0	3	1	2	3	2	2	0	0	0	2	3	1	2	3	0	0
PF01391	Collagen triple helix repeat (20 copies)	0	0	0	2	0	0	0	0	0	1	0	0	0	0	0	2	0	0	0	1	0	0	0	0	0	0	0	0	1	2	0	0	0	0	0	1	2	0	0	0	0	0
PF18998	Divergent InlB B-repeat domain	0	0	0	1	0	0	0	0	0	0	0	0	0	0	0	0	0	0	0	0	0	0	0	0	0	0	0	0	0	0	0	1	0	0	0	0	0	0	0	0	0	0
PF10029	Predicted periplasmic protein (DUF2271)	0	0	0	1	0	1	0	0	0	1	1	2	0	0	0	0	0	0	0	1	0	0	0	0	0	0	0	0	1	0	0	1	0	0	0	1	0	0	0	0	0	0
PF14337	Abortive infection alpha	0	0	0	1	0	0	0	0	0	0	0	0	0	0	0	0	0	0	0	0	0	0	0	0	0	0	0	0	0	0	0	0	0	0	0	0	0	0	0	0	0	0
PF12876	Sugar-binding cellulase-like	0	0	0	1	0	0	0	0	0	1	0	0	0	0	0	0	0	0	0	1	0	0	0	0	0	0	0	0	0	0	0	1	0	0	0	0	0	0	0	0	0	0
PF07670	Nucleoside recognition	0	0	0	1	0	1	1	1	1	1	2	1	1	0	0	2	0	0	2	1	0	0	1	0	0	0	2	1	2	3	1	1	0	0	0	2	3	1	1	2	0	0
PF08386	TAP-like protein	0	0	0	1	0	1	0	0	1	1	1	0	0	0	0	0	0	0	0	1	0	0	0	0	0	0	0	0	0	0	0	1	0	0	0	0	0	0	0	0	0	0
PF19890	Domain of unknown function (DUF6363)	0	0	0	1	0	0	1	2	1	1	0	0	0	0	0	0	0	0	0	1	0	0	2	0	0	0	0	1	0	0	2	1	0	0	0	0	0	1	2	0	0	0
PF20460	Family of unknown function (DUF6713)	0	0	0	1	0	0	0	0	0	0	0	0	0	0	0	0	0	0	0	0	0	0	0	0	0	0	0	0	0	0	0	1	0	0	0	0	0	0	0	0	0	0
PF11141	Protein of unknown function (DUF2914)	0	0	0	1	0	0	0	0	0	2	0	0	0	0	0	0	0	1	0	2	0	0	0	0	0	0	0	0	0	0	0	2	0	0	0	0	0	0	0	0	0	0
PF04734	Neutral/alkaline non-lysosomal ceramidase, N-terminal	0	0	0	1	0	0	0	0	0	1	0	0	0	0	0	0	0	0	0	1	0	0	0	0	0	0	0	0	0	0	0	1	0	0	0	0	0	0	0	0	0	0
PF11948	Protein of unknown function (DUF3465)	0	0	0	1	0	0	0	0	0	0	0	0	0	0	0	0	0	0	0	0	0	0	0	0	0	0	0	0	0	0	0	0	0	0	0	0	0	0	0	0	0	0
PF00325	Bacterial regulatory proteins, crp family	0	0	0	1	0	0	0	0	0	1	0	0	0	0	0	0	0	0	0	1	0	0	0	0	0	0	0	0	0	0	1	1	0	0	0	0	0	0	1	0	0	0
PF05433	Glycine zipper 2TM domain	0	0	0	1	0	1	0	0	0	1	0	2	1	0	1	0	0	0	0	1	1	0	0	0	1	0	0	0	0	0	0	1	0	0	0	0	0	0	0	0	0	0
PF03259	Roadblock/LC7 domain	0	0	0	1	0	0	0	0	0	2	0	0	0	0	0	0	0	0	0	2	0	0	0	0	0	0	0	0	0	0	0	1	0	0	0	0	0	0	0	0	0	0
PF11431	Membrane transport protein MerF	0	0	0	1	0	0	0	0	0	0	0	0	0	0	1	0	0	0	0	1	0	0	0	0	0	0	0	0	0	0	0	0	0	0	0	0	0	0	0	0	0	0
PF05052	MerE protein	0	0	0	1	0	0	0	0	0	2	0	0	0	0	0	0	0	0	0	2	0	0	0	0	0	0	0	0	0	0	0	0	0	0	0	0	0	0	0	0	0	0
PF12794	Mechanosensitive ion channel inner membrane domain 1	0	0	0	1	0	0	0	0	0	1	0	0	0	0	0	0	0	0	0	1	0	0	0	0	0	0	0	0	0	0	0	1	0	0	0	0	0	0	0	0	0	0
PF12795	Mechanosensitive ion channel porin domain	0	0	0	1	0	0	0	0	0	1	0	0	0	0	0	0	0	0	0	1	0	0	0	0	0	0	0	0	0	0	0	1	0	0	0	0	0	0	0	0	0	0
PF16811	TRAP transporter T-component	0	0	0	1	0	0	1	1	0	1	0	0	0	0	0	0	0	0	0	2	0	0	1	0	0	0	0	1	0	0	0	1	0	0	0	0	0	1	0	0	0	0
PF08883	Dopa 4,5-dioxygenase family	0	0	0	1	0	0	0	0	0	1	0	0	0	0	0	0	0	0	0	1	0	0	0	0	0	0	0	0	0	0	0	1	0	0	0	0	0	0	0	0	0	0
PF06961	Protein of unknown function (DUF1294)	0	0	0	1	1	0	0	0	2	1	1	0	0	0	0	0	0	1	1	0	0	0	0	1	0	0	0	0	0	1	0	1	0	0	0	0	1	0	0	0	0	0
PF10096	Uncharacterized protein conserved in bacteria (DUF2334)	0	0	0	1	0	0	0	0	0	0	0	0	0	0	0	0	0	0	0	0	0	0	0	0	0	0	0	0	0	0	0	1	0	0	0	0	0	0	1	0	0	0
PF13146	TRL-like protein family	0	0	0	2	0	0	0	0	0	0	0	0	0	0	0	0	0	0	0	0	0	0	0	0	0	0	0	0	0	0	0	1	0	0	0	0	0	0	0	0	0	0
PF09234	Domain of unknown function (DUF1963)	0	0	0	1	0	0	0	0	0	1	0	0	0	0	0	0	0	1	0	1	0	0	0	0	0	0	0	1	0	0	0	1	0	0	0	0	0	1	0	0	0	0
PF16200	C-terminal region of band_7	0	0	0	1	0	1	1	1	0	1	0	1	1	0	0	1	0	0	0	1	0	0	1	0	0	0	0	1	0	1	1	1	0	0	0	0	1	1	1	0	0	0
PF17783	CvfB-like winged helix domain	0	0	0	1	0	0	1	1	0	1	0	0	0	0	0	0	0	0	1	1	0	0	1	0	0	0	1	1	1	1	1	1	0	0	0	1	1	1	1	1	0	0
PF13509	S1 domain	0	0	0	1	0	0	1	1	0	1	0	0	0	0	0	0	0	1	1	1	0	0	1	0	0	0	1	1	1	1	0	1	0	0	0	1	1	1	0	1	0	0
PF04286	Protein of unknown function (DUF445)	0	0	0	1	0	0	0	0	0	0	0	0	0	0	0	1	0	0	0	0	0	0	0	0	0	0	0	0	0	0	2	0	0	0	0	0	0	0	2	0	0	0
PF03616	Sodium/glutamate symporter	0	0	0	1	0	0	0	0	1	1	0	0	0	0	1	0	0	0	0	1	1	0	0	0	0	0	0	0	0	0	0	1	0	0	0	0	0	0	0	0	0	0
PF03869	Arc-like DNA binding domain	0	0	0	1	0	0	0	0	0	1	0	1	0	0	0	0	0	0	0	0	0	0	0	0	0	0	0	0	0	0	0	1	0	0	0	0	0	0	0	0	0	0
PF13332	Hemagglutinin repeat	0	0	0	1	0	0	0	0	0	1	0	0	0	0	0	0	0	0	0	1	0	0	0	0	0	0	0	0	0	0	0	1	0	0	0	0	0	0	0	0	0	0
PF05860	TPS secretion domain	0	0	0	1	0	0	0	1	0	1	0	0	0	0	0	0	0	0	0	1	0	0	1	0	0	0	0	0	0	0	0	1	0	0	0	0	0	0	0	0	0	0
PF05552	Mechanosensitive ion channel, conserved TM helix	0	0	0	1	0	3	1	1	1	2	1	3	4	0	0	2	0	0	1	2	0	0	1	0	0	0	2	1	1	2	3	2	0	0	0	1	2	1	3	2	0	0
PF13438	Domain of unknown function (DUF4113)	0	0	0	1	0	0	1	0	0	1	1	0	0	0	0	0	0	0	1	1	0	0	0	0	0	0	0	2	1	0	1	1	0	0	0	1	0	2	2	0	0	0
PF04480	Protein of unknown function (DUF559)	0	0	0	1	0	0	0	0	0	0	0	2	1	0	0	0	0	0	0	0	0	0	0	0	0	0	0	0	0	0	0	0	0	0	0	0	0	0	0	0	0	0
PF03203	MerC mercury resistance protein	0	0	0	1	0	1	0	0	0	1	0	0	0	0	0	1	0	0	0	1	0	0	0	0	0	0	0	1	0	2	1	1	0	0	0	0	2	1	1	0	0	0
PF06481	COX Aromatic Rich Motif	0	0	0	1	0	0	0	0	0	1	0	0	0	0	0	0	0	0	0	1	0	0	0	0	0	0	0	0	0	0	0	1	0	0	0	0	0	0	0	0	0	1
PF05360	yiaA/B two helix domain	0	0	0	1	0	0	0	0	0	0	1	0	0	0	0	0	0	0	1	0	0	0	0	0	0	0	1	0	0	0	1	0	0	0	0	0	0	0	1	1	0	0
PF13523	Acetyltransferase (GNAT) domain	0	0	0	1	0	0	0	0	0	1	0	0	0	0	0	0	0	0	0	1	0	0	0	0	0	1	0	0	0	0	0	1	0	0	0	0	0	0	0	0	0	1
PF14072	DNA-sulfur modification-associated	0	0	0	2	0	0	0	0	0	0	0	0	0	0	0	0	0	0	0	0	0	0	0	0	0	0	1	0	0	0	0	0	0	0	0	0	0	0	0	0	0	0
PF04379	ApaG domain	0	0	0	1	0	0	0	1	1	1	1	1	1	0	0	1	0	0	1	1	0	0	1	0	0	0	1	1	1	1	1	1	0	0	0	1	1	1	1	1	0	0
PF09925	Predicted membrane protein (DUF2157)	0	0	0	1	0	0	0	0	0	0	1	0	0	0	0	1	0	0	1	0	0	0	0	0	0	0	0	0	0	1	0	1	0	0	0	0	1	0	0	0	0	0
PF01712	Deoxynucleoside kinase	0	0	0	1	0	0	0	0	1	1	0	0	0	0	0	0	0	0	2	1	0	0	0	0	0	0	2	0	2	0	0	1	0	0	0	2	0	0	0	2	0	0
PF14518	Iron-containing redox enzyme	0	0	0	1	0	0	0	0	0	0	0	0	0	0	0	1	0	0	0	0	0	0	0	0	0	0	0	0	0	0	1	1	0	0	0	0	0	0	1	0	0	0
PF19878	Tannase-like family of unknown function (DUF6351)	0	0	0	1	0	0	0	0	0	0	0	0	0	0	0	0	0	0	0	0	0	0	0	0	0	0	0	0	0	0	0	1	0	0	0	0	0	0	0	0	0	0
PF11845	Protein of unknown function (DUF3365)	0	0	0	1	0	0	1	1	0	1	0	0	0	0	1	1	0	0	0	1	1	0	1	0	0	0	0	1	1	1	1	1	0	0	0	1	1	1	1	0	0	0
PF11445	Protein of unknown function (DUF2894)	0	0	0	1	0	0	0	0	0	1	0	0	0	0	0	0	0	0	0	1	0	0	0	0	0	0	0	0	0	0	0	1	0	0	0	0	0	0	0	0	0	0
PF06750	Bacterial Peptidase A24 N-terminal domain	0	0	0	1	0	0	1	1	1	1	0	0	0	1	0	0	0	0	0	2	0	1	1	0	0	0	0	1	0	1	2	1	0	1	1	0	1	1	2	0	0	0
PF13739	Deacetylase PdaC	0	0	0	1	0	0	0	0	0	1	0	1	1	0	0	0	0	0	0	1	0	0	0	0	0	0	1	0	1	0	0	1	0	0	0	1	0	0	0	1	0	0
PF11738	Protein of unknown function (DUF3298)	0	0	0	1	0	0	0	0	0	1	0	1	0	0	0	0	0	0	0	1	0	0	0	0	0	0	1	0	0	0	0	1	0	0	0	0	0	0	0	1	0	0
PF14249	Tocopherol cyclase	0	0	0	1	0	0	0	0	0	0	0	0	0	0	0	0	0	0	0	0	0	0	0	0	0	0	0	0	0	0	0	0	0	0	0	0	0	0	0	0	0	0
PF05368	NmrA-like family	0	0	0	1	0	2	0	0	0	0	1	0	1	0	0	0	0	0	0	0	0	0	0	0	0	0	1	0	1	0	0	0	0	0	0	1	0	0	0	1	0	0
PF02698	DUF218 domain	0	0	0	1	1	0	1	0	0	2	0	2	2	0	0	0	0	0	0	2	0	0	0	1	0	0	1	1	1	0	1	1	0	0	0	1	0	1	1	1	0	0
PF08327	Activator of Hsp90 ATPase homolog 1-like protein	0	0	0	1	0	1	0	1	0	0	3	2	4	0	3	0	0	0	3	0	3	0	1	0	0	0	1	0	0	1	1	1	0	0	0	0	1	0	1	1	0	0
PF11726	Inovirus Gp2	0	0	0	2	0	0	1	0	0	2	0	0	0	0	0	0	0	0	0	4	0	0	0	0	0	0	0	1	0	1	0	2	0	0	0	0	1	1	0	0	0	0
PF12228	Protein of unknown function (DUF3604)	0	0	0	1	0	2	0	0	1	0	0	2	1	0	1	0	0	0	0	0	1	0	0	0	0	0	0	0	0	0	0	0	0	0	0	0	0	0	0	0	0	0
PF04030	D-arabinono-1,4-lactone oxidase	0	0	0	1	0	0	0	0	0	1	0	1	0	0	0	0	0	0	0	1	0	0	0	0	0	0	0	0	0	0	0	1	0	1	1	0	0	0	0	0	0	0
PF04170	NlpE N-terminal domain	0	0	0	1	0	0	0	0	0	1	0	0	0	0	0	0	0	0	0	1	0	0	0	0	0	0	0	0	0	0	0	1	0	0	0	0	0	0	0	0	0	0
PF02374	Anion-transporting ATPase	0	0	0	1	0	0	0	0	0	1	0	0	0	0	0	0	0	0	0	1	0	0	0	0	0	0	0	0	0	0	0	1	0	0	0	0	0	0	0	0	0	0
PF14718	Soluble lytic murein transglycosylase L domain	0	0	0	1	0	0	1	1	0	1	0	0	0	0	0	1	0	0	0	1	0	0	1	0	0	0	0	1	0	1	1	1	0	0	0	0	1	1	1	0	0	0
PF14567	SMI1-KNR4 cell-wall	0	0	0	1	0	0	0	0	1	1	0	0	0	0	0	0	0	0	0	1	0	0	0	0	0	0	0	0	0	0	0	1	0	0	0	0	0	0	0	0	0	0
PF13563	2'-5' RNA ligase superfamily	0	0	0	1	0	1	0	0	0	1	1	1	1	0	1	0	0	0	1	1	1	0	0	0	0	0	0	0	0	0	0	1	0	0	0	0	0	0	0	0	0	0
PF14281	PD-(D/E)XK nuclease superfamily	0	0	0	1	0	0	0	0	0	1	0	0	0	0	0	0	0	0	0	1	0	0	0	0	0	0	0	0	0	0	0	1	0	0	0	0	0	0	0	0	0	0
PF04221	RelB antitoxin	0	0	0	1	0	0	0	0	1	0	0	0	0	0	0	0	0	0	0	0	1	0	0	0	0	0	0	0	0	0	0	0	0	0	0	0	0	0	0	0	0	0
PF21217	Stability determinant	0	0	0	1	0	0	0	0	0	0	0	0	0	0	0	0	0	0	0	0	0	0	0	0	0	0	0	0	0	0	0	0	0	0	0	0	0	0	0	0	0	0
PF13551	Winged helix-turn helix	0	0	0	1	0	1	0	0	0	1	0	0	0	0	1	1	0	0	0	0	1	0	0	0	1	0	0	2	0	0	0	0	0	0	0	0	0	2	0	0	0	0
PF13852	Protein of unknown function (DUF4197)	0	0	0	1	0	1	0	0	0	1	1	1	1	0	0	0	0	0	1	1	0	0	0	0	0	0	1	0	1	0	0	1	0	0	0	1	0	0	0	1	0	0
PF11828	Protein of unknown function (DUF3348)	0	0	0	1	0	0	0	0	0	1	0	0	0	0	0	0	0	0	0	1	0	0	0	0	0	0	0	0	0	0	0	1	0	0	0	0	0	0	0	0	0	0
PF15937	prlF antitoxin for toxin YhaV_toxin	0	0	0	1	0	0	0	0	0	0	0	1	0	0	0	0	0	0	0	0	0	0	0	0	0	0	0	0	0	0	0	0	0	0	0	0	0	0	0	0	0	0
PF19671	Family of unknown function (DUF6174)	0	0	0	1	0	0	0	0	0	0	0	0	0	0	0	0	0	0	0	0	0	0	0	0	0	0	0	0	0	0	0	0	0	0	0	0	0	0	0	0	0	0
PF20112	Family of unknown function (DUF6502)	0	0	0	1	1	0	0	0	0	0	0	0	0	0	1	0	0	0	0	0	1	0	0	1	0	0	0	0	0	0	0	0	0	0	0	0	0	0	0	0	0	0
PF00856	SET domain	0	0	0	1	0	0	0	0	0	1	1	1	0	0	0	0	0	0	1	1	0	0	0	0	0	0	0	0	1	0	0	1	0	0	0	1	0	0	0	0	0	0
PF03806	AbgT putative transporter family	0	0	0	1	0	1	1	1	2	1	0	0	0	0	0	1	0	0	0	1	0	0	1	0	0	0	0	1	0	2	1	1	0	0	0	0	2	1	1	0	0	0
PF12345	Protein of unknown function (DUF3641)	0	0	0	1	0	0	0	0	0	1	0	0	0	0	0	0	0	0	0	1	0	0	0	0	0	0	1	0	1	0	0	1	0	0	0	1	0	0	0	1	0	0
PF03321	GH3 auxin-responsive promoter	0	0	0	1	0	0	1	1	0	1	2	0	0	0	0	0	0	0	2	1	0	0	1	0	0	0	3	1	3	0	0	1	0	0	0	3	0	1	0	3	0	0
PF09115	DNA polymerase III, delta subunit, C terminal	0	0	0	1	0	0	0	0	0	1	0	0	0	0	0	0	0	0	0	1	0	0	0	0	0	0	0	0	0	0	0	1	0	0	0	0	0	0	0	0	0	0
PF14234	Domain of unknown function (DUF4336)	0	0	0	1	0	0	0	0	0	1	0	0	0	0	0	0	0	0	0	1	0	0	0	0	0	0	0	0	0	0	0	1	0	0	0	0	0	0	0	0	0	0
PF00481	Protein phosphatase 2C	0	0	0	1	0	0	0	0	0	1	0	0	0	0	0	0	0	0	0	1	0	0	0	0	0	0	0	0	0	0	0	0	0	0	0	0	0	0	0	0	0	0
PF10636	Hemin uptake protein hemP	0	0	0	1	0	0	0	0	0	1	0	0	0	1	3	0	1	0	0	1	3	1	0	0	1	1	0	0	0	0	0	1	0	0	0	0	0	0	0	0	0	1
PF09955	Predicted integral membrane protein (DUF2189)	0	0	0	1	1	1	0	0	0	1	0	0	0	0	2	0	0	0	0	1	1	0	0	1	0	0	0	0	0	1	1	1	0	0	0	0	1	0	1	0	0	0
PF17899	Peptidase M61 N-terminal domain	0	0	0	1	0	0	0	0	0	1	1	0	0	0	0	0	0	0	1	1	0	0	0	0	0	0	2	0	1	1	1	1	0	0	0	1	1	0	1	2	0	0
PF05299	M61 glycyl aminopeptidase	0	0	0	1	0	0	0	0	0	1	1	0	0	0	0	0	0	0	1	1	0	0	0	0	0	0	2	0	1	1	1	1	0	0	0	1	1	0	1	2	0	0
PF13722	5TM C-terminal transporter carbon starvation CstA	0	0	0	1	0	0	0	0	0	1	0	0	0	0	0	0	0	0	0	1	0	0	0	0	0	0	0	0	0	0	1	1	0	0	0	0	0	0	1	0	0	0
PF02554	Carbon starvation protein CstA	0	0	0	1	0	0	0	0	0	1	0	0	0	0	0	0	0	0	0	1	0	0	0	0	0	0	0	0	0	0	1	1	0	0	0	0	0	0	1	0	0	0
PF14302	Domain of unknown function (DUF4377)	0	0	0	1	0	0	0	1	0	0	0	0	0	0	0	0	0	0	0	0	0	0	1	0	0	0	1	0	0	0	0	1	0	0	0	0	0	0	0	1	0	0
PF03922	OmpW family	0	0	0	2	0	1	1	1	0	1	0	1	2	1	0	1	0	0	0	1	0	1	0	0	0	0	0	1	1	1	1	1	0	1	1	1	1	1	1	0	0	0
PF06966	Protein of unknown function (DUF1295)	0	0	0	1	0	0	0	0	0	1	0	0	0	1	0	0	0	1	0	1	0	1	0	0	0	0	0	0	0	0	0	1	0	0	0	0	0	0	0	0	0	0
PF05982	Na+-dependent bicarbonate transporter superfamily	0	0	0	1	1	1	0	0	1	0	0	0	0	1	1	0	0	0	0	0	1	1	0	1	0	0	1	0	0	2	0	0	0	1	1	0	2	0	0	1	0	0
PF01473	Putative cell wall binding repeat	0	0	0	1	0	0	0	0	0	0	0	0	0	0	0	0	0	0	0	0	0	0	0	0	0	0	0	0	0	0	0	0	0	0	0	0	0	0	0	0	0	0
PF08212	Lipocalin-like domain	0	0	0	2	1	1	0	1	1	2	0	0	1	0	0	0	0	0	0	3	0	0	2	1	0	0	0	1	0	0	1	2	0	0	0	0	0	1	1	0	0	0
PF21213	Primosomal protein N'-like, winged helix	0	0	0	1	0	0	0	0	0	1	0	0	0	0	0	0	0	0	0	1	0	0	0	0	0	0	0	0	0	0	0	1	0	0	0	0	0	0	0	0	0	0
PF14760	Rnk N-terminus	0	0	0	1	0	0	0	0	0	1	0	0	0	0	0	0	0	0	0	1	0	0	0	0	0	0	0	0	0	0	0	1	0	0	0	0	0	0	0	0	0	0
PF13528	Glycosyl transferase family 1	0	0	0	1	0	0	0	0	1	0	0	0	0	0	0	1	0	0	0	0	0	0	0	0	0	0	0	0	0	1	1	0	0	0	0	0	1	0	1	0	0	0
PF12276	Protein of unknown function (DUF3617)	0	0	0	1	0	0	0	0	0	0	0	0	0	0	0	0	0	0	0	0	0	0	0	0	0	0	0	0	0	0	0	1	0	0	0	0	0	0	0	0	0	0
PF00419	Fimbrial protein	0	0	0	1	0	0	0	0	0	2	0	0	0	0	0	0	0	0	0	2	0	0	0	0	0	0	0	0	0	0	0	0	0	0	0	0	0	0	0	0	0	0
PF06123	Inner membrane protein CreD	0	0	0	1	0	0	0	0	0	1	1	1	1	0	0	0	0	0	1	1	0	0	0	0	0	0	0	0	0	0	0	1	0	0	0	0	0	0	0	0	0	0
PF14248	Domain of unknown function (DUF4345)	0	0	0	1	0	4	0	0	0	0	0	1	2	0	1	0	0	0	0	0	1	0	0	0	0	0	0	1	1	0	0	2	0	0	0	1	0	1	0	0	0	0
PF12843	Putative quorum-sensing-regulated virulence factor	0	0	0	1	0	0	1	1	1	1	1	0	0	0	0	0	0	0	1	1	0	0	1	0	0	0	1	1	1	1	1	1	0	0	0	1	1	1	1	1	0	0
PF09656	Putative transmembrane protein (PGPGW)	0	0	0	1	0	0	0	1	0	1	0	0	0	0	0	1	0	0	0	1	0	0	0	0	0	0	0	0	0	1	1	0	0	0	0	0	1	0	1	0	0	0
PF07308	Protein of unknown function (DUF1456)	0	0	0	1	0	0	0	1	1	1	0	0	0	0	0	1	0	0	1	1	0	0	1	0	0	0	1	1	1	1	1	1	0	0	0	1	1	1	1	1	0	0
PF16968	Pilus assembly protein TadZ N-terminal	0	0	0	1	0	0	0	0	0	1	0	0	0	0	0	0	0	1	0	1	0	0	0	0	0	0	0	0	0	0	0	1	0	0	0	0	0	0	0	0	0	0
PF12060	Domain of unknown function (DUF3541)	0	0	0	1	0	0	0	0	0	0	0	0	0	0	0	0	0	1	0	0	0	0	0	0	0	0	0	0	0	0	0	0	0	0	0	0	0	0	0	0	0	0
PF08856	Protein of unknown function (DUF1826)	0	0	0	1	0	1	0	0	0	1	0	0	0	0	2	0	0	0	0	1	2	0	0	0	0	1	0	0	0	0	1	1	0	0	0	0	0	0	1	0	0	1
PF07607	Protein of unknown function (DUF1570)	0	0	0	1	0	0	0	0	0	1	0	0	0	0	0	0	0	0	0	1	0	0	0	0	0	0	0	0	0	0	0	1	0	0	0	0	0	0	0	0	0	0
PF09588	YqaJ-like viral recombinase domain	0	0	0	2	0	0	1	0	0	2	0	0	0	0	0	0	0	2	0	4	0	0	0	0	0	0	0	1	0	1	0	3	0	0	0	0	1	1	0	0	0	0
PF19931	Family of unknown function (DUF6394)	0	0	0	1	0	0	0	0	0	0	0	0	0	0	0	0	0	0	0	0	0	0	0	0	0	0	0	0	0	0	0	0	0	0	0	0	0	0	0	0	0	0
PF13176	Tetratricopeptide repeat	0	0	0	1	0	0	0	0	1	1	0	1	2	1	0	1	0	0	0	1	0	1	0	0	0	0	3	0	1	1	1	0	0	1	1	1	1	0	1	3	0	0
PF03243	Alkylmercury lyase	0	0	0	1	0	0	0	0	0	1	0	0	0	0	1	0	0	0	0	2	0	0	0	0	0	0	0	0	0	0	0	0	0	0	0	0	0	0	0	0	0	0
PF14824	Sirohaem biosynthesis protein central	0	0	0	1	0	0	0	1	0	1	0	0	0	0	0	0	0	0	0	1	0	0	1	0	0	0	0	1	0	0	0	1	0	0	0	0	0	1	0	0	0	0
PF03923	Uncharacterized lipoprotein	0	0	0	1	0	0	1	1	0	1	0	0	0	0	0	0	0	0	0	1	0	0	0	0	0	0	0	1	0	0	0	1	0	0	0	0	0	1	0	0	0	0
PF17929	Tetracyclin repressor-like, C-terminal domain	0	0	0	1	0	0	0	0	0	1	0	0	0	0	0	0	0	0	0	1	0	0	0	0	0	0	0	0	0	0	0	1	0	0	0	0	0	0	0	0	0	0
PF18483	Bacterial lectin	0	0	0	1	0	0	0	0	0	1	0	0	0	0	0	0	0	1	0	1	0	0	0	0	0	0	0	0	0	0	0	1	0	0	0	0	0	0	0	0	0	0
PF18651	Surface adhesin CshA non-repetitive domain 2	0	0	0	1	0	0	0	0	0	1	0	1	0	0	0	0	0	1	0	1	0	0	0	0	0	0	0	0	0	0	0	1	0	0	0	0	0	0	0	0	0	0
PF02870	6-O-methylguanine DNA methyltransferase, ribonuclease-like domain	0	0	0	1	0	0	0	0	0	0	0	0	0	0	0	1	0	0	0	0	0	0	0	0	0	0	1	0	0	1	0	0	0	0	0	0	1	0	0	1	0	0
PF11158	Protein of unknown function (DUF2938)	0	0	0	1	0	0	0	0	0	0	0	0	0	0	0	0	0	0	0	0	0	0	0	0	0	0	0	0	0	0	1	1	0	0	0	0	0	0	1	0	0	0
PF13574	Metallo-peptidase family M12B Reprolysin-like	0	0	0	1	0	0	0	0	0	0	0	0	0	0	0	0	0	0	0	0	0	0	0	0	0	0	0	0	0	0	0	0	0	0	0	0	0	0	0	0	0	0
PF18297	NFACT protein RNA binding domain	0	0	0	1	0	0	0	0	0	1	0	0	0	0	0	0	0	0	0	1	0	0	0	0	0	0	0	0	0	0	0	1	0	0	0	0	0	0	0	0	0	0
PF16970	Type-1 fimbrial protein, A	0	0	0	1	0	0	0	0	0	0	0	0	0	0	0	0	0	0	0	0	0	0	0	0	0	0	0	0	0	0	0	0	0	0	0	0	0	0	0	0	0	0
PF18546	Methanogen output domain 1	0	0	0	1	0	0	0	0	0	0	0	0	0	0	0	0	0	0	0	0	0	0	0	0	0	0	0	0	0	0	1	0	0	0	0	0	0	0	1	0	0	0
PF12088	Protein of unknown function (DUF3565)	0	0	0	1	0	0	0	0	0	0	0	0	0	0	0	0	0	0	0	0	0	0	0	0	0	0	0	0	0	0	0	1	0	0	0	0	0	0	0	0	0	0
PF01674	Lipase (class 2)	0	0	0	1	0	0	0	0	0	0	0	0	0	0	0	0	0	0	0	0	0	0	0	0	0	0	0	0	0	0	0	0	0	0	0	0	0	0	0	0	0	0
PF10400	Virulence activator alpha C-term	0	0	0	1	0	0	0	0	0	1	0	0	0	0	0	0	0	0	0	1	0	0	0	0	0	0	0	0	0	0	0	1	0	0	0	0	0	0	0	0	0	0
PF03551	Transcriptional regulator PadR-like family	0	0	0	1	0	0	0	0	0	1	1	1	1	0	0	0	0	0	1	1	0	0	0	0	0	0	1	0	3	0	0	1	0	0	0	3	0	0	0	1	0	0
PF00042	Globin	0	0	0	1	0	1	0	0	0	1	0	1	0	1	0	0	0	0	0	0	0	1	0	0	0	0	0	0	0	0	0	1	0	0	0	0	0	0	0	0	0	0
PF09685	Domain of unknown function (DUF4870)	0	0	0	1	0	0	1	0	1	1	0	0	0	0	0	0	0	0	1	1	0	0	0	0	0	0	2	1	2	0	1	1	0	0	0	2	0	1	1	2	0	0
PF04237	YjbR	0	0	0	1	0	2	1	1	0	1	1	1	1	0	1	1	0	0	1	1	1	0	1	0	0	0	0	1	1	1	0	1	0	0	0	1	1	1	0	0	0	0
PF14106	Domain of unknown function (DUF4279)	0	0	0	1	0	0	0	0	0	1	0	0	0	0	0	0	0	0	0	1	0	0	0	0	0	0	0	0	0	0	0	1	0	0	0	0	0	0	0	0	0	0
PF06912	Protein of unknown function (DUF1275)	0	0	0	1	0	0	1	1	0	1	0	0	0	0	0	0	0	0	0	1	0	0	1	0	0	0	0	1	1	0	0	2	0	0	0	1	0	1	0	0	0	0
PF20487	Family of unknown function (DUF6726)	0	0	0	1	0	0	0	0	0	0	0	0	0	0	0	0	0	0	0	0	0	0	0	0	0	0	0	0	0	0	0	1	0	0	0	0	0	0	0	0	0	0
PF13784	Fic/DOC family N-terminal	0	0	0	1	0	0	2	0	0	0	0	0	0	0	0	0	0	0	0	0	0	0	0	0	0	0	0	2	0	0	0	0	0	0	0	0	0	2	0	0	0	0
PF21248	Protein adenylyltransferase SoFic-like, C-terminal domain	0	0	0	1	0	0	0	0	0	0	0	0	0	0	0	0	0	0	0	0	0	0	0	0	0	0	0	0	0	0	0	0	0	0	0	0	0	0	0	0	0	0
PF16691	Domain of unknown function (DUF5062)	0	0	0	1	0	0	0	0	0	1	0	0	0	0	0	1	0	0	0	1	0	0	0	0	0	0	0	0	0	1	0	1	0	0	0	0	1	0	0	0	0	0
PF05567	Neisseria PilC beta-propeller domain	0	0	0	1	0	0	0	1	0	1	0	0	0	0	0	1	0	0	0	2	0	0	1	0	0	0	0	1	0	1	1	1	0	0	0	0	1	1	1	0	0	0
PF13271	Domain of unknown function (DUF4062)	0	0	0	1	0	0	0	1	0	2	0	0	0	0	0	0	0	1	0	1	0	0	1	0	0	0	0	2	0	0	0	1	0	0	0	0	0	2	0	0	0	0
PF11893	Domain of unknown function (DUF3413)	0	0	0	1	0	0	0	0	0	0	0	0	0	0	0	1	0	0	0	0	0	0	0	0	0	0	0	0	0	1	1	0	0	0	0	0	1	0	1	0	0	0
PF09980	Predicted membrane protein (DUF2214)	0	0	0	1	0	0	0	0	0	1	0	0	0	0	0	0	0	0	0	1	0	0	0	0	0	0	0	0	0	0	0	1	0	0	0	0	0	0	0	0	0	0
PF03055	Retinal pigment epithelial membrane protein	0	0	0	1	0	1	0	0	0	0	0	0	1	0	0	0	0	0	0	0	0	0	0	0	0	0	0	0	0	0	0	0	0	0	0	0	0	0	0	0	0	0
PF06906	Protein of unknown function (DUF1272)	0	0	0	2	0	1	0	0	0	0	0	1	1	0	0	0	0	0	0	0	0	0	0	0	0	0	0	0	0	1	0	0	0	0	0	0	1	0	0	0	0	0
PF14110	Domain of unknown function (DUF4282)	0	0	0	3	0	1	0	0	0	2	0	0	0	0	0	0	0	0	0	2	0	0	0	0	0	0	0	0	0	0	0	2	0	0	0	0	0	0	0	0	0	0
PF00014	Kunitz/Bovine pancreatic trypsin inhibitor domain	0	0	0	1	0	0	0	0	0	0	0	0	0	0	0	0	0	0	0	0	0	0	0	0	0	0	0	0	0	0	0	1	0	0	0	0	0	0	0	0	0	0
PF06794	Uncharacterised protein family (UPF0270)	0	0	0	1	0	0	2	0	1	1	0	0	0	0	0	0	0	0	0	1	0	0	1	0	0	0	0	0	0	1	1	1	0	0	0	0	1	0	1	0	0	0
PF20090	Family of unknown function (DUF6482)	0	0	0	1	0	0	1	1	0	0	0	0	0	0	0	2	0	0	0	0	0	0	1	0	0	0	0	1	0	2	2	0	0	0	0	0	2	1	2	0	0	0
PF07869	Protein of unknown function (DUF1656)	0	0	0	1	0	0	0	0	0	2	0	0	0	0	0	0	0	0	0	2	0	0	0	0	0	0	0	0	0	0	0	1	0	0	0	0	0	0	0	0	0	0
PF17831	Pyruvate dehydrogenase E1 component middle domain	0	0	0	1	0	0	1	1	1	1	0	0	0	0	0	1	0	0	0	2	0	0	1	0	0	0	0	1	0	1	1	1	0	0	0	0	1	1	1	0	0	0
PF09493	Tryptophan-rich protein (DUF2389)	0	0	0	1	0	0	1	0	1	0	0	0	0	0	0	0	0	0	0	0	0	0	0	0	0	0	0	1	0	0	1	0	0	0	0	0	0	1	1	0	0	0
PF13992	YecR-like lipoprotein	0	0	0	1	0	0	0	0	0	0	0	0	0	0	0	0	0	0	0	0	0	0	0	0	0	0	0	0	0	0	0	1	0	0	0	0	0	0	0	0	0	0
PF01972	Serine dehydrogenase proteinase	0	0	0	1	1	0	0	0	0	0	0	0	0	0	0	0	0	0	0	0	0	0	0	1	0	0	0	0	0	0	0	0	0	0	0	0	0	0	0	0	0	0
PF01865	Protein of unknown function DUF47	0	0	0	1	0	0	0	0	1	0	0	0	0	0	0	0	0	0	0	0	0	0	0	0	0	0	0	0	0	0	0	1	0	0	0	0	0	0	0	0	0	0
PF06189	5'-nucleotidase	0	0	0	1	0	0	0	0	1	1	0	0	0	0	0	0	0	0	0	1	0	0	0	0	0	0	0	0	0	0	0	1	0	0	0	0	0	0	0	0	0	0
PF00871	Acetokinase family	0	0	0	1	1	0	2	0	1	0	0	1	0	0	0	0	0	0	0	0	0	0	0	1	1	0	0	1	0	0	1	0	0	0	0	0	0	1	1	0	0	0
PF01835	MG2 domain	0	0	0	1	1	1	0	1	1	1	0	1	1	0	1	2	0	0	0	1	1	0	0	1	0	0	1	0	2	1	0	1	0	1	1	2	1	0	0	1	0	0
PF07703	Alpha-2-macroglobulin bait region domain	0	0	0	1	1	1	0	1	1	1	0	1	1	1	1	2	0	0	0	1	1	1	0	1	0	0	1	0	2	1	0	1	0	1	1	2	1	0	0	1	0	0
PF00207	Alpha-2-macroglobulin family	0	0	0	1	1	1	0	1	1	1	0	1	1	1	1	2	0	0	0	1	1	1	0	1	0	0	1	0	2	1	0	1	0	1	1	2	1	0	0	1	0	0
PF07678	A-macroglobulin TED domain	0	0	0	1	1	1	0	1	0	1	0	1	0	1	1	0	0	0	0	1	1	1	0	1	0	0	0	0	1	0	0	1	0	1	1	1	0	0	0	0	0	0
PF17972	Bacterial Alpha-2-macroglobulin MG5 domain	0	0	0	1	1	1	0	1	1	1	0	1	1	1	1	1	0	0	0	1	1	1	0	1	0	0	1	0	1	1	0	1	0	1	1	1	1	0	0	1	0	0
PF17962	Bacterial macroglobulin domain 6	0	0	0	1	1	1	0	1	1	1	0	1	1	1	1	1	0	0	0	1	1	1	0	1	0	0	1	0	1	0	0	1	0	1	1	1	0	0	0	1	0	0
PF17973	Bacterial Alpha-2-macroglobulin MG10 domain	0	0	0	1	1	1	0	1	1	1	0	1	1	1	1	2	0	0	0	1	1	1	0	1	0	0	1	0	2	1	0	1	0	1	1	2	1	0	0	1	0	0
PF11974	Bacterial alpha-2-macroglobulin MG3 domain	0	0	0	1	1	1	0	1	1	1	0	1	1	0	1	2	0	0	0	1	1	0	0	1	0	0	1	0	1	1	0	1	0	1	1	1	1	0	0	1	0	0
PF03934	Type II secretion system (T2SS), protein K	0	0	0	1	0	1	0	1	0	1	0	1	1	0	0	1	0	0	0	1	0	0	1	0	0	0	0	0	0	1	1	1	0	0	0	0	1	0	1	0	0	0
PF21687	Type II secretion system (T2SS), protein K	0	0	0	1	0	1	0	1	1	1	0	1	1	0	0	1	0	0	0	1	0	0	1	0	0	0	0	0	0	1	1	1	0	0	0	0	1	0	1	0	0	0
PF14493	Helix-turn-helix domain	0	0	0	1	0	0	0	0	0	1	1	0	0	0	0	0	0	0	1	1	0	0	0	0	0	0	1	0	1	0	0	1	0	0	0	1	0	0	0	1	0	0
PF04632	Fusaric acid resistance protein family	0	0	0	1	0	0	0	0	0	2	0	0	0	0	1	0	0	0	0	2	1	0	0	0	0	0	0	0	0	0	0	1	0	0	0	0	0	0	0	0	0	0
PF07233	Protein of unknown function (DUF1425)	0	0	0	1	0	0	0	0	0	1	0	0	0	0	0	0	0	0	0	1	0	0	0	0	0	0	0	0	0	0	0	1	0	0	0	0	0	0	0	0	0	0
PF13600	N-terminal domain of unknown function (DUF4140)	0	0	0	1	1	0	0	0	0	1	1	0	0	0	1	0	0	0	1	1	1	0	0	1	0	0	0	0	0	0	0	1	0	0	0	0	0	0	0	0	0	0
PF13598	Domain of unknown function (DUF4139)	0	0	0	1	1	0	0	0	0	1	1	0	0	0	1	0	0	0	1	1	1	0	0	1	0	0	0	0	0	0	0	1	0	0	0	0	0	0	0	0	0	0
PF14258	Domain of unknown function (DUF4350)	0	0	0	1	0	0	0	0	0	1	0	0	0	0	0	0	0	0	0	1	0	0	0	0	0	0	1	0	0	0	0	1	0	0	0	0	0	0	0	1	0	0
PF03168	Late embryogenesis abundant protein	0	0	0	1	0	0	1	1	0	1	0	0	0	0	0	1	0	0	0	1	0	0	1	0	0	0	0	1	0	1	0	1	0	0	0	0	1	1	0	0	0	0
PF21135	Oxidoreductase DRL, catalytic domain	0	0	0	1	0	0	0	0	0	0	0	0	0	0	0	0	0	0	0	0	0	0	0	0	0	1	0	0	0	0	0	0	0	0	0	0	0	0	0	0	0	1
PF06934	Fatty acid cis/trans isomerase (CTI)	0	0	0	1	0	0	2	0	0	1	0	0	0	0	0	0	0	0	0	1	0	0	1	0	0	0	0	1	0	0	1	1	0	0	0	0	0	1	1	0	0	0
PF03747	ADP-ribosylglycohydrolase	0	0	0	1	0	1	0	0	0	0	0	0	0	0	0	0	0	0	0	0	0	0	0	0	0	0	0	1	0	0	1	1	0	0	0	0	0	1	1	0	0	0
PF18911	PKD domain	0	0	0	1	0	1	0	0	3	1	1	0	0	0	0	0	0	0	1	1	0	0	0	0	0	0	3	0	5	0	1	1	0	0	0	5	0	0	1	3	0	0
PF17954	Quercetinase C-terminal cupin domain	0	0	0	1	0	1	0	1	0	0	0	1	1	0	0	0	0	0	0	0	0	0	1	0	0	0	0	0	1	0	1	0	0	0	0	1	0	0	1	0	0	0
PF08870	DNA sulphur modification protein DndE	0	0	0	1	0	0	0	0	0	0	0	0	0	0	0	0	0	0	0	0	0	0	0	0	0	0	1	0	0	0	0	0	0	0	0	0	0	0	0	0	0	0
PF05728	Uncharacterised protein family (UPF0227)	0	0	0	1	0	0	0	1	2	1	0	0	0	0	0	0	0	1	0	1	0	0	1	0	0	0	0	0	0	1	1	1	0	0	0	0	1	0	1	0	0	0
PF10108	Predicted 3'-5' exonuclease related to the exonuclease domain of PolB	0	0	0	1	0	0	0	0	0	1	1	0	0	0	0	0	0	0	1	1	0	0	0	0	0	0	1	0	1	0	0	1	0	0	0	1	0	0	0	1	0	0
PF02450	Lecithin:cholesterol acyltransferase	0	0	0	1	0	0	0	0	0	0	0	0	0	0	0	0	0	0	0	0	0	0	0	0	0	0	1	0	0	0	0	0	0	0	0	0	0	0	0	1	0	0
PF16911	Phthiocerol/phthiodiolone dimycocerosyl transferase C-terminus	0	0	0	1	0	0	0	0	0	0	0	0	0	0	0	0	0	0	0	0	0	0	0	0	0	0	0	0	0	0	0	0	0	0	0	0	0	0	0	0	0	0
PF14345	GDYXXLXY protein	0	0	0	1	0	0	0	0	0	0	0	0	0	0	0	1	0	0	0	0	0	0	0	0	0	0	0	0	0	1	0	1	0	0	0	0	1	0	0	0	0	0
PF03626	Prokaryotic Cytochrome C oxidase subunit IV	0	0	0	1	0	0	0	0	0	1	1	0	0	0	0	0	0	0	1	1	0	0	0	0	0	1	1	0	1	1	0	1	0	0	0	1	1	0	0	1	0	1
PF12411	Choline sulfatase enzyme C terminal	0	0	0	0	1	0	0	0	0	0	0	0	0	0	1	0	0	0	0	0	1	0	0	1	0	1	0	0	0	0	0	0	0	0	0	0	0	0	0	0	0	1
PF18910	Domain of unknown function (DUF5665)	0	0	0	0	1	0	0	0	0	0	0	0	0	0	0	0	0	0	0	0	0	0	0	1	0	0	0	0	0	0	0	0	0	0	0	0	0	0	0	0	0	0
PF13230	Glutamine amidotransferases class-II	0	0	0	0	1	0	0	0	0	0	0	0	0	0	0	0	0	0	0	0	0	0	0	1	0	1	0	0	0	0	1	0	0	0	0	0	0	0	1	0	0	1
PF17336	Family of unknown function (DUF5368)	0	0	0	0	2	0	0	0	0	0	0	0	0	0	0	0	0	0	0	0	0	0	0	2	0	0	0	0	0	0	0	0	0	0	0	0	0	0	0	0	0	0
PF02668	Taurine catabolism dioxygenase TauD, TfdA family	0	0	0	0	3	4	0	3	1	0	0	4	1	0	4	0	0	0	0	0	3	0	3	3	0	1	0	0	0	0	1	0	0	0	0	0	0	0	1	0	0	1
PF03595	Voltage-dependent anion channel	0	0	0	0	1	0	0	0	0	0	0	0	0	0	0	0	0	0	0	0	0	1	0	1	0	0	0	0	0	0	0	0	0	0	0	0	0	0	0	0	0	0
PF02502	Ribose/Galactose Isomerase	0	0	0	0	1	0	0	0	0	0	1	0	1	1	1	0	0	0	1	0	1	1	0	1	1	1	1	0	1	0	0	0	0	1	1	1	0	0	0	1	0	1
PF12000	Glycosyl transferase family 4 group	0	0	0	0	1	0	0	0	0	0	0	0	0	2	1	0	0	0	0	0	2	2	0	1	1	2	0	0	0	0	0	0	0	0	0	0	0	0	0	0	0	2
PF20331	Family of unknown function (DUF6626)	0	0	0	0	3	0	0	0	0	0	0	0	0	0	0	0	0	0	0	0	0	0	0	1	0	0	0	0	0	0	0	0	0	0	0	0	0	0	0	0	0	0
PF19883	Family of unknown function (DUF6356)	0	0	0	0	1	0	0	0	0	0	0	0	0	0	1	0	0	0	0	0	1	0	0	1	0	0	0	0	0	0	0	0	0	0	0	0	0	0	0	0	0	0
PF19420	N,N dimethylarginine dimethylhydrolase, eukaryotic	0	0	0	0	1	0	0	0	0	0	1	0	0	0	0	0	0	0	1	0	0	0	0	1	0	0	2	0	2	0	0	0	0	0	0	2	0	0	0	2	0	0
PF01219	Prokaryotic diacylglycerol kinase	0	0	0	0	2	0	0	0	0	0	1	0	0	0	1	1	0	0	1	0	0	0	0	2	0	0	1	0	1	2	0	0	0	0	0	1	2	0	0	1	0	0
PF01607	Chitin binding Peritrophin-A domain	0	0	0	0	1	0	0	0	0	0	0	0	0	0	0	0	0	0	0	0	0	0	0	1	0	0	0	0	0	0	0	0	0	0	0	0	0	0	0	0	0	0
PF20319	Family of unknown function (DUF6614)	0	0	0	0	1	0	0	0	0	0	0	1	1	1	0	0	0	0	0	0	0	1	0	1	0	0	0	0	0	0	0	0	0	1	1	0	0	0	0	0	0	0
PF11157	Protein of unknown function (DUF2937)	0	0	0	0	1	0	0	0	0	0	0	0	0	0	1	0	0	0	0	0	1	0	0	1	0	0	0	0	0	1	1	0	0	0	0	0	1	0	1	0	0	0
PF10013	Uncharacterized protein conserved in bacteria (DUF2256)	0	0	0	0	1	0	0	0	1	0	0	0	0	0	0	0	0	0	0	0	0	0	0	1	0	1	0	0	0	0	0	0	0	0	0	0	0	0	0	0	0	1
PF13578	Methyltransferase domain	0	0	0	0	1	0	0	0	1	0	0	0	0	0	1	0	0	0	1	0	0	0	0	1	0	0	2	0	1	0	0	0	0	0	0	1	0	0	0	2	0	0
PF02586	SOS response associated peptidase (SRAP)	0	0	0	0	1	1	0	0	0	0	0	2	1	0	2	0	0	0	0	0	2	0	0	1	1	1	2	0	0	1	1	0	0	0	0	0	1	0	1	2	0	0
PF13687	Domain of unknown function (DUF4153)	0	0	0	0	2	0	0	0	1	0	0	0	0	1	1	0	0	0	0	0	1	0	0	2	0	0	2	0	0	0	0	0	0	0	0	0	0	0	0	2	0	0
PF09594	Glycosyltransferase family 87	0	0	0	0	2	0	0	0	0	0	0	0	0	0	0	0	0	0	0	0	0	0	0	2	0	0	0	0	0	0	0	0	0	0	0	0	0	0	0	0	0	0
PF11316	Putative rhamnosyl transferase	0	0	0	0	2	0	0	0	0	0	0	0	0	2	1	0	0	0	0	0	1	0	0	2	0	1	0	0	0	0	0	0	0	2	2	0	0	0	0	0	0	1
PF02274	Arginine deiminase	0	0	0	0	1	0	0	0	1	0	0	0	0	1	0	0	0	0	0	0	0	1	0	1	1	0	0	0	0	0	0	0	0	0	0	0	0	0	0	0	0	0
PF20465	MmeI, helicase spacer domain	0	0	0	0	2	0	0	0	0	0	0	1	2	0	0	0	0	0	0	0	0	0	0	2	0	0	0	0	0	0	0	0	0	0	0	0	0	0	0	0	0	0
PF20473	MmeI, DNA-methyltransferase domain	0	0	0	0	1	0	0	0	0	0	0	1	2	0	0	0	0	1	0	1	0	0	0	1	0	0	0	0	3	0	0	0	0	0	0	3	0	0	0	0	0	0
PF20464	MmeI, N-terminal domain	0	0	0	0	2	0	0	0	0	0	0	0	1	0	0	0	0	0	0	0	0	0	0	2	0	0	1	0	0	0	0	0	0	0	0	0	0	0	0	1	0	0
PF08521	Two-component sensor kinase N-terminal	0	0	0	0	1	0	0	0	0	1	0	0	0	1	0	0	0	0	0	1	0	1	0	1	1	2	0	0	0	0	0	0	0	0	0	0	0	0	0	0	0	2
PF08020	Protein of unknown function (DUF1706)	0	0	0	0	2	0	0	0	0	0	0	0	0	0	0	0	0	0	0	0	0	0	0	2	0	0	0	0	0	0	0	0	0	0	0	0	0	0	0	0	0	0
PF13670	Peptidase propeptide and YPEB domain	0	0	0	0	1	0	1	1	0	0	0	0	1	0	1	0	0	0	0	0	1	0	1	1	0	2	0	1	0	0	2	0	0	0	0	0	0	1	2	0	0	2
PF08547	Complex I intermediate-associated protein 30 (CIA30)	0	0	0	0	1	2	0	0	0	0	0	0	0	0	1	1	0	0	0	0	1	0	0	1	0	0	1	0	1	2	0	0	0	0	0	1	2	0	0	1	0	0
PF13362	Toprim domain	0	0	0	0	1	1	0	0	0	1	0	0	1	0	0	0	0	0	0	1	0	0	0	1	0	0	0	1	0	0	0	1	0	0	0	0	0	1	0	0	0	0
PF04193	PQ loop repeat	0	0	0	0	1	1	0	0	0	0	0	1	1	1	0	0	0	0	0	0	0	1	0	1	0	0	1	0	0	0	0	0	0	1	1	0	0	0	0	1	0	0
PF19798	Sulfotransferase domain	0	0	0	0	1	1	0	0	0	0	0	0	0	0	1	1	0	0	0	0	1	0	0	1	0	0	0	0	0	1	0	0	0	0	0	0	1	0	0	0	0	0
PF11127	Inner membrane protein YgaP-like, transmembrane domain	0	0	0	0	1	0	1	1	0	1	0	1	1	1	0	2	0	1	1	0	0	1	1	1	0	1	0	1	3	4	1	0	0	1	1	3	4	1	1	0	0	1
PF04230	Polysaccharide pyruvyl transferase	0	0	0	0	1	0	0	0	0	1	1	0	0	1	1	0	0	0	1	2	1	1	0	1	0	0	1	0	1	1	3	0	0	0	0	1	1	0	3	1	0	0
PF17392	Urocanase C-terminal domain	0	0	0	0	1	0	0	0	1	0	1	1	0	1	1	1	0	0	1	0	1	1	0	1	1	0	1	0	1	1	0	0	0	0	0	1	1	0	0	1	0	0
PF01175	Urocanase Rossmann-like domain	0	0	0	0	1	0	0	0	1	0	1	1	0	1	1	1	0	0	1	0	1	1	0	1	1	0	1	0	1	1	0	0	0	0	0	1	1	0	0	1	0	0
PF17391	Urocanase N-terminal domain	0	0	0	0	1	0	0	0	1	0	1	1	0	1	1	1	0	0	1	0	1	1	0	1	1	0	1	0	1	1	0	0	0	0	0	1	1	0	0	1	0	0
PF07277	SapC	0	0	0	0	1	1	0	0	1	0	0	2	2	0	0	2	0	0	0	0	0	0	0	1	0	0	0	0	0	3	2	0	0	0	0	0	3	0	1	0	0	0
PF02571	Precorrin-6x reductase CbiJ/CobK	0	0	0	0	1	0	0	0	0	0	0	0	0	0	2	0	0	0	0	0	2	0	0	1	2	1	0	0	0	0	0	0	0	0	0	0	0	0	0	0	0	1
PF10932	Protein of unknown function (DUF2783)	0	0	0	0	1	0	0	0	0	0	0	0	0	1	1	0	0	0	0	0	1	1	0	1	0	0	0	0	0	0	0	0	0	1	1	0	0	0	0	0	0	0
PF04976	DMSO reductase anchor subunit (DmsC)	0	0	0	0	1	0	0	0	0	0	0	0	0	0	1	0	0	0	0	0	1	0	0	1	0	0	0	0	0	0	0	0	0	0	0	0	0	0	0	0	0	0
PF07701	Heme NO binding associated	0	0	0	0	1	0	0	0	0	0	0	0	0	0	0	0	0	0	0	0	0	0	0	1	0	0	0	0	0	0	0	0	0	0	0	0	0	0	0	0	0	0
PF13761	Domain of unknown function (DUF4166)	0	0	0	0	1	1	0	0	0	0	0	0	1	0	0	0	0	0	0	0	0	1	0	1	0	0	0	0	0	0	0	0	0	0	0	0	0	0	0	0	0	0
PF19866	Family of unknown function (DUF6339)	0	0	0	0	1	0	0	0	0	0	0	0	0	0	0	0	0	0	0	0	0	0	0	1	0	0	0	0	0	0	0	1	0	0	0	0	0	0	0	0	0	0
PF01697	Glycosyltransferase family 92	0	0	0	0	1	0	0	0	0	0	0	0	0	0	0	0	0	0	0	0	0	0	0	1	0	0	0	0	0	0	0	0	0	0	0	0	0	0	0	0	0	0
PF21142	Bacterial alpha-2 macroglobulin MG2 domain	0	0	0	0	1	1	0	1	1	0	0	1	1	1	1	0	0	0	0	0	1	1	0	1	0	0	0	0	0	0	0	0	0	1	1	0	0	0	0	0	0	0
PF00024	PAN domain	0	0	0	0	1	0	0	0	0	0	0	0	0	1	1	0	0	0	0	0	1	1	0	1	0	0	0	0	0	0	0	0	0	1	1	0	0	0	0	0	0	0
PF19263	Family of unknown function (DUF5906)	0	0	0	0	1	1	0	0	0	0	0	0	0	0	0	0	0	0	0	0	0	0	0	1	0	0	0	1	1	0	0	1	0	1	1	1	0	1	0	0	0	0
PF07976	Phenol hydroxylase, C-terminal dimerisation domain	0	0	0	0	1	0	0	0	0	0	0	0	0	1	1	0	0	0	0	0	1	1	0	1	0	0	0	0	0	0	0	0	0	0	0	0	0	0	0	0	0	0
PF12823	Domain of unknown function (DUF3817)	0	0	0	0	1	0	0	0	0	0	0	0	0	0	0	0	0	0	0	0	0	0	0	1	0	0	1	0	1	0	0	0	0	0	0	1	0	0	0	1	0	0
PF14384	BrnA antitoxin of type II toxin-antitoxin system	0	0	0	0	1	0	0	0	0	0	0	0	0	0	0	0	0	0	0	0	0	0	0	1	0	0	0	1	0	0	0	0	0	0	0	0	0	1	0	0	0	0
PF14338	Mrr N-terminal domain	0	0	0	0	1	0	1	0	0	0	0	0	0	0	0	0	0	0	0	0	0	0	0	1	0	0	0	1	0	0	0	0	0	0	0	0	0	1	0	0	0	0
PF04471	Restriction endonuclease	0	0	0	0	1	0	1	0	0	0	0	0	0	0	0	0	0	0	0	0	0	0	0	1	0	0	3	2	1	2	2	0	0	0	0	1	2	2	1	1	0	0
PF20569	Family of unknown function (DUF6778)	0	0	0	0	1	0	0	0	0	0	0	0	0	0	1	0	0	0	0	0	1	0	0	1	0	0	0	0	0	0	0	0	0	0	0	0	0	0	0	0	0	0
PF20510	Homogentisate 1,2-dioxygenase N-terminal	0	0	0	0	1	0	0	0	0	0	1	0	0	0	1	0	0	0	0	0	1	0	0	1	1	1	1	0	1	0	1	0	0	0	0	1	0	0	1	1	0	1
PF04209	Homogentisate 1,2-dioxygenase C-terminal	0	0	0	0	1	0	0	0	0	0	1	0	0	0	1	0	0	0	0	0	1	0	0	1	1	1	0	0	1	0	1	0	0	0	0	1	0	0	1	0	0	1
PF00316	Fructose-1-6-bisphosphatase, N-terminal domain	0	0	0	0	1	0	1	1	0	0	1	0	0	0	0	1	0	0	1	0	0	0	1	1	0	1	1	1	1	1	2	0	0	0	0	1	1	1	2	1	0	1
PF18913	Fructose-1-6-bisphosphatase, C-terminal domain	0	0	0	0	1	0	1	1	0	0	1	0	0	0	0	1	0	0	1	0	0	0	1	1	0	2	1	1	1	1	2	0	0	0	0	1	1	1	2	1	0	2
PF00221	Aromatic amino acid lyase	0	0	0	0	1	0	0	0	2	0	1	2	0	1	1	1	0	0	2	0	1	1	0	1	1	0	1	0	1	1	0	0	0	0	0	1	1	0	0	1	0	0
PF04577	Glycosyltransferase 61	0	0	0	0	1	0	0	0	0	0	0	0	0	0	0	0	0	0	0	0	0	1	0	1	0	1	0	0	0	0	0	0	0	0	0	0	0	0	0	0	0	1
PF14378	PAP2 superfamily	0	0	0	0	1	0	0	0	0	0	0	0	0	0	0	0	0	0	0	0	0	0	0	1	0	0	0	0	0	0	0	0	0	0	0	0	0	0	0	0	0	0
PF12599	Protein of unknown function (DUF3768)	0	0	0	0	1	0	0	0	0	0	0	0	0	0	0	0	0	0	0	0	0	0	0	1	0	0	0	0	0	0	0	0	0	0	0	0	0	0	0	0	0	0
PF09250	Bifunctional DNA primase/polymerase, N-terminal	0	0	0	0	1	0	0	0	0	0	0	0	0	0	0	0	0	0	0	0	0	0	0	1	1	0	0	0	0	0	0	0	0	0	0	0	0	0	0	0	0	0
PF10985	Protein of unknown function (DUF2805)	0	0	0	0	1	1	0	0	1	0	1	0	0	0	0	1	0	0	1	0	0	0	0	1	0	0	1	1	1	1	1	0	0	0	0	1	1	1	1	1	0	0
PF16867	Dimethlysulfonioproprionate lyase	0	0	0	0	1	0	0	0	0	0	0	0	0	0	2	0	0	0	0	0	2	0	0	1	0	0	0	0	0	0	0	0	0	0	0	0	0	0	0	0	0	0
PF17936	Bacterial Ig domain	0	0	0	0	1	0	0	1	0	0	0	0	0	1	2	0	0	0	0	0	2	1	1	1	0	0	0	0	0	0	0	0	0	0	0	0	0	0	0	0	0	0
PF19077	Bacterial Ig-like domain	0	0	0	0	1	0	1	0	0	0	0	0	0	1	1	0	0	0	0	0	1	1	0	1	0	0	0	1	0	0	0	0	0	0	0	0	0	1	0	0	0	0
PF12245	Bacterial Ig-like domain	0	0	0	0	1	0	0	0	0	0	0	0	0	0	0	0	0	0	0	0	0	0	0	1	0	0	0	0	0	0	0	0	0	0	0	0	0	0	0	0	0	0
PF09298	Fumarylacetoacetase N-terminal	0	0	0	0	1	0	0	0	0	0	0	0	0	0	1	0	0	0	0	0	1	0	0	1	0	1	1	0	1	0	0	0	0	0	0	1	0	0	0	1	0	1
PF06299	Protein of unknown function (DUF1045)	0	0	0	0	1	0	0	0	0	0	0	0	0	0	1	0	0	0	0	0	1	0	0	1	0	1	0	0	0	0	0	0	0	0	0	0	0	0	0	0	0	1
PF12766	Pyridoxamine 5'-phosphate oxidase	0	0	0	0	1	1	0	0	0	0	0	0	0	0	1	0	0	0	0	0	1	0	0	1	0	1	0	0	0	1	1	0	0	0	0	0	1	0	1	0	0	0
PF13783	Domain of unknown function (DUF4177)	0	0	0	0	1	0	0	0	0	0	0	0	0	0	0	1	0	0	0	0	0	0	0	1	0	0	0	0	0	3	0	0	0	0	0	0	3	0	0	0	0	0
PF00102	Protein-tyrosine phosphatase	0	0	0	0	1	0	0	0	0	0	0	0	0	0	0	0	0	0	0	0	0	0	0	1	0	0	0	0	0	0	0	0	0	0	0	0	0	0	0	0	0	0
PF08223	PaaX-like protein C-terminal domain	0	0	0	0	1	0	0	0	0	0	0	0	0	0	1	0	0	0	0	0	1	0	0	1	1	0	0	0	0	0	1	0	0	0	0	0	0	0	1	0	0	0
PF12525	Protein of unknown function (DUF3726)	0	0	0	0	1	0	0	0	0	0	0	0	0	0	1	0	0	0	0	0	1	0	0	1	0	0	0	0	0	0	0	0	0	0	0	0	0	0	0	0	0	0
PF17408	Malonyl-CoA decarboxylase N-terminal domain	0	0	0	0	1	0	0	0	0	0	0	0	0	0	1	0	0	0	0	0	1	0	0	1	0	1	0	0	0	0	0	0	0	0	0	0	0	0	0	0	0	1
PF05292	Malonyl-CoA decarboxylase C-terminal domain	0	0	0	0	1	0	0	0	0	0	0	0	0	0	1	0	0	0	0	0	1	0	0	1	0	1	0	0	0	0	0	0	0	0	0	0	0	0	0	0	0	1
PF20056	Family of unknown function (DUF6455)	0	0	0	0	1	0	0	0	0	0	0	0	0	1	1	0	0	0	0	0	1	0	0	1	0	0	0	0	0	0	0	0	0	1	1	0	0	0	0	0	0	0
PF04266	ASCH domain	0	0	0	0	1	0	0	0	0	0	0	0	0	2	0	0	0	0	0	0	0	2	0	1	0	0	0	0	0	0	0	0	0	1	1	0	0	0	0	0	0	0
PF02794	RTX toxin acyltransferase family	0	0	0	0	1	0	0	1	0	0	0	0	0	0	1	0	0	0	0	0	1	0	1	1	0	0	0	0	0	0	0	0	0	0	0	0	0	0	0	0	0	0
PF00368	Hydroxymethylglutaryl-coenzyme A reductase	0	0	0	0	1	0	0	0	0	0	1	0	0	0	0	1	0	0	1	0	0	0	0	1	0	0	1	0	1	1	2	0	0	0	0	1	1	0	2	1	0	0
PF11376	Protein of unknown function (DUF3179)	0	0	0	0	1	0	0	0	0	0	0	0	0	0	1	0	0	0	0	0	1	0	0	1	1	0	0	0	0	0	0	0	0	0	0	0	0	0	0	0	0	0
PF11695	Domain of unknown function (DUF3291)	0	0	0	0	1	0	0	0	0	0	0	2	2	1	2	0	0	0	0	0	2	1	0	1	0	0	0	0	0	0	0	0	0	0	0	0	0	0	0	0	0	0
PF13148	Protein of unknown function (DUF3987)	0	0	0	0	1	0	0	0	0	0	0	0	0	0	1	0	0	0	0	0	0	0	0	1	0	0	0	0	0	0	0	1	0	0	0	0	0	0	0	0	0	0
PF03301	Tryptophan 2,3-dioxygenase	0	0	0	0	1	0	0	0	0	0	1	0	0	1	1	0	0	0	1	0	1	1	0	1	1	1	1	0	1	1	1	0	0	0	0	1	1	0	1	1	0	1
PF06832	Penicillin-Binding Protein C-terminus Family	0	0	0	0	1	1	0	1	1	1	0	1	1	1	1	1	0	0	0	0	1	1	0	1	0	0	1	0	1	1	0	1	0	1	1	1	1	0	0	1	0	0
PF19112	Vanillate O-demethylase oxygenase C-terminal domain	0	0	0	0	1	0	0	0	0	0	0	0	1	0	0	0	0	0	0	0	0	0	0	1	0	0	0	0	0	0	0	0	0	0	0	0	0	0	0	0	0	0
PF13452	N-terminal half of MaoC dehydratase	0	0	0	0	1	0	0	0	0	0	0	1	0	2	0	0	0	0	0	0	0	2	0	1	0	0	0	0	0	0	0	0	0	3	3	0	0	0	0	0	0	0
PF00050	Kazal-type serine protease inhibitor domain	0	0	0	0	0	1	0	0	1	0	0	1	1	0	0	0	0	0	0	0	0	0	0	0	0	0	0	0	0	0	0	0	0	0	0	0	0	0	0	0	0	0
PF04820	Tryptophan halogenase	0	0	0	0	0	5	0	1	1	0	0	2	1	0	0	8	0	0	0	0	0	0	1	0	0	0	0	0	0	10	3	0	0	0	0	0	10	0	3	0	0	0
PF20409	SnoaL-like domain	0	0	0	0	0	1	0	0	0	0	0	1	1	0	1	0	0	0	0	0	1	0	0	0	1	0	1	0	1	0	0	0	0	0	0	1	0	0	0	1	0	0
PF17935	Tetracyclin repressor-like, C-terminal domain	0	0	0	0	0	1	0	0	0	0	0	1	1	0	0	0	0	0	0	0	0	0	0	0	0	0	0	0	0	0	0	0	0	0	0	0	0	0	0	0	0	0
PF04964	Flp/Fap pilin component	0	0	0	0	0	2	0	0	0	0	0	2	2	0	0	0	0	0	0	0	0	0	0	0	0	0	0	0	0	0	0	0	0	0	0	0	0	0	0	0	0	0
PF11730	Protein of unknown function (DUF3297)	0	0	0	0	0	1	0	1	0	0	0	1	1	0	0	0	0	0	0	0	0	0	1	0	0	0	0	1	0	0	0	0	0	0	0	0	0	1	0	0	0	0
PF12698	ABC-2 family transporter protein	0	0	0	0	0	1	0	1	4	2	2	1	1	0	0	0	0	0	1	4	0	0	1	0	0	0	3	0	1	2	0	0	0	0	0	1	2	0	0	1	0	0
PF06940	Domain of unknown function (DUF1287)	0	0	0	0	0	1	0	0	0	1	1	1	0	0	0	1	0	0	1	1	0	0	0	0	0	0	0	0	0	1	0	1	0	0	0	0	1	0	0	0	0	0
PF13630	SdpI/YfhL protein family	0	0	0	0	0	1	0	0	0	0	0	0	0	0	0	0	0	0	0	0	0	0	0	0	0	0	2	0	2	0	0	0	0	0	0	2	0	0	0	2	0	0
PF07853	Domain of unknown function (DUF1648)	0	0	0	0	0	1	0	0	0	0	0	0	0	0	0	0	0	0	0	0	0	0	0	0	0	0	1	0	1	0	0	0	0	0	0	1	0	0	0	1	0	0
PF14534	Domain of unknown function (DUF4440)	0	0	0	0	0	1	0	0	1	0	0	1	2	0	0	0	0	0	0	0	0	0	0	0	0	0	2	0	1	0	0	0	0	0	0	1	0	0	0	1	0	0
PF01935	Helicase HerA, central domain	0	0	0	0	0	1	0	1	0	0	0	0	0	0	0	0	0	0	0	0	0	0	0	0	0	0	1	0	0	0	0	0	0	0	0	0	0	0	0	0	0	0
PF13756	Stimulus-sensing domain	0	0	0	0	0	1	0	0	0	0	0	1	1	0	0	0	0	0	0	0	0	0	0	0	0	0	0	0	0	0	0	0	0	0	0	0	0	0	0	0	0	0
PF09822	ABC-type uncharacterized transport system	0	0	0	0	0	1	0	0	0	0	1	1	1	0	0	0	0	0	1	0	0	0	0	0	0	0	1	0	1	0	0	0	0	0	0	1	0	0	0	1	0	0
PF20043	Family of unknown function (DUF6445)	0	0	0	0	0	1	0	0	0	0	0	0	0	0	0	0	0	0	0	0	0	0	0	0	0	0	0	0	0	0	0	0	0	0	0	0	0	0	0	0	0	0
PF11776	Nickel/cobalt transporter regulator	0	0	0	0	0	1	0	0	0	0	0	1	1	0	0	0	0	0	0	0	0	0	0	0	1	0	0	0	0	0	0	0	0	0	0	0	0	0	0	0	0	0
PF09965	Uncharacterized protein conserved in bacteria (DUF2199)	0	0	0	0	0	1	0	0	0	0	0	0	0	1	0	0	0	0	0	0	0	1	0	0	0	0	0	0	0	0	0	0	0	1	1	0	0	0	0	0	0	0
PF00245	Alkaline phosphatase	0	0	0	0	0	1	2	1	1	2	0	1	1	0	0	0	0	0	0	4	0	0	1	0	0	0	1	1	0	1	4	0	0	0	0	0	1	1	3	1	0	0
PF13610	DDE domain	0	0	0	0	0	2	0	0	1	0	0	0	0	0	11	0	0	0	0	0	3	0	0	0	0	0	0	0	0	0	0	0	0	0	0	0	0	0	0	0	0	0
PF19368	AraR C-terminal winged HTH domain	0	0	0	0	0	1	0	0	0	0	0	1	1	0	0	0	0	0	0	0	0	0	0	0	0	0	1	0	1	0	0	0	0	0	0	1	0	0	0	1	0	0
PF13391	HNH endonuclease	0	0	0	0	0	1	0	2	0	1	0	0	0	0	3	0	0	1	0	1	0	0	1	0	0	0	0	0	0	0	0	0	0	0	0	0	0	0	0	0	0	0
PF12762	ISXO2-like transposase domain	0	0	0	0	0	2	0	0	0	0	0	1	2	1	0	0	0	0	0	0	0	1	0	0	0	0	0	0	0	0	0	0	0	1	1	0	0	0	0	0	0	0
PF12760	Transposase zinc-ribbon domain	0	0	0	0	0	2	0	0	0	0	0	1	2	0	0	0	0	0	0	0	1	0	0	0	0	0	0	0	0	0	0	0	0	0	0	0	0	0	0	0	0	0
PF20420	Domain of unknown function (DUF6702)	0	0	0	0	0	1	0	0	1	0	1	0	0	0	0	1	0	0	1	0	0	0	0	0	0	0	1	0	1	1	1	0	0	0	0	1	1	0	1	1	0	0
PF13601	Winged helix DNA-binding domain	0	0	0	0	0	1	0	0	0	0	1	0	1	0	0	0	0	0	1	0	0	0	0	0	0	0	1	0	1	0	0	0	0	0	0	1	0	0	0	1	0	0
PF05960	Bacterial protein of unknown function (DUF885)	0	0	0	0	0	4	1	0	4	0	0	4	3	0	0	3	0	0	0	0	0	0	1	0	0	0	1	0	0	3	4	0	0	0	0	0	3	0	5	1	0	0
PF01401	Angiotensin-converting enzyme	0	0	0	0	0	1	0	0	1	0	0	1	1	0	0	0	0	0	0	0	0	0	0	0	0	0	0	0	0	0	0	0	0	0	0	0	0	0	0	0	0	0
PF20101	Family of unknown function (DUF6491)	0	0	0	0	0	1	0	0	1	0	0	1	0	0	0	0	0	0	0	0	0	0	0	0	0	0	0	0	0	0	0	0	0	0	0	0	0	0	0	0	0	0
PF13102	Phage integrase SAM-like domain	0	0	0	0	0	1	0	0	0	1	2	0	1	0	0	0	0	0	3	0	0	0	0	0	0	0	6	0	6	1	0	0	0	0	0	6	1	0	0	4	0	0
PF00030	Beta/Gamma crystallin	0	0	0	0	0	1	0	0	0	0	0	2	2	0	0	0	0	0	0	0	0	0	0	0	0	0	0	0	0	0	0	0	0	0	0	0	0	0	0	0	0	0
PF11932	Protein of unknown function (DUF3450)	0	0	0	0	0	1	2	3	0	0	0	0	0	0	0	2	0	0	0	0	0	0	3	0	0	0	0	3	0	2	2	0	0	0	0	0	2	3	2	0	0	0
PF14081	Domain of unknown function (DUF4262)	0	0	0	0	0	1	0	0	0	1	0	0	1	0	0	0	0	1	0	1	0	0	0	0	0	0	0	0	0	0	0	1	0	0	0	0	0	0	0	0	0	0
PF03965	Penicillinase repressor	0	0	0	0	0	2	0	1	0	1	2	3	2	0	1	0	0	1	2	0	1	0	1	0	0	0	1	0	4	2	1	1	0	0	0	4	2	0	1	1	0	0
PF18015	Acetyltransferase (GNAT) domain	0	0	0	0	0	1	0	0	0	0	0	0	0	0	0	0	0	0	0	0	0	0	0	0	0	0	0	0	0	0	0	0	0	0	0	0	0	0	0	0	0	0
PF20990	Predicted membrane protein (DUF2207) C-terminal domain	0	0	0	0	0	1	0	0	0	0	0	1	0	0	0	0	0	0	0	0	0	0	0	0	0	0	0	0	0	0	0	0	0	0	0	0	0	0	0	0	0	0
PF09972	Predicted membrane protein (DUF2207) N-terminal domain	0	0	0	0	0	1	0	0	0	0	0	1	0	0	0	0	0	0	0	0	0	0	0	0	0	0	0	0	0	0	0	0	0	0	0	0	0	0	0	0	0	0
PF06736	Endosomal/lysosomal potassium channel TMEM175	0	0	0	0	0	1	0	0	0	0	0	0	0	0	0	0	0	0	0	0	0	0	0	0	0	0	0	0	0	0	0	0	0	0	0	0	0	0	0	0	0	0
PF01431	Peptidase family M13	0	0	0	0	0	1	0	0	1	0	1	1	1	0	0	0	0	0	1	0	0	0	0	0	0	0	1	0	1	2	2	1	0	0	0	1	2	0	2	1	0	0
PF05649	Peptidase family M13	0	0	0	0	0	1	0	0	1	0	1	1	1	0	0	0	0	0	1	0	0	0	0	0	0	0	1	0	1	2	2	1	0	0	0	1	2	0	2	1	0	0
PF00939	Sodium:sulfate symporter transmembrane region	0	0	0	0	0	1	0	0	1	0	0	1	1	0	0	0	0	0	0	0	0	0	0	0	0	1	1	0	0	0	0	0	0	0	0	0	0	0	0	1	0	1
PF12390	Selenocysteine synthase N terminal	0	0	0	0	0	1	0	0	0	0	0	0	0	0	0	0	0	0	0	0	0	0	0	0	0	1	0	0	0	0	0	0	0	0	0	0	0	0	0	0	0	1
PF03841	L-seryl-tRNA selenium transferase	0	0	0	0	0	1	0	0	0	0	0	0	0	0	0	0	0	0	0	0	0	0	0	0	0	1	0	0	0	0	0	0	0	0	0	0	0	0	0	0	0	1
PF05443	ROS/MUCR transcriptional regulator protein	0	0	0	0	0	2	0	0	0	0	0	2	0	0	0	0	0	0	0	0	0	0	0	0	0	0	0	0	0	0	0	0	0	0	0	0	0	0	0	0	0	0
PF09107	Elongation factor SelB, winged helix	0	0	0	0	0	1	0	0	0	0	0	0	0	0	0	0	0	0	0	0	0	0	0	0	0	1	0	0	0	0	0	0	0	0	0	0	0	0	0	0	0	1
PF20172	Domain of unknown function (DUF6538)	0	0	0	0	0	2	0	0	0	1	0	1	3	0	1	0	0	0	0	2	0	0	0	0	0	1	0	0	0	0	0	0	0	0	0	0	0	0	0	0	0	1
PF03981	Ubiquinol-cytochrome C chaperone	0	0	0	0	0	1	0	0	0	0	0	1	0	0	0	0	0	0	0	0	0	0	0	0	0	0	0	0	0	0	0	0	0	0	0	0	0	0	0	0	0	0
PF19802	Domain of unknown function (DUF6285)	0	0	0	0	0	1	0	0	0	0	0	1	0	0	1	0	0	0	0	0	0	0	0	0	0	0	0	0	0	0	0	0	0	0	0	0	0	0	0	0	0	0
PF13621	Cupin-like domain	0	0	0	0	0	1	0	0	1	0	0	2	1	0	0	0	0	0	0	0	0	0	0	0	0	0	3	0	1	1	1	0	0	0	0	1	1	0	1	3	0	0
PF11645	PD-(D/E)XK endonuclease	0	0	0	0	0	1	0	0	0	0	0	0	0	0	0	0	0	0	0	0	0	0	0	0	0	0	0	0	0	0	0	0	0	0	0	0	0	0	0	0	0	0
PF11287	Protein of unknown function (DUF3088)	0	0	0	0	0	1	0	0	0	0	0	0	1	0	0	0	0	0	0	0	0	0	0	0	0	0	0	0	0	0	0	0	0	0	0	0	0	0	0	0	0	0
PF09351	Domain of unknown function (DUF1993)	0	0	0	0	0	2	0	0	1	0	0	1	1	0	1	0	0	0	0	0	1	0	0	0	0	0	0	0	0	0	0	0	0	0	0	0	0	0	0	0	0	0
PF05019	Coenzyme Q (ubiquinone) biosynthesis protein Coq4	0	0	0	0	0	2	0	0	0	0	0	1	0	0	0	0	0	0	0	0	0	0	0	0	0	0	0	0	1	0	0	0	0	0	0	1	0	0	0	0	0	0
PF07378	Flagellar protein FlbT	0	0	0	0	0	2	0	0	0	0	0	2	2	1	0	0	0	0	0	0	0	1	0	0	1	1	0	0	0	0	0	0	0	1	1	0	0	0	0	0	0	1
PF03733	Inner membrane component domain	0	0	0	0	0	1	0	0	0	0	0	0	0	0	0	0	0	0	0	0	0	0	0	0	0	0	0	0	0	0	0	0	0	0	0	0	0	0	0	0	0	0
PF03091	CutA1 divalent ion tolerance protein	0	0	0	0	0	1	0	0	0	0	0	1	1	0	0	0	0	0	0	0	0	0	0	0	0	0	0	0	0	0	0	0	0	0	0	0	0	0	0	0	0	0
PF11843	Protein of unknown function (DUF3363)	0	0	0	0	0	1	0	0	0	0	0	1	2	0	1	0	0	0	0	0	0	0	0	0	0	0	0	0	0	0	0	0	0	0	0	0	0	0	0	0	0	0
PF14108	ABA DEFICIENT 4-like	0	0	0	0	0	1	0	0	0	0	0	0	0	1	0	0	0	0	0	0	0	1	0	0	0	0	0	0	0	0	0	0	0	1	1	0	0	0	0	0	0	0
PF08751	TrwC relaxase	0	0	0	0	0	1	0	0	0	0	0	1	1	0	0	0	0	0	0	0	0	0	0	0	0	0	0	0	0	0	0	0	0	0	0	0	0	0	0	0	0	0
PF00685	Sulfotransferase domain	0	0	0	0	0	1	1	0	1	0	0	2	1	0	1	0	0	0	0	0	1	0	0	0	0	0	0	0	0	1	0	0	0	0	0	0	1	0	0	0	0	0
PF01764	Lipase (class 3)	0	0	0	0	0	1	0	1	0	0	0	0	0	0	0	0	0	0	0	0	0	0	1	0	0	0	0	2	0	0	1	0	0	0	0	0	0	2	1	0	0	0
PF08450	SMP-30/Gluconolactonase/LRE-like region	0	0	0	0	0	4	1	0	0	0	0	3	1	0	2	1	0	0	0	0	2	0	0	0	0	1	0	0	0	1	0	0	0	0	0	0	1	0	0	0	0	1
PF07784	Protein of unknown function (DUF1622)	0	0	0	0	0	1	0	0	0	0	0	0	0	0	0	0	0	0	0	0	0	0	0	0	1	1	0	0	0	0	0	0	0	0	0	0	0	0	0	0	0	0
PF17784	Sulfotransferase domain	0	0	0	0	0	1	0	1	0	0	0	1	1	1	0	0	0	0	0	0	0	1	1	0	0	0	0	1	0	0	0	1	0	1	1	0	0	1	0	0	0	0
PF17172	Glutathione S-transferase N-terminal domain	0	0	0	0	0	1	0	0	0	0	0	1	0	0	0	0	0	0	0	0	0	0	0	0	0	0	0	0	0	0	0	0	0	0	0	0	0	0	0	0	0	0
PF17171	Glutathione S-transferase, C-terminal domain	0	0	0	0	0	1	0	0	0	0	0	1	0	0	0	0	0	0	0	0	0	0	0	0	0	0	0	0	0	0	0	0	0	0	0	0	0	0	0	0	0	0
PF06667	Phage shock protein B	0	0	0	0	0	1	0	0	0	0	0	1	1	0	0	0	0	0	0	0	0	0	0	0	0	0	0	0	0	1	1	0	0	0	0	0	1	0	1	0	0	0
PF10098	Uncharacterised protein conserved in bacteria (DUF2336)	0	0	0	0	0	2	0	0	0	0	0	3	1	0	0	0	0	0	0	0	0	0	0	0	0	0	0	0	0	0	0	0	0	0	0	0	0	0	0	0	0	0
PF17996	Carbohydrate esterase 2 N-terminal	0	0	0	0	0	1	0	0	2	0	0	0	0	0	0	0	0	0	0	0	0	0	0	0	0	0	0	0	0	0	0	0	0	0	0	0	0	0	0	0	0	0
PF13565	Homeodomain-like domain	0	0	0	0	0	1	0	0	0	0	0	0	0	0	3	0	0	0	0	0	3	0	0	0	0	0	0	0	0	0	0	0	0	0	0	0	0	0	0	0	0	0
PF01059	NADH-ubiquinone oxidoreductase chain 4, amino terminus	0	0	0	0	0	1	0	0	0	0	0	1	0	0	1	0	0	0	0	0	1	0	0	0	0	0	0	0	0	0	0	0	0	0	0	0	0	0	0	0	0	0
PF13207	AAA domain	0	0	0	0	0	1	0	0	0	0	0	0	0	0	0	0	0	0	0	0	0	0	0	0	0	0	0	0	0	0	0	0	0	0	0	0	0	0	0	0	0	0
PF13661	2OG-Fe(II) oxygenase superfamily	0	0	0	0	0	2	0	0	0	0	0	0	0	0	0	1	0	0	0	0	0	0	0	0	0	0	0	0	0	1	1	0	0	0	0	0	1	0	1	0	0	0
PF06172	Cupin superfamily (DUF985)	0	0	0	0	0	1	0	0	0	0	0	1	1	0	1	0	0	0	0	0	1	0	0	0	0	0	0	0	0	0	1	0	0	0	0	0	0	0	1	0	0	0
PF06863	Protein of unknown function (DUF1254)	0	0	0	0	0	1	0	0	3	0	0	0	0	0	3	0	0	0	0	0	1	0	0	0	0	0	0	0	0	0	0	1	0	0	0	0	0	0	0	0	0	0
PF14238	Domain of unknown function (DUF4340)	0	0	0	0	0	1	0	0	0	0	0	1	1	0	0	0	0	0	0	0	0	0	0	0	0	0	0	0	0	0	0	0	0	0	0	0	0	0	0	0	0	0
PF11188	Protein of unknown function (DUF2975)	0	0	0	0	0	2	0	0	0	0	1	1	1	0	0	0	0	0	1	0	0	0	0	0	0	0	1	0	1	0	0	0	0	0	0	1	0	0	0	1	0	0
PF06078	Bacterial protein of unknown function (DUF937)	0	0	0	0	0	1	0	0	0	0	1	0	1	0	0	0	0	0	1	0	0	0	0	0	0	0	1	0	2	0	0	0	0	0	0	2	0	0	0	1	0	0
PF09866	Uncharacterized protein conserved in bacteria (DUF2093)	0	0	0	0	0	1	0	0	0	0	0	1	1	0	0	0	0	0	0	0	0	0	0	0	0	0	0	0	0	0	0	0	0	0	0	0	0	0	0	0	0	0
PF06441	Epoxide hydrolase N terminus	0	0	0	0	0	1	0	0	0	0	0	1	0	0	0	0	0	0	0	0	0	0	0	0	0	0	0	0	0	0	0	0	0	0	0	0	0	0	0	0	0	0
PF09037	Stf0 sulphotransferase	0	0	0	0	0	1	0	0	0	0	0	0	0	1	0	0	0	0	0	0	0	1	0	0	0	0	0	0	0	0	0	0	0	1	1	0	0	0	0	0	0	0
PF18313	Thiolase-like protein type 1 additional C-terminal domain	0	0	0	0	0	1	0	0	0	0	0	1	1	0	0	0	0	0	0	0	0	0	0	0	0	0	0	0	0	0	0	0	0	0	0	0	0	0	0	0	0	0
PF00722	Glycosyl hydrolases family 16	0	0	0	0	0	1	0	0	0	0	0	3	2	0	0	1	0	0	0	0	0	0	0	0	0	1	1	0	2	2	2	0	0	0	0	2	2	0	2	1	0	1
PF00351	Biopterin-dependent aromatic amino acid hydroxylase	0	0	0	0	0	1	0	0	1	0	1	1	1	0	0	0	0	0	1	0	0	0	0	0	0	1	0	0	1	1	1	0	0	0	0	1	1	0	1	0	0	1
PF19630	Domain of unknown function (DUF6134)	0	0	0	0	0	1	0	0	0	0	0	1	1	0	0	0	0	0	0	0	0	0	0	0	0	1	0	0	0	0	0	0	0	0	0	0	0	0	0	0	0	1
PF04199	Putative cyclase	0	0	0	0	0	1	0	0	0	0	1	0	0	1	2	0	0	0	1	0	2	1	0	0	0	0	0	0	2	0	0	0	0	1	1	2	0	0	0	0	0	0
PF07662	Na+ dependent nucleoside transporter C-terminus	0	0	0	0	0	1	0	0	1	0	0	1	1	0	0	1	0	0	0	0	0	0	0	0	0	0	1	0	1	1	1	0	0	0	0	1	1	0	1	1	0	0
PF01773	Na+ dependent nucleoside transporter N-terminus	0	0	0	0	0	1	0	0	1	0	1	1	1	0	0	1	0	0	0	0	0	0	0	0	0	0	1	0	1	1	1	0	0	0	0	1	1	0	1	1	0	0
PF14352	Domain of unknown function (DUF4402)	0	0	0	0	0	2	0	0	0	0	0	0	0	0	0	0	0	0	0	0	0	0	0	0	0	0	0	0	0	1	0	0	0	0	0	0	1	0	0	0	0	0
PF02583	Metal-sensitive transcriptional repressor	0	0	0	0	0	1	0	1	0	2	0	0	0	0	0	0	0	0	0	2	0	0	1	0	2	0	1	0	0	0	0	0	0	1	0	0	0	0	0	0	0	0
PF07221	N-acylglucosamine 2-epimerase (GlcNAc 2-epimerase)	0	0	0	0	0	1	0	0	0	0	0	2	1	0	0	0	0	0	0	0	0	0	0	0	0	1	0	0	0	0	0	0	0	0	0	0	0	0	0	0	0	1
PF20075	Domain of unknown function (DUF6471)	0	0	0	0	0	1	0	0	1	0	0	0	1	1	0	0	0	0	0	0	0	0	0	0	0	0	0	0	0	1	1	0	0	0	0	0	1	0	1	0	0	0
PF01973	6-hydroxymethylpterin diphosphokinase MptE-like	0	0	0	0	0	1	0	0	0	0	0	0	0	0	0	0	0	0	0	0	0	0	0	0	0	0	0	1	0	1	1	0	0	0	0	0	1	1	1	0	0	0
PF13645	L,D-transpeptidase catalytic domain	0	0	0	0	0	1	0	0	0	0	1	1	1	0	0	0	0	0	1	0	0	0	0	0	0	0	0	0	0	0	0	0	0	0	0	0	0	0	0	0	0	0
PF01915	Glycosyl hydrolase family 3 C-terminal domain	0	0	0	0	0	2	0	0	0	0	0	6	2	0	0	2	1	0	0	0	0	0	0	0	0	0	1	0	2	3	1	0	0	0	0	2	3	0	1	1	0	0
PF14310	Fibronectin type III-like domain	0	0	0	0	0	1	0	0	0	0	0	4	1	0	0	1	1	0	0	0	0	0	0	0	0	0	1	0	2	1	0	0	0	0	0	2	1	0	0	1	0	0
PF09935	Protein of unknown function (DUF2167)	0	0	0	0	0	2	0	1	0	0	0	0	0	0	0	1	0	0	0	0	0	0	1	0	0	0	0	0	0	1	0	0	0	0	0	0	1	0	0	0	0	0
PF00150	Cellulase (glycosyl hydrolase family 5)	0	0	0	0	0	1	0	0	0	0	0	0	0	0	0	1	0	0	0	0	0	0	0	0	0	0	0	1	0	1	0	0	0	0	0	0	1	1	0	0	0	0
PF20841	NtrZ	0	0	0	0	0	1	0	0	0	0	0	1	1	0	0	0	0	0	0	0	0	0	0	0	0	0	0	0	0	0	0	0	0	0	0	0	0	0	0	0	0	0
PF06282	Protein of unknown function (DUF1036)	0	0	0	0	0	1	0	0	0	0	0	1	1	1	0	0	0	0	0	0	0	1	0	0	0	0	0	0	0	0	0	0	0	1	1	0	0	0	0	0	0	0
PF10988	Putative auto-transporter adhesin, head GIN domain	0	0	0	0	0	3	0	0	1	0	1	2	2	0	0	0	0	0	4	0	0	0	0	0	0	0	7	0	4	0	0	0	0	0	0	4	0	0	0	7	0	0
PF10520	Lipid desaturase domain	0	0	0	0	0	1	0	0	0	0	0	2	2	0	0	0	0	0	0	0	0	0	0	0	0	0	0	0	0	0	0	0	0	0	0	0	0	0	0	0	0	0
PF19762	Domain of unknown function (DUF6249)	0	0	0	0	0	1	0	0	2	0	0	1	1	0	0	0	0	0	0	0	0	0	0	0	0	0	1	0	0	0	0	0	0	0	0	0	0	0	0	1	0	0
PF05675	Protein of unknown function (DUF817)	0	0	0	0	0	1	0	0	0	0	0	1	1	0	0	0	0	0	0	0	0	0	0	0	0	0	0	0	0	0	0	0	0	0	0	0	0	0	0	0	0	0
PF09932	Uncharacterized conserved protein (DUF2164)	0	0	0	0	0	1	1	0	0	1	0	1	1	0	0	1	0	0	0	0	0	0	1	0	0	0	0	1	0	1	0	1	0	0	0	0	1	1	0	0	0	0
PF14542	GCN5-related N-acetyl-transferase	0	0	0	0	0	1	1	1	0	0	0	2	2	0	0	0	0	0	0	0	1	0	1	0	0	0	1	1	1	0	0	0	0	0	0	1	0	1	0	1	0	0
PF08548	Peptidase M10 serralysin C terminal	0	0	0	0	0	2	0	0	0	0	0	0	0	3	1	0	0	0	0	0	1	3	0	0	0	3	0	0	0	0	0	0	0	3	3	0	0	0	0	0	0	3
PF10691	Protein of unknown function (DUF2497)	0	0	0	0	0	1	0	0	0	0	0	1	0	0	0	0	0	0	0	0	0	0	0	0	0	0	0	0	0	0	0	0	0	0	0	0	0	0	0	0	0	0
PF13650	Aspartyl protease	0	0	0	0	0	1	0	0	2	0	1	1	0	0	0	0	0	0	1	0	0	0	0	0	0	0	2	0	3	0	0	0	0	0	0	3	0	0	1	2	0	0
PF13747	Domain of unknown function (DUF4164)	0	0	0	0	0	1	0	0	0	0	0	1	1	0	0	0	0	0	0	0	0	0	0	0	0	0	0	0	0	0	0	0	0	0	0	0	0	0	0	0	0	0
PF05970	PIF1-like helicase	0	0	0	0	0	1	0	0	0	0	1	1	1	0	0	0	0	0	1	0	0	0	0	0	0	0	0	0	1	0	0	0	0	0	0	1	0	0	0	0	0	0
PF20556	Family of unknown function (DUF6768)	0	0	0	0	0	1	0	0	0	0	0	0	0	0	0	0	0	0	0	0	0	0	0	0	0	0	0	0	0	0	0	0	0	0	0	0	0	0	0	0	0	0
PF08706	D5 N terminal like	0	0	0	0	0	1	0	0	0	0	0	0	0	0	0	0	0	0	0	0	0	0	0	0	0	0	0	0	0	0	0	0	0	1	1	0	0	0	0	0	0	0
PF11017	Protein of unknown function (DUF2855)	0	0	0	0	0	2	0	0	1	0	0	1	1	0	1	0	0	0	0	0	0	0	0	0	0	0	0	0	0	1	1	0	0	0	0	0	1	0	1	0	0	0
PF10092	Uncharacterized protein conserved in bacteria (DUF2330)	0	0	0	0	0	1	0	0	0	0	0	0	1	0	0	0	0	0	0	0	0	0	0	0	0	0	0	0	0	0	0	0	0	0	0	0	0	0	0	0	0	0
PF20311	Family of unknown function (DUF6607)	0	0	0	0	0	1	0	0	0	0	0	0	1	0	0	0	0	0	0	0	0	0	0	0	0	0	0	0	1	0	0	0	0	0	0	1	0	0	0	0	0	0
PF20274	Cyclic-phosphate processing Receiver domain	0	0	0	0	0	1	0	0	0	0	0	0	0	0	1	0	0	0	0	0	0	0	0	0	0	0	0	0	0	0	0	0	0	0	0	0	0	0	0	0	0	0
PF10028	Predicted integral membrane protein (DUF2270)	0	0	0	0	0	1	0	0	0	0	0	1	1	0	0	0	0	0	0	0	0	0	0	0	0	0	0	0	0	0	0	0	0	0	0	0	0	0	0	0	0	0
PF00930	Dipeptidyl peptidase IV (DPP IV) N-terminal region	0	0	0	0	0	2	0	0	1	0	1	1	0	0	0	2	0	0	1	0	0	0	0	0	0	0	2	0	1	4	4	0	0	0	0	1	4	0	4	2	0	0
PF04024	PspC domain	0	0	0	0	0	1	0	0	0	0	0	1	1	0	0	1	0	0	0	0	0	0	0	0	0	0	1	0	1	2	2	0	0	0	0	1	2	0	2	1	0	0
PF08406	CbbQ/NirQ/NorQ C-terminal	0	0	0	0	0	1	0	0	0	0	0	1	0	1	0	0	0	0	0	0	0	1	0	0	0	0	0	0	0	0	0	0	0	1	1	0	0	0	0	0	0	0
PF13521	AAA domain	0	0	0	0	0	1	0	1	1	0	0	0	0	0	0	0	0	0	1	0	0	0	1	0	0	0	2	0	2	1	0	0	0	0	0	2	1	0	0	2	0	0
PF04973	Nicotinamide mononucleotide transporter	0	0	0	0	0	1	1	2	1	0	1	0	0	0	0	0	0	0	1	0	0	0	3	0	0	0	1	1	1	2	1	0	0	0	0	1	2	1	1	1	0	0
PF06748	Protein of unknown function (DUF1217)	0	0	0	0	0	1	0	0	0	0	0	1	1	0	0	0	0	0	0	0	0	0	0	0	1	1	0	0	0	0	0	0	0	0	0	0	0	0	0	0	0	1
PF08592	Anthrone oxygenase	0	0	0	0	0	1	0	0	0	0	0	0	1	0	0	0	0	0	0	0	0	0	0	0	0	0	1	0	0	0	0	0	0	0	0	0	0	0	0	1	0	0
PF05719	Golgi phosphoprotein 3 (GPP34)	0	0	0	0	0	1	0	0	0	0	0	0	0	0	0	0	0	0	0	0	0	0	0	0	0	0	0	0	0	0	0	0	0	0	0	0	0	0	0	0	0	0
PF14091	Domain of unknown function (DUF4269)	0	0	0	0	0	1	0	0	0	0	0	0	0	0	0	0	0	0	0	0	0	0	0	0	0	0	0	0	1	0	0	0	0	0	0	1	0	0	0	0	0	0
PF14667	Polysaccharide biosynthesis C-terminal domain	0	0	0	0	0	1	1	0	1	1	2	1	0	0	0	0	0	0	1	3	0	0	0	0	0	0	4	0	3	0	0	1	0	0	0	3	0	0	0	4	0	0
PF00959	Phage lysozyme	0	0	0	0	0	1	1	0	0	0	0	1	1	4	0	0	0	0	0	0	0	3	0	0	0	0	0	0	0	0	0	0	0	3	3	0	0	0	0	0	0	0
PF19780	Domain of unknown function (DUF6265)	0	0	0	0	0	1	0	0	0	0	1	1	1	0	0	0	0	0	1	0	0	0	0	0	0	0	0	0	1	0	0	0	0	0	0	1	0	0	0	0	0	0
PF02897	Prolyl oligopeptidase, N-terminal beta-propeller domain	0	0	0	0	0	3	0	0	4	0	3	2	0	0	0	1	0	0	3	0	0	0	0	0	0	0	2	0	2	3	1	0	0	0	0	2	3	0	1	2	0	0
PF20288	ABC-three component (ABC-3C) system Middle Component 2	0	0	0	0	0	1	0	0	0	0	0	0	0	0	0	0	0	0	0	0	0	0	0	0	0	0	0	0	0	0	0	0	0	0	0	0	0	0	0	0	0	0
PF02641	Uncharacterized ACR, COG1993	0	0	0	0	0	1	0	0	0	0	0	0	0	0	0	0	0	0	0	0	0	0	0	0	0	0	0	0	0	0	0	0	0	0	0	0	0	0	0	0	0	0
PF14257	Domain of unknown function (DUF4349)	0	0	0	0	0	1	0	0	0	0	1	1	1	0	0	0	0	0	1	0	0	0	0	0	0	0	1	0	0	0	0	0	0	0	0	0	0	0	0	1	0	0
PF01204	Trehalase	0	0	0	0	0	1	0	0	0	0	0	1	0	0	0	0	0	0	0	0	0	0	0	0	0	0	1	0	1	0	1	0	0	0	0	1	0	0	1	1	0	0
PF14317	YcxB-like protein	0	0	0	0	0	1	0	0	1	0	0	0	1	0	0	0	0	0	0	0	0	0	0	0	0	0	0	0	0	0	0	0	0	0	0	0	0	0	0	0	0	0
PF09361	Phasin protein	0	0	0	0	0	1	2	0	0	0	0	1	1	0	2	0	0	0	0	0	2	0	1	0	1	0	0	1	0	2	0	0	0	0	0	0	2	1	0	0	0	0
PF17210	SdrD B-like domain	0	0	0	0	0	1	0	0	0	0	0	0	0	0	0	0	0	0	0	0	0	0	0	0	0	0	0	0	0	0	0	0	0	0	0	0	0	0	0	0	0	0
PF09055	Nickel-containing superoxide dismutase	0	0	0	0	0	1	0	0	0	0	0	0	0	0	0	0	0	0	0	0	0	0	0	0	0	0	0	0	0	0	0	0	0	0	0	0	0	0	0	0	0	0
PF10509	Galactokinase galactose-binding signature	0	0	0	0	0	1	0	0	1	0	0	0	0	0	0	1	0	0	0	0	0	0	0	0	0	0	1	0	0	1	1	0	0	0	0	0	1	0	1	1	0	0
PF20066	Glyoxalase superfamily protein	0	0	0	0	0	1	0	0	0	0	0	1	1	0	1	0	0	0	0	0	1	0	0	0	0	0	0	0	0	0	0	0	0	0	0	0	0	0	0	0	0	0
PF08570	Protein of unknown function (DUF1761)	0	0	0	0	0	1	0	0	0	0	1	0	0	0	1	0	0	0	1	0	1	0	0	0	0	0	0	0	0	0	0	0	0	0	0	0	0	0	0	0	0	0
PF09394	Chagasin family peptidase inhibitor I42	0	0	0	0	0	1	0	0	0	0	0	0	0	0	0	0	0	0	0	0	0	0	0	0	0	0	0	0	0	0	0	0	0	0	0	0	0	0	0	0	0	0
PF05569	BlaR1 peptidase M56	0	0	0	0	0	2	0	1	0	0	2	2	2	1	1	0	0	1	2	0	1	0	1	0	0	0	0	0	4	1	1	1	0	1	1	4	1	0	1	0	0	0
PF11716	Mycothiol maleylpyruvate isomerase N-terminal domain	0	0	0	0	0	1	0	0	0	0	0	1	1	1	0	0	0	0	0	0	0	1	0	0	0	0	0	0	0	0	0	0	0	0	0	0	0	0	0	0	0	0
PF06439	3-keto-disaccharide hydrolase	0	0	0	0	0	1	0	0	0	0	0	0	0	0	0	0	0	0	0	0	0	0	0	0	0	1	1	0	0	0	0	0	0	0	0	0	0	0	0	1	0	1
PF20099	Family of unknown function (DUF6489)	0	0	0	0	0	1	2	0	0	0	0	0	0	0	0	0	0	0	0	0	0	0	1	0	0	0	0	1	0	0	0	0	0	0	0	0	0	1	0	0	0	0
PF03030	Inorganic H+ pyrophosphatase	0	0	0	0	0	1	0	0	0	0	1	1	0	0	0	0	0	0	1	0	0	0	0	0	0	0	1	0	1	0	0	0	0	0	0	1	0	0	0	1	0	0
PF07505	Protein of unknown function (DUF5131)	0	0	0	0	0	1	0	0	0	0	0	1	1	1	0	0	0	0	0	0	0	1	0	0	0	0	0	0	0	0	0	0	0	0	0	0	0	0	0	0	0	0
PF18288	Fumarylacetoacetase N-terminal domain 2	0	0	0	0	0	1	0	0	1	0	0	1	1	0	0	0	0	0	0	0	0	0	0	0	0	0	0	0	0	1	1	0	0	0	0	0	1	0	1	0	0	0
PF18559	Galactose-binding domain-like	0	0	0	0	0	1	0	0	0	0	0	2	1	0	0	1	0	0	0	0	0	0	0	0	0	0	0	0	0	2	2	0	0	0	0	0	2	0	2	0	0	0
PF08085	Entericidin EcnA/B family	0	0	0	0	0	1	0	0	0	0	0	2	1	0	0	1	0	0	0	0	0	0	0	0	0	0	0	0	0	1	1	0	0	0	0	0	1	0	1	0	0	0
PF16220	Domain of unknown function (DUF4880)	0	0	0	0	0	2	0	0	0	0	0	2	0	0	0	0	0	0	0	0	0	0	0	0	0	0	0	0	0	0	0	1	0	0	0	0	0	0	0	0	0	0
PF13826	Domain of unknown function (DUF4188)	0	0	0	0	0	1	0	0	0	0	0	0	0	0	0	0	0	0	0	0	0	0	0	0	0	0	1	0	0	0	0	0	0	0	0	0	0	0	0	1	0	0
PF13676	TIR domain	0	0	0	0	0	1	0	0	0	0	0	3	3	0	0	0	0	0	0	0	0	0	0	0	0	0	2	1	0	0	0	0	0	0	0	0	0	1	0	1	0	0
PF11639	REDY-like protein HapK	0	0	0	0	0	1	0	0	0	0	0	0	0	0	0	0	0	0	0	0	0	0	0	0	0	0	0	0	0	0	0	0	0	0	0	0	0	0	0	0	0	0
PF19541	Family of unknown function (DUF6065)	0	0	0	0	0	1	0	0	0	0	0	1	1	0	0	0	0	0	0	0	0	0	0	0	0	0	0	0	0	0	0	0	0	0	0	0	0	0	0	0	0	0
PF12281	Nucleotidyltransferase	0	0	0	0	0	1	0	0	1	0	0	2	0	0	0	0	0	0	0	0	0	0	0	0	0	1	0	0	0	0	1	0	0	0	0	0	0	0	1	0	0	0
PF08028	Acyl-CoA dehydrogenase, C-terminal domain	0	0	0	0	0	1	0	0	0	0	0	2	1	0	0	0	0	0	0	0	0	0	0	0	0	0	0	0	0	0	0	0	0	0	0	0	0	0	0	0	0	0
PF17482	Phage tail sheath C-terminal domain	0	0	0	0	0	1	0	0	0	0	0	0	0	1	0	0	0	0	0	0	0	1	0	0	0	0	1	0	0	0	0	0	0	0	0	0	0	0	0	1	0	0
PF01231	Indoleamine 2,3-dioxygenase	0	0	0	0	0	1	0	0	0	0	0	1	0	0	0	0	0	0	0	0	0	0	0	0	0	0	0	0	0	0	0	0	0	0	0	0	0	0	0	0	0	0
PF14219	Domain of unknown function (DUF4328)	0	0	0	0	0	1	0	0	0	0	0	0	0	0	0	0	0	0	0	0	0	0	0	0	0	0	0	0	0	0	0	0	0	0	0	0	0	0	0	0	0	0
PF07786	Heparan-alpha-glucosaminide N-acetyltransferase, catalytic	0	0	0	0	0	1	1	0	1	0	0	0	0	0	0	0	0	0	0	0	0	0	0	0	0	1	0	1	1	1	1	0	0	0	0	1	1	1	0	0	0	1
PF01139	tRNA-splicing ligase RtcB	0	0	0	0	0	1	0	0	0	0	0	0	1	0	0	0	0	0	1	0	0	0	0	0	0	0	0	0	0	0	0	0	0	0	0	0	0	0	0	0	0	0
PF10102	Domain of unknown function (DUF2341)	0	0	0	0	0	1	0	0	0	0	0	0	0	0	0	0	0	0	0	0	0	0	0	0	0	0	0	0	0	0	0	0	0	0	0	0	0	0	0	0	0	0
PF14078	Domain of unknown function (DUF4259)	0	0	0	0	0	1	0	0	0	0	0	0	0	0	0	0	0	0	0	0	0	0	0	0	0	0	0	0	0	0	0	0	0	0	0	0	0	0	0	0	0	0
PF01566	Natural resistance-associated macrophage protein-like	0	0	0	0	0	1	0	0	0	0	0	1	0	0	0	1	0	0	0	0	0	0	0	0	0	2	2	0	0	1	1	0	0	0	0	0	1	0	1	2	0	2
PF13827	Domain of unknown function (DUF4189)	0	0	0	0	0	1	0	0	0	0	0	0	0	0	0	0	0	0	0	0	0	0	0	0	0	0	0	0	0	0	0	0	0	0	0	0	0	0	0	0	0	0
PF00413	Matrixin	0	0	0	0	0	1	0	0	0	0	0	0	0	0	0	0	0	0	0	0	0	0	0	0	0	1	0	0	0	0	0	0	0	0	0	0	0	0	0	0	0	1
PF03994	Domain of Unknown Function (DUF350)	0	0	0	0	0	1	1	1	0	0	0	1	1	0	0	1	0	0	0	0	0	0	1	0	0	0	0	1	0	2	2	0	0	0	0	0	2	1	2	0	0	0
PF05977	Transmembrane secretion effector	0	0	0	0	0	1	0	0	0	0	1	2	0	0	0	0	0	0	1	0	0	0	0	0	0	1	0	0	1	0	0	0	0	0	0	1	0	0	0	0	0	1
PF11199	Protein of unknown function (DUF2891)	0	0	0	0	0	1	0	0	0	0	0	0	0	0	0	0	0	0	0	0	0	0	0	0	0	0	0	0	0	0	1	0	0	0	0	0	0	0	1	0	0	0
PF06228	Haem utilisation ChuX/HutX	0	0	0	0	0	1	0	0	0	0	0	0	0	0	0	0	0	0	0	0	0	0	0	0	0	0	0	0	0	0	0	0	0	0	0	0	0	0	0	0	0	0
PF18899	Domain of unknown function (DUF5655)	0	0	0	0	0	1	0	0	0	0	0	1	0	0	0	0	0	0	0	0	0	0	0	0	0	0	1	0	0	1	0	0	0	0	0	0	1	0	0	1	0	0
PF14117	Domain of unknown function (DUF4287)	0	0	0	0	0	1	0	0	0	0	0	1	0	0	0	0	0	0	0	0	0	0	0	0	0	0	1	0	0	1	0	0	0	0	0	0	1	0	0	1	0	0
PF10117	McrBC 5-methylcytosine restriction system component	0	0	0	0	0	1	0	0	0	0	1	0	0	0	0	1	0	1	1	1	0	0	0	0	0	0	0	1	0	0	1	1	0	0	0	0	0	1	1	0	0	0
PF20282	C-terminal domain 6 of the ABC-three component (ABC-3C) systems	0	0	0	0	0	1	0	0	0	0	0	0	0	0	0	0	0	0	0	0	0	0	0	0	0	0	0	0	0	0	0	0	0	0	0	0	0	0	0	0	0	0
PF14229	Domain of unknown function (DUF4332)	0	0	0	0	0	1	0	0	0	0	0	1	0	0	0	0	0	0	0	0	0	0	0	0	0	0	0	0	0	0	0	0	0	0	0	0	0	0	0	0	0	0
PF00882	Zinc dependent phospholipase C	0	0	0	0	0	1	0	0	0	0	0	1	0	0	0	0	0	0	0	0	0	0	0	0	0	0	0	0	0	0	0	0	0	0	0	0	0	0	0	0	0	0
PF16874	Glycosyl hydrolase family 36 C-terminal domain	0	0	0	0	0	1	0	0	0	0	0	0	0	0	1	1	0	0	0	0	1	0	0	0	0	1	0	0	0	1	0	0	0	0	0	0	1	0	0	0	0	1
PF00331	Glycosyl hydrolase family 10	0	0	0	0	0	1	0	0	0	0	0	1	0	0	0	1	0	0	0	0	0	0	0	0	0	0	0	0	0	1	0	0	0	0	0	0	1	0	0	0	0	0
PF09476	Pilus biogenesis CpaD protein (pilus_cpaD)	0	0	0	0	0	1	0	0	0	0	0	1	1	0	0	0	0	0	0	0	0	0	0	0	0	0	0	0	0	0	0	0	0	0	0	0	0	0	0	0	0	0
PF09912	Uncharacterized protein conserved in bacteria (DUF2141)	0	0	0	0	0	1	0	0	0	0	0	0	1	0	0	1	0	0	0	0	0	0	0	0	0	1	2	0	2	1	0	0	0	0	0	2	1	0	0	1	0	1
PF01786	Alternative oxidase	0	0	0	0	0	1	0	0	0	0	0	0	0	0	0	0	0	0	0	0	0	0	0	0	0	0	0	0	0	0	0	0	0	0	0	0	0	0	0	0	0	0
PF09411	Lipid A 3-O-deacylase (PagL)	0	0	0	0	0	1	0	0	1	0	1	1	1	0	0	2	0	0	1	0	0	0	0	0	0	0	4	0	1	2	1	0	0	0	0	1	2	0	1	4	0	0
PF14295	PAN domain	0	0	0	0	0	1	0	0	0	0	0	1	1	0	0	0	0	0	0	0	0	0	0	0	0	0	0	0	0	0	0	0	0	0	0	0	0	0	0	0	0	0
PF01112	Asparaginase	0	0	0	0	0	1	0	0	0	0	1	2	1	0	0	0	0	0	1	0	0	0	0	0	0	1	2	0	1	1	0	0	0	0	0	1	1	0	0	2	0	1
PF04028	Domain of unknown function (DUF374)	0	0	0	0	0	1	0	0	0	0	0	1	1	0	0	0	0	0	0	0	0	0	0	0	0	0	0	0	0	0	0	0	0	1	1	0	0	0	0	0	0	0
PF06742	Protein of unknown function (DUF1214)	0	0	0	0	0	1	0	0	2	0	0	0	0	0	4	0	0	0	0	0	1	0	0	0	0	0	0	0	0	0	0	1	0	0	0	0	0	0	0	0	0	0
PF11324	Protein of unknown function (DUF3126)	0	0	0	0	0	1	0	0	0	0	0	1	1	0	0	0	0	0	0	0	0	0	0	0	0	0	0	0	0	0	0	0	0	0	0	0	0	0	0	0	0	0
PF00854	POT family	0	0	0	0	0	1	0	0	1	0	3	2	1	0	0	0	0	0	2	0	0	0	0	0	0	0	2	0	1	1	1	0	0	0	0	1	1	0	1	2	0	0
PF12412	Protein of unknown function (DUF3667)	0	0	0	0	0	1	0	0	0	0	0	1	1	0	0	0	0	0	1	0	0	0	0	0	0	0	3	0	1	0	0	0	0	0	0	1	0	0	0	3	0	0
PF07323	Protein of unknown function (DUF1465)	0	0	0	0	0	1	0	0	0	0	0	1	1	0	0	0	0	0	0	0	0	0	0	0	0	0	0	0	0	0	0	0	0	0	0	0	0	0	0	0	0	0
PF20108	Family of unknown function (DUF6498)	0	0	0	0	0	1	0	0	0	0	0	1	1	0	0	0	0	0	0	0	0	0	0	0	0	0	0	0	0	0	0	0	0	0	0	0	0	0	0	0	0	0
PF18027	Cytosolic carboxypeptidase N-terminal domain	0	0	0	0	0	2	0	0	1	0	0	0	0	0	0	0	0	0	0	0	0	0	0	0	0	0	0	0	0	1	1	0	0	0	0	0	1	0	1	0	0	0
PF12844	Helix-turn-helix domain	0	0	0	0	0	1	0	0	0	0	1	0	1	0	0	0	0	1	1	0	0	0	0	0	0	0	0	0	0	0	0	0	0	0	0	0	0	0	0	0	0	0
PF08274	PhnA Zinc-Ribbon	0	0	0	0	0	1	1	0	1	0	0	1	0	0	0	0	0	0	0	0	0	0	0	0	0	0	0	1	0	0	0	0	0	0	0	0	0	1	0	0	0	0
PF10412	Type IV secretion-system coupling protein DNA-binding domain	0	0	0	0	0	1	0	0	0	0	0	1	1	0	0	0	0	0	0	0	0	0	0	0	0	0	1	0	1	0	0	0	0	0	0	1	0	0	0	0	0	0
PF13534	4Fe-4S dicluster domain	0	0	0	0	0	1	0	0	0	0	0	0	0	0	0	0	0	0	0	0	0	0	0	0	0	0	1	0	0	0	0	1	0	0	0	0	0	0	0	1	0	0
PF11838	ERAP1-like C-terminal domain	0	0	0	0	0	1	0	0	1	0	0	1	0	0	0	0	0	0	0	0	0	0	0	0	0	0	0	0	0	0	1	0	0	0	0	0	0	0	1	0	0	0
PF06155	Gamma-butyrobetaine hydroxylase-like, N-terminal	0	0	0	0	0	1	1	1	1	0	0	1	1	0	0	0	0	0	0	0	0	0	1	0	0	0	0	1	0	0	1	0	0	0	0	0	0	1	1	0	0	0
PF06993	Protein of unknown function (DUF1304)	0	0	0	0	0	1	0	0	0	0	1	0	0	0	0	0	0	0	1	0	0	0	0	0	0	0	0	0	1	0	0	0	0	0	0	1	0	0	0	0	0	0
PF05168	HEPN domain	0	0	0	0	0	1	0	0	0	0	0	0	0	0	0	0	0	0	0	0	0	0	0	0	0	0	0	0	0	0	0	0	0	0	0	0	0	0	0	0	0	0
PF18765	Polymerase beta, Nucleotidyltransferase	0	0	0	0	0	1	0	2	0	0	0	0	0	0	0	0	0	0	0	0	0	0	1	0	0	0	0	2	0	0	0	0	0	0	0	0	0	2	0	0	0	0
PF07947	YhhN family	0	0	0	0	0	1	0	0	1	0	1	1	1	0	0	0	0	0	0	0	0	0	0	0	0	0	0	0	3	0	0	0	0	0	0	3	0	0	0	0	0	0
PF09539	Protein of unknown function (DUF2385)	0	0	0	0	0	1	0	0	0	0	0	1	1	0	0	0	0	0	0	0	0	0	0	0	0	0	0	0	0	0	0	0	0	0	0	0	0	0	0	0	0	0
PF16491	CAAX prenyl protease N-terminal, five membrane helices	0	0	0	0	0	1	0	0	0	0	0	0	0	0	0	0	0	0	0	0	0	0	0	0	0	0	0	0	1	0	0	0	0	0	0	1	0	0	0	0	0	0
PF11335	Protein of unknown function (DUF3137)	0	0	0	0	0	1	0	0	0	0	0	2	0	0	0	0	0	0	0	0	0	0	0	0	0	0	0	0	0	0	0	0	0	0	0	0	0	0	0	0	0	0
PF01087	Galactose-1-phosphate uridyl transferase, N-terminal domain	0	0	0	0	0	1	0	0	1	0	0	0	0	0	0	0	0	0	0	0	0	0	0	0	0	0	0	0	0	1	1	0	0	0	0	0	1	0	1	0	0	0
PF13884	Chaperone of endosialidase	0	0	0	0	0	1	0	0	0	0	0	0	0	0	0	0	0	0	0	0	0	0	0	0	0	0	2	0	0	0	0	0	0	0	0	0	0	0	0	2	0	0
PF06698	Protein of unknown function (DUF1192)	0	0	0	0	0	1	0	0	0	0	0	1	1	0	0	0	0	0	0	0	0	0	0	0	0	0	0	0	0	0	0	0	0	0	0	0	0	0	0	0	0	0
PF07309	Flagellar protein FlaF	0	0	0	0	0	1	0	0	0	0	0	1	1	0	0	0	0	0	0	0	0	0	0	0	1	1	0	0	0	0	0	0	0	0	0	0	0	0	0	0	0	1
PF03808	Glycosyl transferase WecG/TagA/CpsF family	0	0	0	0	0	1	0	0	0	0	0	0	0	1	0	0	0	0	0	0	0	1	0	0	1	1	0	1	0	1	0	0	0	1	1	0	1	1	0	0	0	1
PF03235	Protein of unknown function DUF262	0	0	0	0	0	1	0	2	0	1	0	1	2	0	1	0	0	1	0	2	0	0	0	0	0	0	0	2	0	0	0	2	0	1	1	0	0	2	0	0	0	0
PF04151	Bacterial pre-peptidase C-terminal domain	0	0	0	0	0	0	1	0	1	0	0	0	0	0	0	0	0	0	0	0	0	0	0	0	0	1	0	1	0	1	1	0	0	0	0	0	1	1	1	0	0	1
PF02415	Chlamydia polymorphic membrane protein (Chlamydia_PMP) repeat	0	0	0	0	0	0	1	0	0	0	0	0	0	0	0	0	0	0	0	0	0	0	0	0	0	0	0	1	0	0	0	0	0	0	0	0	0	1	0	0	0	0
PF05014	Nucleoside 2-deoxyribosyltransferase	0	0	0	0	0	0	1	0	0	0	0	0	0	0	0	0	0	0	0	0	0	0	0	0	0	0	0	1	0	0	0	0	0	0	0	0	0	1	0	0	0	0
PF09867	TagF N-terminal domain, Type VI secretion system-associated	0	0	0	0	0	0	1	1	0	0	0	0	0	1	0	0	0	0	0	0	0	0	1	0	0	0	0	1	0	0	0	0	0	0	0	0	0	1	0	0	0	0
PF04023	FeoA domain	0	0	0	0	0	0	1	1	0	0	2	0	0	0	0	1	0	0	2	0	0	0	1	0	0	0	2	1	2	1	0	0	0	0	0	2	1	1	0	2	0	0
PF14840	Processivity clamp loader gamma complex DNA pol III C-term	0	0	0	0	0	0	1	1	0	1	0	0	0	0	0	1	0	0	0	1	0	0	1	0	0	0	0	1	0	1	1	0	0	0	0	0	1	1	1	0	0	0
PF04247	Invasion gene expression up-regulator, SirB	0	0	0	0	0	0	1	1	1	0	0	0	0	0	0	1	0	0	0	0	0	0	1	0	0	0	0	1	0	1	1	0	0	0	0	0	1	1	1	0	0	0
PF03942	DTW domain	0	0	0	0	0	0	1	1	2	0	0	0	0	0	0	1	0	0	0	0	0	0	1	0	0	0	0	1	0	1	3	0	0	0	0	0	1	1	2	0	0	0
PF13156	Restriction endonuclease	0	0	0	0	0	0	1	0	0	0	0	0	0	0	0	0	0	0	0	0	0	0	0	0	0	0	0	0	0	0	0	0	0	0	0	0	0	0	0	0	0	0
PF18135	Type ISP C-terminal specificity domain	0	0	0	0	0	0	1	0	0	0	0	1	0	0	0	0	0	0	0	0	0	0	0	0	0	0	0	0	0	0	0	0	0	0	0	0	0	0	0	0	0	0
PF02333	Phytase	0	0	0	0	0	0	2	0	0	0	0	1	1	0	0	0	0	0	0	0	0	0	0	0	0	0	1	1	0	0	1	0	0	0	0	0	0	1	1	1	0	0
PF13558	SbcC/RAD50-like, Walker B motif	0	0	0	0	0	0	2	1	1	0	0	0	0	0	0	0	0	1	0	0	0	0	1	0	0	0	0	1	0	0	1	0	0	0	0	0	0	1	1	0	0	0
PF14549	DNA-binding transcriptional regulator Cro	0	0	0	0	0	0	1	1	0	0	0	0	0	0	0	0	0	0	0	0	0	0	1	0	0	0	0	1	0	0	0	0	0	0	0	0	0	1	0	0	0	0
PF11666	Protein of unknown function (DUF2933)	0	0	0	0	0	0	1	0	0	3	0	0	0	0	0	0	0	0	0	3	0	0	0	0	1	0	0	1	0	0	0	0	0	0	0	0	0	1	0	0	0	0
PF12977	Domain of Unknown Function with PDB structure (DUF3861)	0	0	0	0	0	0	1	0	0	0	0	0	0	0	0	0	0	0	0	0	0	0	0	0	0	0	0	1	0	0	0	0	0	0	0	0	0	1	0	0	0	0
PF14905	Outer membrane protein beta-barrel family	0	0	0	0	0	0	1	0	0	0	1	0	0	0	0	1	0	0	2	0	0	0	0	0	0	0	5	0	5	1	0	0	0	0	0	5	1	0	0	5	0	0
PF03583	Secretory lipase	0	0	0	0	0	0	1	1	0	0	0	0	0	0	0	0	0	0	0	0	0	0	1	0	0	0	0	1	0	0	0	0	0	0	0	0	0	1	0	0	0	0
PF03104	DNA polymerase family B, exonuclease domain	0	0	0	0	0	0	1	0	1	0	0	0	0	0	0	0	0	0	0	0	0	0	1	0	0	0	0	1	0	1	1	0	0	0	0	0	1	1	1	0	0	0
PF00136	DNA polymerase family B	0	0	0	0	0	0	1	0	1	0	0	0	0	0	0	0	0	0	0	0	0	0	1	0	0	0	0	1	0	1	1	0	0	0	0	0	1	1	1	0	0	0
PF07317	Flagellar regulator YcgR, PilZN domain	0	0	0	0	0	0	1	1	0	0	0	0	0	0	0	0	0	0	0	0	0	0	1	0	0	0	0	1	0	0	0	0	0	0	0	0	0	1	0	0	0	0
PF07669	Eco57I restriction-modification methylase	0	0	0	0	0	0	1	0	0	0	0	0	0	0	0	0	0	0	0	0	0	0	0	0	0	0	0	0	0	0	0	0	0	0	0	0	0	0	0	0	0	0
PF12950	TaqI-like C-terminal specificity domain	0	0	0	0	0	0	1	0	0	0	0	0	0	0	0	0	0	0	0	0	0	0	0	0	0	0	2	0	2	0	0	0	0	0	0	2	0	0	0	1	0	0
PF18926	2TM family of unknown function (DUF5676)	0	0	0	0	0	0	1	0	0	1	0	0	0	0	0	0	0	0	0	1	0	0	0	0	0	0	1	1	1	1	0	0	0	0	0	1	1	1	0	0	0	0
PF04555	Restriction endonuclease XhoI	0	0	0	0	0	0	1	0	0	0	0	0	0	0	0	0	0	0	0	0	0	0	0	0	0	0	0	0	0	0	0	0	0	0	0	0	0	0	0	0	0	0
PF01402	Ribbon-helix-helix protein, copG family	0	0	0	0	0	0	4	1	0	0	0	0	2	0	1	0	0	0	0	0	0	0	2	0	0	0	0	3	0	0	0	1	0	0	0	0	0	3	0	0	0	0
PF02178	AT hook motif	0	0	0	0	0	0	1	1	0	0	0	0	0	0	0	0	0	0	0	0	0	0	1	0	0	0	0	1	0	0	0	0	0	0	0	0	0	1	0	0	0	0
PF08309	LVIVD repeat	0	0	0	0	0	0	1	0	0	0	1	0	0	0	0	1	0	0	0	0	0	0	0	0	0	0	2	2	3	1	0	1	0	0	0	3	1	2	0	2	0	0
PF19570	Family of unknown function (DUF6088)	0	0	0	0	0	0	1	1	0	1	0	0	0	0	0	0	0	0	0	0	0	0	1	0	0	0	0	1	0	0	0	0	0	0	0	0	0	1	0	0	0	0
PF13166	AAA domain	0	0	0	0	0	0	1	0	0	0	0	0	1	0	0	0	0	0	0	0	0	0	0	0	0	0	0	1	0	1	0	0	0	0	0	0	1	1	0	0	0	0
PF14344	Domain of unknown function (DUF4397)	0	0	0	0	0	0	1	0	1	1	0	0	0	0	0	0	0	0	0	1	0	0	0	0	0	0	0	1	0	0	1	0	0	0	0	0	0	1	1	0	0	0
PF13682	Chemoreceptor zinc-binding domain	0	0	0	0	0	0	1	2	0	0	0	0	0	1	0	1	0	0	0	0	0	1	2	0	0	0	0	2	0	2	1	0	0	1	1	0	2	2	1	0	0	0
PF07388	Alpha-2,8-polysialyltransferase (POLYST)	0	0	0	0	0	0	1	1	0	0	0	0	0	0	0	0	0	0	0	0	0	0	1	0	0	0	0	2	0	0	0	0	0	0	0	0	0	2	1	0	0	0
PF00400	WD domain, G-beta repeat	0	0	0	0	0	0	1	1	0	0	0	1	1	0	2	1	0	0	0	0	1	0	1	0	0	0	0	1	0	1	1	0	0	0	0	0	1	1	1	0	0	0
PF11163	Protein of unknown function (DUF2947)	0	0	0	0	0	0	1	1	0	0	0	0	0	0	0	0	0	0	0	0	0	0	1	0	0	0	0	1	0	0	0	0	0	0	0	0	0	1	0	0	0	0
PF06769	YoeB-like toxin of bacterial type II toxin-antitoxin system	0	0	0	0	0	0	1	0	0	0	0	0	0	0	0	0	0	0	0	0	0	0	0	0	0	0	0	0	0	0	0	0	0	0	0	0	0	0	0	0	0	0
PF08376	Nitrate and nitrite sensing	0	0	0	0	0	0	2	0	0	0	0	0	0	0	0	0	0	0	0	0	0	0	0	0	0	0	0	2	0	0	2	0	0	0	0	0	0	2	2	0	0	0
PF09851	Short C-terminal domain	0	0	0	0	0	0	1	1	1	0	0	0	0	0	0	0	0	0	0	0	0	0	1	0	0	0	2	1	1	1	1	0	0	0	0	1	1	1	0	0	0	0
PF01947	Chorismate pyruvate-lyase Rv2949c-like	0	0	0	0	0	0	1	0	0	0	0	0	0	0	0	0	0	0	0	0	0	0	0	0	0	0	0	0	0	0	0	0	0	0	0	0	0	0	0	0	0	0
PF05547	Immune inhibitor A peptidase M6, catalytic domain	0	0	0	0	0	0	1	1	0	0	0	0	0	0	0	0	0	0	0	0	0	0	1	0	0	0	0	1	0	0	0	0	0	0	0	0	0	1	0	0	0	0
PF07085	DRTGG domain	0	0	0	0	0	0	1	1	1	0	0	0	0	0	0	0	0	0	0	0	0	0	1	0	0	0	0	1	0	0	1	0	0	0	0	0	0	1	1	0	0	0
PF18914	Domain of unknown function (DUF5666)	0	0	0	0	0	0	1	0	0	0	0	0	0	0	0	1	0	0	0	0	0	0	0	0	0	0	0	1	0	1	1	0	0	0	0	0	1	1	0	0	0	0
PF08753	NikR C terminal nickel binding domain	0	0	0	0	0	0	2	0	0	0	0	0	0	0	0	0	0	0	0	0	0	0	1	0	0	0	0	1	0	0	0	0	0	0	0	0	0	1	0	0	0	0
PF14375	Cysteine-rich CWC	0	0	0	0	0	0	1	0	0	0	0	0	0	0	0	0	0	0	0	0	0	0	0	0	0	0	0	0	0	0	0	0	0	0	0	0	0	0	0	0	0	0
PF09905	DNA-binding protein VF530	0	0	0	0	0	0	2	2	2	1	1	0	0	0	0	1	0	0	1	1	0	0	2	0	0	0	1	2	1	1	1	1	0	0	0	1	1	2	1	1	0	0
PF11655	Protein of unknown function (DUF2589)	0	0	0	0	0	0	1	1	0	0	0	0	0	0	0	0	0	0	0	0	0	0	1	0	0	0	0	1	0	0	0	0	0	0	0	0	0	1	0	0	0	0
PF13835	Domain of unknown function (DUF4194)	0	0	0	0	0	0	1	1	1	0	0	0	0	0	0	0	0	1	0	0	0	0	1	0	0	0	0	1	0	0	0	0	0	0	0	0	0	1	0	0	0	0
PF01891	Cobalt uptake substrate-specific transmembrane region	0	0	0	0	0	0	1	1	0	0	0	0	0	0	1	0	0	0	0	0	1	0	1	0	0	1	0	1	0	1	1	0	0	0	0	0	1	1	1	0	0	1
PF01389	OmpA-like transmembrane domain	0	0	0	0	0	0	1	0	0	0	0	0	0	0	0	0	0	0	0	0	0	0	0	0	0	0	0	1	0	0	0	0	0	0	0	0	0	1	0	0	0	0
PF05117	Family of unknown function (DUF695)	0	0	0	0	0	0	1	2	0	0	0	0	0	0	0	0	0	0	0	0	0	0	1	0	0	0	0	1	0	0	0	0	0	0	0	0	0	1	0	0	0	0
PF17948	DnaT DNA-binding domain	0	0	0	0	0	0	1	1	1	0	0	0	0	0	0	0	0	0	0	0	0	0	1	0	0	0	0	1	0	1	1	0	0	0	0	0	1	1	1	0	0	0
PF20243	MbnP	0	0	0	0	0	0	1	0	0	1	0	0	0	1	0	1	0	0	0	1	0	1	0	0	0	0	1	1	2	1	1	0	0	0	0	2	1	1	1	1	0	0
PF13785	Domain of unknown function (DUF4178)	0	0	0	0	0	0	1	1	0	0	0	0	0	1	0	0	0	0	0	0	0	1	1	0	0	0	0	1	0	0	0	0	0	1	1	0	0	1	0	0	0	0
PF05621	Bacterial TniB protein	0	0	0	0	0	0	1	0	0	0	0	0	0	0	0	0	0	0	0	0	0	0	0	0	0	0	0	0	0	0	0	0	0	0	0	0	0	0	0	0	0	0
PF11842	Domain of unknown function (DUF3362)	0	0	0	0	0	0	1	1	1	0	0	0	0	0	0	1	0	0	0	0	0	0	1	0	0	0	0	1	1	1	1	0	0	0	0	1	1	1	1	0	0	0
PF08497	Radical SAM N-terminal	0	0	0	0	0	0	1	1	1	0	0	0	0	0	0	1	0	0	0	0	0	0	1	0	0	0	0	1	1	1	1	0	0	0	0	1	1	1	1	0	0	0
PF20303	YEATS-Like-Associating Three TM	0	0	0	0	0	0	1	1	0	0	0	0	0	0	0	0	0	0	0	0	0	0	1	0	0	0	0	1	0	0	0	0	0	0	0	0	0	1	0	0	0	0
PF14335	Domain of unknown function (DUF4391)	0	0	0	0	0	0	1	0	0	0	0	0	0	0	0	0	0	0	0	0	0	0	0	0	0	0	0	0	0	0	0	0	0	0	0	0	0	0	0	0	0	0
PF13776	Domain of unknown function (DUF4172)	0	0	0	0	0	0	1	1	0	0	0	0	0	0	0	0	0	0	0	0	0	0	1	0	0	1	0	2	0	0	1	0	0	0	0	0	0	2	1	0	0	1
PF14088	Domain of unknown function (DUF4268)	0	0	0	0	0	0	1	0	0	0	1	0	0	0	0	0	0	0	1	0	0	0	0	0	0	0	1	0	1	0	0	0	0	0	0	1	0	0	0	1	0	0
PF14412	A nuclease family of the HNH/ENDO VII superfamily with conserved AHH	0	0	0	0	0	0	1	1	0	0	0	0	0	0	0	0	0	0	0	0	0	0	1	0	0	0	0	3	0	0	0	0	0	0	0	0	0	3	0	0	0	0
PF11286	Protein of unknown function (DUF3087)	0	0	0	0	0	0	1	1	0	0	0	0	0	0	0	0	0	0	0	0	0	0	1	0	0	0	0	1	0	1	0	0	0	0	0	0	1	1	0	0	0	0
PF18982	Wadjet protein JetA	0	0	0	0	0	0	1	1	1	0	0	0	0	0	0	0	0	0	0	0	0	0	1	0	0	0	0	1	0	0	0	0	0	0	0	0	0	1	0	0	0	0
PF16918	Protein kinase G tetratricopeptide repeat	0	0	0	0	0	0	1	0	0	0	0	0	0	0	0	0	0	0	0	0	0	0	0	0	0	0	0	1	0	0	0	0	0	0	0	0	0	1	0	0	0	0
PF12069	Protein of unknown function (DUF3549)	0	0	0	0	0	0	1	1	1	0	0	0	0	0	0	1	0	0	0	0	0	0	1	0	0	0	0	1	0	1	1	0	0	0	0	0	1	1	1	0	0	0
PF06062	Uncharacterised protein family (UPF0231)	0	0	0	0	0	0	2	0	0	0	0	0	0	0	0	0	0	0	0	0	0	0	0	0	0	0	0	1	0	1	1	0	0	0	0	0	1	1	1	0	0	0
PF11873	Membrane-bound lytic murein transglycosylase C, N-terminal domain	0	0	0	0	0	0	1	1	0	0	0	0	0	0	0	0	0	0	0	0	0	0	1	0	0	0	0	1	0	0	0	0	0	0	0	0	0	1	0	0	0	0
PF21155	VpsT-like, receiver domain	0	0	0	0	0	0	1	1	0	0	0	0	0	0	0	0	0	0	0	0	0	0	1	0	0	0	0	1	0	0	0	0	0	0	0	0	0	1	0	0	0	0
PF04365	Ribonuclease toxin, BrnT, of type II toxin-antitoxin system	0	0	0	0	0	0	1	0	1	0	0	0	0	0	0	0	0	0	0	0	0	0	0	0	0	0	0	3	0	0	1	0	0	0	0	0	0	3	0	0	0	0
PF18967	Pycsar effector protein	0	0	0	0	0	0	1	1	0	0	1	0	0	0	0	0	0	0	1	0	0	0	1	0	0	0	3	1	1	0	0	0	0	0	0	1	0	1	0	2	0	0
PF02498	BRO family, N-terminal domain	0	0	0	0	0	0	1	0	0	1	0	0	0	0	0	1	0	0	0	0	0	0	0	0	0	0	0	2	0	1	0	1	0	0	0	0	1	2	0	0	0	0
PF09134	Invasin, domain 3	0	0	0	0	0	0	1	0	0	0	0	0	0	0	0	0	0	0	0	0	0	0	0	0	0	0	0	1	0	0	0	0	0	0	0	0	0	1	0	0	0	0
PF13555	P-loop containing region of AAA domain	0	0	0	0	0	0	1	1	1	0	0	0	0	0	0	0	0	1	0	0	0	0	1	0	0	0	0	1	0	0	0	0	0	0	0	0	0	1	0	0	0	0
PF18947	HAMP domain	0	0	0	0	0	0	1	0	0	0	0	0	0	0	1	1	0	0	0	0	1	0	0	0	0	0	0	1	0	1	1	0	0	0	0	0	1	1	1	0	0	0
PF12008	Type I restriction and modification enzyme - subunit R C terminal	0	0	0	0	0	0	1	1	0	0	0	0	0	0	1	0	0	0	0	0	0	0	0	0	0	0	0	1	0	1	0	0	0	0	0	0	1	1	0	0	0	0
PF20110	Family of unknown function (DUF6500)	0	0	0	0	0	0	1	0	0	0	0	0	0	0	0	0	0	0	0	0	0	0	0	0	0	0	0	1	1	1	0	0	0	0	0	1	1	1	0	0	0	0
PF11288	Protein of unknown function (DUF3089)	0	0	0	0	0	0	1	0	1	0	0	0	0	0	0	0	0	0	0	0	0	0	0	0	0	0	0	1	0	0	0	0	0	0	0	0	0	1	0	0	0	0
PF04219	Protein of unknown function, DUF	0	0	0	0	0	0	1	1	0	0	0	0	0	0	0	0	0	0	0	0	0	0	1	0	0	0	0	1	0	1	2	0	0	0	0	0	1	1	2	0	0	0
PF14357	Domain of unknown function (DUF4404)	0	0	0	0	0	0	1	1	0	0	0	0	0	0	0	0	0	0	0	0	0	0	1	0	0	0	0	1	0	0	0	0	0	0	0	0	0	1	0	0	0	0
PF14278	Transcriptional regulator C-terminal region	0	0	0	0	0	0	1	0	0	0	0	0	0	0	0	0	0	0	0	0	0	0	0	0	0	0	0	1	0	0	0	0	0	0	0	0	0	1	0	0	0	0
PF18335	ATP-dependent RecD-like DNA helicase SH3 domain	0	0	0	0	0	0	1	0	0	0	0	0	0	0	0	0	0	0	0	0	0	0	0	0	0	0	0	1	0	0	0	0	0	0	0	0	0	1	0	0	0	0
PF14280	Domain of unknown function (DUF4365)	0	0	0	0	0	0	1	0	0	0	0	0	0	0	0	0	0	0	0	0	0	0	0	0	0	0	1	0	0	0	0	0	0	0	0	0	0	0	0	1	0	0
PF19778	Endonuclease domain	0	0	0	0	0	0	1	0	0	0	0	0	0	0	0	0	0	0	0	0	0	0	0	0	0	0	0	0	0	0	0	0	0	0	0	0	0	0	0	0	0	0
PF09723	Zinc ribbon domain	0	0	0	0	0	0	1	1	0	1	0	0	0	0	0	0	0	0	0	0	0	0	1	0	0	0	0	1	0	0	0	0	0	0	0	0	0	1	0	0	0	0
PF13911	AhpC/TSA antioxidant enzyme	0	0	0	0	0	0	1	0	0	0	0	0	0	0	0	0	0	0	0	0	0	0	0	0	0	0	0	1	0	0	0	0	0	0	0	0	0	1	0	0	0	0
PF18331	PKHD-type hydroxylase C-terminal domain	0	0	0	0	0	0	1	1	0	0	0	1	0	0	0	0	0	0	0	0	0	0	1	0	1	0	0	1	0	1	0	0	0	0	0	0	1	1	0	0	0	0
PF03975	CheD chemotactic sensory transduction	0	0	0	0	0	0	1	1	0	0	0	0	0	0	0	0	0	0	0	0	0	0	1	0	0	1	0	1	0	1	1	0	0	0	0	0	1	1	1	0	0	1
PF14064	HmuY protein	0	0	0	0	0	0	1	0	0	0	0	0	0	0	0	0	0	0	0	0	0	0	0	0	0	0	0	1	1	0	0	0	0	0	0	1	0	1	0	0	0	0
PF13274	Antitoxin SocA-like, Panacea domain	0	0	0	0	0	0	1	0	0	0	0	0	1	0	0	0	0	0	0	0	0	1	0	0	0	0	0	0	0	0	0	0	0	0	0	0	0	0	0	0	0	0
PF02265	S1/P1 Nuclease	0	0	0	0	0	0	1	1	1	0	0	1	1	0	0	1	0	0	0	0	0	0	1	0	0	0	1	1	0	1	1	0	0	0	0	0	1	1	1	1	0	0
PF18318	Glutamine synthetase C-terminal domain	0	0	0	0	0	0	1	1	0	0	1	0	0	0	0	0	0	0	1	0	0	0	1	0	0	0	1	1	1	0	0	0	0	0	0	1	0	1	0	1	0	0
PF12437	Glutamine synthetase type III N terminal	0	0	0	0	0	0	1	1	0	0	0	0	0	0	0	0	0	0	1	0	0	0	1	0	0	0	1	1	1	0	0	0	0	0	0	1	0	1	0	1	0	0
PF08719	NADAR domain	0	0	0	0	0	0	1	1	0	0	0	0	0	0	0	0	0	0	0	0	0	0	1	0	0	0	0	1	0	0	0	0	0	0	0	0	0	1	0	0	0	0
PF21158	Flagellar hook-associated protein 1, D2-like domain	0	0	0	0	0	0	1	1	0	0	0	0	0	0	0	0	0	0	0	0	0	0	1	0	0	0	0	1	0	0	0	0	0	0	0	0	0	1	0	0	0	0
PF06130	Phosphate propanoyltransferase	0	0	0	0	0	0	1	0	0	0	0	0	0	0	0	0	0	0	0	0	0	0	0	0	0	0	0	0	0	0	0	0	0	0	0	0	0	0	0	0	0	0
PF20029	Domain of unknown function (DUF6436)	0	0	0	0	0	0	1	1	0	0	0	0	0	0	0	1	0	0	0	0	0	0	1	0	0	0	0	1	0	1	1	0	0	0	0	0	1	1	1	0	0	0
PF11903	ParD-like antitoxin of type II bacterial toxin-antitoxin system	0	0	0	0	0	0	1	2	0	0	0	1	1	0	0	0	0	0	0	0	0	0	2	0	0	0	0	2	0	0	1	0	0	0	0	0	0	2	1	0	0	0
PF18089	DAPG hydrolase PhiG domain	0	0	0	0	0	0	1	0	0	0	0	0	0	0	0	0	0	0	0	0	0	0	0	0	0	0	0	1	0	0	0	1	0	0	0	0	0	1	0	0	0	0
PF16985	Domain of unknown function (DUF5086)	0	0	0	0	0	0	1	0	0	0	0	0	0	0	0	0	0	0	0	0	0	0	0	0	0	0	0	1	0	0	0	0	0	0	0	0	0	1	0	0	0	0
PF17761	DUF1016 N-terminal domain	0	0	0	0	0	0	1	1	0	0	0	0	0	0	0	0	0	0	0	0	0	0	1	0	0	0	0	1	0	0	0	0	0	0	0	0	0	1	0	0	0	0
PF06250	YhcG PDDEXK nuclease domain	0	0	0	0	0	0	1	1	0	0	0	0	0	0	0	0	0	0	0	0	0	0	1	0	0	0	0	1	0	0	0	0	0	0	0	0	0	1	0	0	0	0
PF17910	FeoB cytosolic helical domain	0	0	0	0	0	0	1	1	0	0	0	0	0	0	0	0	0	0	0	0	0	0	1	0	0	0	0	1	0	0	0	0	0	0	0	0	0	1	0	0	0	0
PF07664	Ferrous iron transport protein B C terminus	0	0	0	0	0	0	1	1	0	0	1	0	0	0	0	1	0	0	1	0	0	0	1	0	0	0	1	1	1	1	0	0	0	0	0	1	1	1	0	1	0	0
PF02421	Ferrous iron transport protein B	0	0	0	0	0	0	1	1	0	0	1	0	0	0	0	1	0	0	1	0	0	0	1	0	0	0	1	1	1	1	0	0	0	0	0	1	1	1	0	1	0	0
PF14076	Domain of unknown function (DUF4258)	0	0	0	0	0	0	0	1	0	0	0	0	0	0	0	0	0	0	1	0	0	0	1	0	0	0	0	0	0	0	0	0	0	0	0	0	0	0	0	0	0	0
PF18722	MazG C-terminal domain	0	0	0	0	0	0	0	1	0	0	0	0	0	0	0	0	0	0	0	0	0	0	1	0	0	0	0	0	0	0	0	0	0	0	0	0	0	0	0	0	0	0
PF13408	Recombinase zinc beta ribbon domain	0	0	0	0	0	0	0	1	0	0	0	0	1	0	3	0	0	1	0	0	0	0	1	0	0	0	0	0	0	0	1	0	0	0	0	0	0	0	1	0	0	0
PF19583	ODP family beta lactamase	0	0	0	0	0	0	0	1	0	1	0	0	0	0	0	0	0	0	0	1	0	0	1	0	0	0	0	0	0	0	0	1	0	0	0	0	0	0	0	0	0	0
PF02112	cAMP phosphodiesterases class-II	0	0	0	0	0	0	0	1	0	0	0	0	0	0	0	0	0	0	0	0	0	0	1	0	0	0	0	0	0	0	0	0	0	0	0	0	0	0	0	0	0	0
PF11325	Domain of unknown function (DUF3127)	0	0	0	0	0	0	0	1	1	0	1	0	0	0	0	0	0	0	1	0	0	0	0	0	0	0	1	1	1	0	0	0	0	0	0	1	0	1	0	1	0	0
PF06751	Ethanolamine ammonia lyase large subunit (EutB)	0	0	0	0	0	0	0	1	0	0	0	0	0	0	0	0	0	0	0	0	0	0	1	0	0	1	0	0	0	0	0	0	0	0	0	0	0	0	0	0	0	1
PF12476	Protein of unknown function (DUF3696)	0	0	0	0	0	0	0	1	0	0	0	0	0	0	0	0	0	0	0	0	0	0	0	0	0	0	0	0	0	0	0	0	0	0	0	0	0	0	0	0	0	0
PF05713	Bacterial mobilisation protein (MobC)	0	0	0	0	0	0	0	1	0	0	0	0	0	0	0	0	0	0	0	0	0	0	1	0	0	0	0	0	0	0	0	0	0	0	0	0	0	0	0	0	0	0
PF00147	Fibrinogen beta and gamma chains, C-terminal globular domain	0	0	0	0	0	0	0	1	0	0	0	0	0	0	0	0	0	0	0	0	0	0	0	0	0	0	0	0	0	0	0	0	0	0	0	0	0	0	0	0	0	0
PF06516	Purine nucleoside permease (NUP)	0	0	0	0	0	0	0	1	0	0	0	0	0	0	0	0	0	0	0	0	0	0	1	0	0	0	0	0	0	0	1	0	0	0	0	0	0	0	1	0	0	0
PF04126	Cyclophilin-like	0	0	0	0	0	0	0	1	0	0	0	0	0	0	0	0	0	0	0	0	0	0	1	0	0	0	0	0	0	0	0	0	0	0	0	0	0	0	0	0	0	0
PF10592	AIPR protein	0	0	0	0	0	0	0	1	0	0	0	1	0	0	0	0	0	0	0	0	0	0	1	0	0	0	0	0	0	1	0	0	0	0	0	0	1	0	0	0	0	0
PF06611	Protein of unknown function (DUF1145)	0	0	0	0	0	0	0	1	0	0	0	0	0	0	0	0	0	0	0	0	0	0	2	0	0	0	0	1	0	0	0	1	0	0	0	0	0	1	0	0	0	0
PF18421	Peptidase family M23 N-terminal domain	0	0	0	0	0	0	0	1	0	0	0	0	0	0	0	0	0	0	0	0	0	0	1	0	0	0	0	1	0	0	0	0	0	0	0	0	0	1	0	0	0	0
PF12639	DNase/tRNase domain of colicin-like bacteriocin	0	0	0	0	0	0	0	1	0	0	0	0	0	0	0	0	0	0	0	0	0	0	0	0	0	0	0	0	0	0	0	0	0	0	0	0	0	0	0	0	0	0
PF01850	PIN domain	0	0	0	0	0	0	0	1	1	1	0	0	1	0	1	0	0	0	0	0	1	0	1	0	0	0	0	0	0	2	0	0	0	0	0	0	2	0	0	0	0	0
PF20703	Novel STAND NTPase 1	0	0	0	0	0	0	0	1	0	0	0	0	0	0	0	0	0	0	0	0	0	0	1	0	0	0	0	0	0	0	0	0	0	0	0	0	0	0	0	0	0	0
PF11804	Protein of unknown function (DUF3325)	0	0	0	0	0	0	0	1	0	0	0	0	0	0	0	0	0	0	0	0	0	0	1	0	0	0	0	0	0	0	0	1	0	0	0	0	0	0	0	0	0	0
PF20628	Dyp-type peroxidase, C-terminal	0	0	0	0	0	0	0	1	1	1	0	0	0	0	0	1	0	0	0	1	0	0	0	0	0	0	0	1	0	1	1	1	0	0	0	0	1	1	1	0	0	0
PF04261	Dyp-type peroxidase, N-terminal	0	0	0	0	0	0	0	1	1	0	0	0	0	0	0	1	0	0	0	0	0	0	0	0	0	0	0	1	0	1	1	0	0	0	0	0	1	1	1	0	0	0
PF05643	Putative lipoprotein GNA1162-like	0	0	0	0	0	0	0	1	0	0	0	0	0	0	0	1	0	0	0	0	0	0	1	0	0	0	0	0	0	1	0	0	0	0	0	0	1	0	0	0	0	0
PF20598	Domain of unknown function (DUF6795)	0	0	0	0	0	0	0	1	0	0	0	0	0	0	0	0	0	0	0	0	0	0	1	0	0	0	0	4	0	0	0	0	0	0	0	0	0	4	0	0	0	0
PF13582	Metallo-peptidase family M12B Reprolysin-like	0	0	0	0	0	0	0	1	0	0	0	0	0	0	0	0	0	0	0	0	0	0	1	0	0	0	0	0	0	0	0	0	0	0	0	0	0	0	0	0	0	0
PF16068	Domain of unknown function (DUF4810)	0	0	0	0	0	0	0	1	0	0	0	0	0	0	0	1	0	0	0	0	0	0	1	0	0	0	0	0	0	1	0	0	0	0	0	0	1	0	0	0	0	0
PF21001	Inner membrane protein YqiJ, N-terminal	0	0	0	0	0	0	0	1	0	0	0	0	0	0	0	0	0	0	0	0	0	0	1	0	0	0	0	0	0	0	1	0	0	0	0	0	0	0	1	0	0	0
PF07290	Inner membrane protein YqiJ, OB-fold	0	0	0	0	0	0	0	1	0	0	0	0	0	0	0	0	0	0	0	0	0	0	1	0	0	0	0	0	0	0	1	0	0	0	0	0	0	0	1	0	0	0
PF21294	Polysaccharide lyase 14	0	0	0	0	0	0	0	1	0	0	0	0	0	0	0	0	0	0	0	0	0	0	1	0	0	0	0	0	0	0	0	0	0	0	0	0	0	0	1	0	0	0
PF05141	Pyoverdine/dityrosine biosynthesis protein	0	0	0	0	0	0	0	1	0	0	0	0	0	0	0	0	0	0	0	0	0	0	1	0	0	0	0	0	0	0	0	0	0	0	0	0	0	0	0	0	0	0
PF04342	Putative member of DMT superfamily (DUF486)	0	0	0	0	0	0	0	1	0	0	0	0	0	0	0	0	0	0	0	0	0	0	1	0	0	1	0	0	0	0	0	0	0	0	0	0	0	0	0	0	0	1
PF13414	TPR repeat	0	0	0	0	0	0	0	1	1	0	2	0	0	0	0	0	0	0	0	0	0	0	1	0	0	0	1	0	1	2	0	0	0	0	0	1	2	0	0	1	0	0
PF12696	TraM recognition site of TraD and TraG	0	0	0	0	0	0	0	1	0	0	0	0	0	0	0	0	0	1	0	0	0	0	1	0	0	0	0	0	0	0	0	0	0	0	0	0	0	0	0	0	0	0
PF00324	Amino acid permease	0	0	0	0	0	0	0	1	0	0	1	0	0	0	0	0	0	0	1	0	0	0	1	0	0	0	0	0	0	0	0	0	0	0	0	0	0	0	0	0	0	0
PF13817	IS66 C-terminal element	0	0	0	0	0	0	0	3	0	1	0	1	0	1	1	0	0	0	0	1	2	0	3	0	1	0	0	1	0	2	2	0	0	0	0	0	1	1	2	0	0	0
PF08780	Nucleotidyltransferase substrate binding protein like	0	0	0	0	0	0	0	2	0	0	0	0	0	0	0	0	0	0	0	0	0	0	1	0	0	0	0	2	0	0	0	1	0	0	0	0	0	2	0	0	0	0
PF08937	Thoeris protein ThsB, TIR-like domain	0	0	0	0	0	0	0	2	0	0	0	0	0	0	1	0	0	0	0	0	0	0	1	0	0	0	1	0	0	1	0	0	0	0	0	0	1	0	0	1	0	0
PF14333	Domain of unknown function (DUF4389)	0	0	0	0	0	0	0	1	1	0	0	0	0	1	1	0	0	0	0	0	1	1	1	0	0	0	0	0	0	0	0	0	0	1	1	0	0	0	0	0	0	0
PF14300	Domain of unknown function (DUF4375)	0	0	0	0	0	0	0	1	0	0	1	0	0	0	0	0	0	0	1	0	0	0	1	0	0	0	0	0	2	0	0	0	0	0	0	2	0	0	0	0	0	0
PF09957	Bacterial antitoxin of type II TA system, VapB	0	0	0	0	0	0	0	1	1	0	0	0	0	0	0	0	0	0	0	0	0	0	1	0	0	0	0	0	0	1	0	0	0	0	0	0	1	0	0	0	0	0
PF15975	Flotillin	0	0	0	0	0	0	0	1	0	0	0	0	0	1	0	0	0	0	0	0	0	1	1	0	0	0	0	0	0	0	1	0	0	0	0	0	0	0	1	0	0	0
PF19669	Family of unknown function (DUF6172)	0	0	0	0	0	0	0	1	1	0	0	0	0	0	0	0	0	0	0	0	0	0	1	0	0	0	0	1	0	0	0	0	0	0	0	0	0	1	0	0	0	0
PF07581	The GLUG motif	0	0	0	0	0	0	0	2	0	0	0	0	0	0	0	0	0	0	0	0	0	0	2	0	0	0	0	1	0	0	0	0	0	0	0	0	0	1	0	0	0	0
PF05985	Ethanolamine ammonia-lyase light chain (EutC)	0	0	0	0	0	0	0	1	0	0	0	0	0	0	0	0	0	0	0	0	0	0	1	0	0	1	0	0	0	0	0	0	0	0	0	0	0	0	0	0	0	1
PF18163	SLOG cluster2	0	0	0	0	0	0	0	1	0	0	0	0	0	0	0	0	0	0	0	0	0	0	1	0	0	0	0	0	0	0	0	0	0	0	0	0	0	0	0	0	0	0
PF13007	Transposase C of IS166 homeodomain	0	0	0	0	0	0	0	3	0	1	0	1	0	0	1	0	0	0	0	1	2	0	2	0	1	0	0	0	0	1	0	0	0	0	0	0	1	0	1	0	0	0
PF13005	zinc-finger binding domain of transposase IS66	0	0	0	0	0	0	0	3	0	1	0	1	0	0	1	0	0	0	0	1	2	0	2	0	1	0	0	0	0	0	0	0	0	0	0	0	0	0	0	0	0	0
PF07586	Protein of unknown function (DUF1552)	0	0	0	0	0	0	0	1	0	0	0	0	0	0	0	0	0	0	0	0	0	0	1	0	0	0	0	0	0	0	0	0	0	0	0	0	0	0	0	0	0	0
PF07791	Protein of unknown function (DUF1629)	0	0	0	0	0	0	0	1	0	0	0	0	0	0	0	0	0	0	0	0	0	0	1	0	0	0	0	1	0	0	0	0	0	0	0	0	0	1	0	0	0	0
PF09720	Putative addiction module component	0	0	0	0	0	0	0	1	0	0	0	0	0	0	0	0	0	0	0	0	0	0	1	0	0	0	0	1	0	2	1	0	0	0	0	0	2	1	2	0	0	0
PF09086	Domain of unknown function (DUF1924)	0	0	0	0	0	0	0	1	0	0	0	0	0	0	0	0	0	0	0	0	0	0	1	0	0	0	0	0	0	0	0	0	0	0	0	0	0	0	0	0	0	0
PF00689	Cation transporting ATPase, C-terminus	0	0	0	0	0	0	0	1	0	0	0	1	0	0	0	0	0	1	0	0	0	0	1	0	0	0	0	0	0	0	0	0	0	0	0	0	0	0	0	0	0	0
PF13246	Cation transport ATPase (P-type)	0	0	0	0	0	0	0	1	0	0	0	1	0	0	0	0	0	1	0	0	0	0	1	0	0	0	0	0	0	0	0	0	0	0	0	0	0	0	0	0	0	0
PF00690	Cation transporter/ATPase, N-terminus	0	0	0	0	0	0	0	1	0	0	0	1	0	0	0	0	0	1	0	0	0	0	1	0	0	0	0	0	0	0	0	0	0	0	0	0	0	0	0	0	0	0
PF02594	Uncharacterised ACR, YggU family COG1872	0	0	0	0	0	0	0	1	0	0	0	1	1	0	0	0	0	0	0	0	0	0	1	0	0	0	0	0	0	0	0	0	0	0	0	0	0	0	0	0	0	0
PF14568	SMI1-KNR4 cell-wall	0	0	0	0	0	0	0	1	0	0	0	0	0	0	0	0	0	0	0	0	0	0	0	0	0	0	0	0	0	0	0	0	0	0	0	0	0	0	0	0	0	0
PF03432	Relaxase/Mobilisation nuclease domain	0	0	0	0	0	0	0	1	0	0	0	0	0	1	1	0	0	0	0	0	0	1	1	0	0	0	0	0	0	0	0	0	0	0	0	0	0	0	0	0	0	0
PF07275	Antirestriction protein (ArdA)	0	0	0	0	0	0	0	1	0	0	0	3	1	0	0	0	0	0	0	0	0	0	1	0	0	0	0	0	0	0	0	0	0	0	0	0	0	0	0	0	0	0
PF19581	Glyoxalase superfamily protein	0	0	0	0	0	0	0	1	0	0	0	0	0	0	0	0	0	0	0	0	0	0	1	0	0	0	0	0	0	0	0	1	0	0	0	0	0	0	0	0	0	0
PF12167	Arm DNA-binding domain	0	0	0	0	0	0	0	1	1	0	0	0	0	0	0	0	0	0	0	0	0	0	0	0	0	0	0	0	0	3	0	0	0	0	0	0	3	0	0	0	0	0
PF13644	DKNYY family	0	0	0	0	0	0	0	1	0	0	0	0	0	0	0	0	0	0	0	0	0	0	1	0	0	0	0	1	0	0	0	0	0	0	0	0	0	1	0	0	0	0
PF09369	MrfA Zn-binding domain	0	0	0	0	0	0	0	1	0	0	0	0	0	0	1	0	0	0	0	0	0	0	0	0	0	0	0	0	0	0	0	0	0	0	0	0	0	0	0	0	0	0
PF08278	DNA primase DnaG DnaB-binding	0	0	0	0	0	0	0	1	0	1	0	0	0	0	0	0	0	0	0	1	0	0	1	0	0	0	0	1	0	1	1	0	0	0	0	0	1	1	1	0	0	0
PF00415	Regulator of chromosome condensation (RCC1) repeat	0	0	0	0	0	0	0	1	0	0	0	0	0	0	1	0	0	0	0	0	0	0	1	0	0	0	0	0	0	0	0	0	0	0	0	0	0	0	0	0	0	0
PF13540	Regulator of chromosome condensation (RCC1) repeat	0	0	0	0	0	0	0	1	0	0	0	0	0	0	0	0	0	0	0	0	0	0	1	0	0	0	0	0	0	0	0	0	0	0	0	0	0	0	0	0	0	0
PF10386	Protein of unknown function (DUF2441)	0	0	0	0	0	0	0	1	0	0	0	0	0	0	0	0	0	0	0	0	0	0	1	0	0	0	0	0	0	0	0	0	0	0	0	0	0	0	0	0	0	0
PF03894	D-xylulose 5-phosphate/D-fructose 6-phosphate phosphoketolase	0	0	0	0	0	0	0	1	0	1	0	0	0	0	0	0	0	1	0	1	0	0	1	0	0	0	0	1	0	0	0	0	0	0	0	0	0	1	0	0	0	0
PF09364	XFP N-terminal domain	0	0	0	0	0	0	0	1	0	1	0	0	0	0	0	0	0	1	0	1	0	0	1	0	0	0	0	1	0	0	0	0	0	0	0	0	0	1	0	0	0	0
PF16956	Putative general bacterial porin	0	0	0	0	0	0	0	1	0	0	0	0	0	0	0	1	0	0	0	0	0	0	1	0	0	0	0	0	0	1	0	0	0	0	0	0	1	0	0	0	0	0
PF04326	Schlafen, AlbA_2	0	0	0	0	0	0	0	1	0	0	2	0	1	0	1	0	0	0	1	0	0	0	1	0	0	0	1	1	2	0	0	0	0	0	0	2	0	0	0	1	0	0
PF10070	Probable inorganic carbon transporter subunit DabA	0	0	0	0	0	0	0	1	0	0	1	0	0	0	0	0	0	0	2	0	0	0	1	0	0	1	0	0	0	0	1	0	0	0	0	0	0	0	1	0	0	1
PF18153	SMODS-associating 2TM, beta-strand rich effector domain	0	0	0	0	0	0	0	1	0	0	0	0	0	0	0	0	0	0	0	0	0	0	1	0	0	0	0	1	0	0	0	0	0	0	0	0	0	1	0	0	0	0
PF02917	Pertussis toxin, subunit 1	0	0	0	0	0	0	0	1	0	0	0	0	0	0	0	0	0	0	0	0	0	0	0	0	0	0	0	0	0	0	0	0	0	0	0	0	0	0	0	0	0	0
PF21306	Tetracyclin repressor-like, C-terminal domain	0	0	0	0	0	0	0	1	0	0	0	0	0	0	0	0	0	0	0	0	0	0	1	0	0	0	0	0	0	0	0	3	0	0	0	0	0	0	0	0	0	0
PF13855	Leucine rich repeat	0	0	0	0	0	0	0	1	0	0	0	0	0	0	0	0	0	0	0	0	0	0	1	0	0	0	1	0	1	0	0	0	0	0	0	1	0	0	0	1	0	0
PF00182	Chitinase class I	0	0	0	0	0	0	0	1	0	0	0	0	0	0	0	0	0	0	0	0	0	0	0	0	0	1	0	0	0	0	0	0	0	0	0	0	0	0	0	0	0	1
PF09295	ChAPs (Chs5p-Arf1p-binding proteins)	0	0	0	0	0	0	0	1	0	0	0	0	0	0	0	0	0	0	0	0	0	0	1	0	0	0	0	0	0	1	0	0	0	0	0	0	1	0	0	0	0	0
PF17113	Regulatory signalling modulator protein AmpE	0	0	0	0	0	0	0	2	1	0	0	0	0	0	0	0	0	0	0	0	0	0	1	0	0	0	0	1	0	1	1	0	0	0	0	0	1	1	1	0	0	0
PF21688	FAD-dependent protein, C-terminal domain-like	0	0	0	0	0	0	0	1	0	0	1	0	0	0	0	1	0	0	1	0	0	0	1	0	0	0	1	1	1	1	0	0	0	0	0	1	1	1	0	1	0	0
PF05345	Putative Ig domain	0	0	0	0	0	0	0	1	0	0	1	0	0	0	0	0	0	0	1	0	0	0	1	0	0	1	0	3	0	0	1	0	0	0	0	0	0	3	1	0	0	1
PF18753	Nucleotide modification associated domain 2	0	0	0	0	0	0	0	1	0	0	0	0	0	0	1	0	0	0	0	0	0	0	1	0	0	0	0	0	0	0	0	0	0	0	0	0	0	0	0	0	0	0
PF13310	Virulence protein RhuM family	0	0	0	0	0	0	0	3	0	0	0	0	0	0	0	0	0	0	0	0	0	0	1	0	0	0	0	0	0	1	0	1	0	0	0	0	0	0	0	0	0	0
PF17970	Bacterial Alpha-2-macroglobulin MG1 domain	0	0	0	0	0	0	0	1	0	0	0	0	0	0	0	0	0	0	0	0	0	0	0	0	0	0	0	0	0	0	0	0	0	0	0	0	0	0	0	0	0	0
PF12847	Methyltransferase domain	0	0	0	0	0	0	0	1	0	0	0	0	0	0	0	0	0	0	0	0	0	0	1	0	0	0	0	0	0	0	0	0	0	0	0	0	0	0	0	0	0	0
PF08681	Protein of unknown function (DUF1778)	0	0	0	0	0	0	0	1	0	0	0	0	0	0	1	0	0	0	0	0	0	0	1	0	0	0	0	0	0	0	0	0	0	0	0	0	0	0	0	0	0	0
PF04298	Putative neutral zinc metallopeptidase	0	0	0	0	0	0	0	1	0	0	1	0	0	0	0	0	0	0	1	0	0	0	1	0	0	0	1	0	1	0	0	0	0	0	0	1	0	0	0	1	0	0
PF12557	Cob(I)alamin adenosyltransferase N terminal	0	0	0	0	0	0	0	1	0	0	0	0	0	1	0	0	0	0	0	0	0	1	1	0	0	1	0	1	0	0	0	0	0	0	0	0	0	1	0	0	0	1
PF10277	Frag1/DRAM/Sfk1 family	0	0	0	0	0	0	0	1	0	0	0	0	0	0	0	0	0	0	0	0	0	0	1	0	0	0	0	0	0	0	0	0	0	0	0	0	0	0	0	0	0	0
PF14090	Helix-turn-helix domain	0	0	0	0	0	0	0	1	0	0	0	0	0	0	0	0	0	0	0	0	0	0	1	0	0	0	0	0	0	0	0	0	0	0	0	0	0	0	0	0	0	0
PF11162	Protein of unknown function (DUF2946)	0	0	0	0	0	0	0	1	0	0	0	0	0	0	0	0	0	0	0	0	0	0	0	0	0	1	0	0	0	0	0	1	0	0	0	0	0	0	0	0	0	0
PF14863	Alkyl sulfatase dimerisation	0	0	0	0	0	0	0	1	1	0	0	1	1	0	0	0	0	0	0	0	0	0	1	0	0	0	0	0	0	0	0	1	0	0	0	0	0	0	0	0	0	0
PF14864	Alkyl sulfatase C-terminal	0	0	0	0	0	0	0	1	1	0	0	2	1	0	0	0	0	0	0	0	0	0	1	0	0	0	0	0	0	0	0	2	0	0	0	0	0	0	0	0	0	0
PF11333	Protein of unknown function (DUF3135)	0	0	0	0	0	0	0	1	0	0	0	0	0	0	0	0	0	0	0	0	0	0	1	0	0	0	0	1	0	0	0	0	0	0	0	0	0	1	0	0	0	0
PF04341	Protein of unknown function, DUF485	0	0	0	0	0	0	0	1	0	0	0	0	0	0	0	0	0	0	0	0	0	0	1	0	0	0	0	0	0	0	0	0	0	0	0	0	0	0	0	0	0	0
PF09626	Dihaem cytochrome c	0	0	0	0	0	0	0	1	0	0	0	0	0	0	0	0	0	0	0	0	0	0	1	0	0	0	0	0	0	0	0	0	0	0	0	0	0	0	0	0	0	0
PF20229	Protein ChrB, N-terminal	0	0	0	0	0	0	0	1	0	0	0	0	0	0	0	0	0	0	0	0	0	0	1	0	0	0	0	0	0	0	0	0	0	0	0	0	0	0	0	0	0	0
PF09828	ChrB, C-terminal domain	0	0	0	0	0	0	0	1	0	0	0	0	1	0	1	0	0	0	0	0	1	0	1	0	0	0	0	0	0	0	0	0	0	0	0	0	0	0	0	0	0	0
PF13781	DoxX-like family	0	0	0	0	0	0	0	1	0	0	0	0	0	1	0	0	0	0	0	0	0	1	1	0	0	0	0	0	0	0	0	0	0	1	1	0	0	0	0	0	0	0
PF07080	Protein of unknown function (DUF1348)	0	0	0	0	0	0	0	1	0	0	0	0	1	1	0	0	0	0	0	0	0	1	1	0	0	0	0	1	0	0	0	0	0	1	1	0	0	1	0	0	0	0
PF10093	Elongation-Factor P (EF-P) rhamnosyltransferase EarP	0	0	0	0	0	0	0	1	0	0	0	0	0	0	0	0	0	0	0	0	0	0	1	0	0	0	0	0	0	0	0	0	0	0	0	0	0	0	0	0	0	0
PF18928	Family of unknown function (DUF5677)	0	0	0	0	0	0	0	1	0	1	0	0	0	0	0	0	0	0	0	1	0	0	1	0	0	0	0	0	0	0	0	0	0	0	0	0	0	0	0	0	0	0
PF05231	MASE1	0	0	0	0	0	0	0	1	0	0	0	1	1	0	0	0	0	0	0	0	0	0	1	0	0	0	0	1	0	0	0	0	0	0	0	0	0	1	0	0	0	0
PF08173	Membrane bound YbgT-like protein	0	0	0	0	0	0	0	1	0	0	0	0	0	1	0	1	0	0	0	0	0	0	1	0	0	0	0	0	0	1	1	0	0	0	0	0	1	0	1	0	0	0
PF16325	Peptidase family U32 C-terminal domain	0	0	0	0	0	0	0	1	1	0	0	0	0	1	0	0	0	0	0	0	0	1	1	0	0	0	0	0	0	0	0	0	0	0	0	0	0	0	0	0	0	0
PF01136	Peptidase family U32	0	0	0	0	0	0	0	1	1	0	0	0	0	1	0	0	0	0	0	0	0	1	1	0	0	0	0	0	0	0	0	0	0	0	0	0	0	0	0	0	0	0
PF11872	Protein of unknown function (DUF3392)	0	0	0	0	0	0	0	1	0	0	0	0	0	0	0	0	0	0	0	0	0	0	1	0	0	0	0	0	0	0	1	0	0	0	0	0	0	0	0	0	0	0
PF09600	Cyd operon protein YbgE (Cyd_oper_YbgE)	0	0	0	0	0	0	0	1	0	0	0	0	0	0	0	0	0	0	0	0	0	0	1	0	0	0	0	0	0	0	0	0	0	0	0	0	0	0	0	0	0	0
PF14113	Type VI secretion system (T6SS), amidase effector protein 4	0	0	0	0	0	0	0	1	0	0	0	0	0	0	0	0	0	0	0	0	0	0	0	0	0	0	0	0	0	0	0	0	0	0	0	0	0	0	0	0	0	0
PF19886	Domain of unknown function (DUF6359)	0	0	0	0	0	0	0	1	0	0	0	0	0	0	0	0	0	0	0	0	0	0	1	0	0	0	0	0	0	0	0	0	0	0	0	0	0	0	0	0	0	0
PF21293	Ribonuclease D, C-terminal HRDC domain	0	0	0	0	0	0	0	1	0	0	0	0	0	0	0	1	0	0	0	0	0	0	1	0	0	0	0	0	0	1	1	0	0	0	0	0	1	0	1	0	0	0
PF06146	Phosphate-starvation-inducible E family	0	0	0	0	0	0	0	1	0	0	0	0	0	0	0	0	0	0	0	0	0	0	1	0	0	0	0	0	0	0	0	0	0	0	0	0	0	0	0	0	0	0
PF21419	RoxA-like, cytochrome c-like	0	0	0	0	0	0	0	1	0	0	0	0	0	0	1	0	0	0	0	0	1	0	1	0	0	0	0	0	0	0	0	0	0	0	0	0	0	0	0	0	0	0
PF03843	Outer membrane lipoprotein Slp family	0	0	0	0	0	0	0	1	0	0	0	0	0	0	0	1	0	0	0	0	0	0	1	0	0	0	0	0	0	1	1	0	0	0	0	0	1	0	1	0	0	0
PF07637	Protein of unknown function (DUF1595)	0	0	0	0	0	0	0	1	0	0	0	0	0	0	0	0	0	0	0	0	0	0	1	0	0	0	0	0	0	0	0	0	0	0	0	0	0	0	0	0	0	0
PF07627	Protein of unknown function (DUF1588)	0	0	0	0	0	0	0	1	0	0	0	0	0	0	0	0	0	0	0	0	0	0	1	0	0	0	0	0	0	0	0	0	0	0	0	0	0	0	0	0	0	0
PF07624	Protein of unknown function (DUF1585)	0	0	0	0	0	0	0	1	0	0	0	0	0	0	0	0	0	0	0	0	0	0	1	0	0	0	0	0	0	0	0	0	0	0	0	0	0	0	0	0	0	0
PF07626	Protein of unknown function (DUF1587)	0	0	0	0	0	0	0	1	0	0	0	0	0	0	0	0	0	0	0	0	0	0	1	0	0	0	0	0	0	0	0	0	0	0	0	0	0	0	0	0	0	0
PF07631	Protein of unknown function (DUF1592)	0	0	0	0	0	0	0	1	0	0	0	0	0	0	0	0	0	0	0	0	0	0	1	0	0	0	0	0	0	0	0	0	0	0	0	0	0	0	0	0	0	0
PF16261	Domain of unknown function (DUF4915)	0	0	0	0	0	0	0	1	0	0	0	0	0	0	0	0	0	0	0	0	0	0	1	0	0	0	0	1	0	0	0	0	0	0	0	0	0	1	0	0	0	0
PF16538	Flagellar assembly protein T, C-terminal domain	0	0	0	0	0	0	0	1	0	0	0	0	0	0	0	0	0	0	0	0	0	0	1	0	0	0	0	1	0	1	1	0	0	0	0	0	1	1	1	0	0	0
PF16548	Flagellar assembly protein T, N-terminal domain	0	0	0	0	0	0	0	1	0	0	0	0	0	0	0	0	0	0	0	0	0	0	1	0	0	0	0	1	0	1	1	0	0	0	0	0	1	1	1	0	0	0
PF16539	Flagellar assembly protein T, middle domain	0	0	0	0	0	0	0	1	0	0	0	0	0	0	0	0	0	0	0	0	0	0	1	0	0	0	0	1	0	1	1	0	0	0	0	0	1	1	1	0	0	0
PF17164	Domain of unknown function (DUF5122) beta-propeller	0	0	0	0	0	0	0	1	0	0	0	0	0	0	0	0	0	0	0	0	0	0	1	0	0	0	0	0	0	0	0	0	0	0	0	0	0	0	0	0	0	0
PF10263	SprT-like family	0	0	0	0	0	0	0	1	0	0	1	0	0	0	0	2	0	0	1	0	0	0	0	0	0	0	1	0	1	2	0	0	0	0	0	1	2	0	0	1	0	0
PF13086	AAA domain	0	0	0	0	0	0	0	0	1	0	0	1	0	1	0	1	0	0	0	0	0	0	0	0	0	1	0	0	0	1	0	0	0	0	0	0	1	0	0	0	0	1
PF11784	Protein of unknown function (DUF3320)	0	0	0	0	0	0	0	0	1	0	0	0	0	0	0	0	0	0	0	0	0	0	0	0	0	1	0	0	0	0	0	0	0	0	0	0	0	0	0	0	0	1
PF02744	Galactose-1-phosphate uridyl transferase, C-terminal domain	0	0	0	0	0	0	0	0	1	0	0	0	0	0	0	1	0	0	0	0	0	0	0	0	0	0	0	0	0	1	1	0	0	0	0	0	1	0	1	0	0	0
PF10517	Electron transfer DM13	0	0	0	0	0	0	0	0	1	0	0	0	0	0	1	0	0	0	0	0	1	0	0	0	0	0	0	0	0	0	0	0	0	0	0	0	0	0	0	0	0	0
PF17892	Cadherin-like domain	0	0	0	0	0	0	0	0	3	0	0	0	0	0	0	0	0	0	0	0	0	0	0	0	1	0	0	0	0	0	0	0	0	0	0	0	0	0	0	0	0	0
PF09997	Predicted membrane protein (DUF2238)	0	0	0	0	0	0	0	0	1	0	0	0	0	0	0	0	0	0	0	0	0	0	0	0	0	0	0	0	0	0	0	0	0	0	0	0	0	0	0	0	0	0
PF04832	SOUL heme-binding protein	0	0	0	0	0	0	0	0	1	0	0	0	0	0	0	0	0	0	0	0	0	0	0	0	0	0	0	0	0	2	1	0	0	0	0	0	1	0	1	0	0	0
PF14329	Domain of unknown function (DUF4386)	0	0	0	0	0	0	0	0	1	0	0	1	1	0	0	0	0	0	0	0	0	0	0	0	0	0	1	0	0	1	1	0	0	0	0	0	1	0	1	1	0	0
PF04966	Carbohydrate-selective porin, OprB family	0	0	0	0	0	0	0	0	1	0	0	0	0	0	1	0	0	0	0	0	1	0	0	0	0	0	0	0	0	0	0	0	0	0	0	0	0	0	0	0	0	0
PF00028	Cadherin domain	0	0	0	0	0	0	0	0	1	0	0	0	0	0	0	0	0	0	0	0	0	0	0	0	0	0	0	0	0	0	0	0	0	0	0	0	0	0	0	0	0	0
PF11661	Protein of unknown function (DUF2986)	0	0	0	0	0	0	0	0	1	0	0	0	0	0	0	0	0	0	0	0	0	0	0	0	0	0	0	0	0	0	1	0	0	0	0	0	0	0	1	0	0	0
PF00657	GDSL-like Lipase/Acylhydrolase	0	0	0	0	0	0	0	0	2	0	0	0	0	0	0	0	0	0	0	0	0	0	0	0	0	0	0	0	0	0	0	0	0	0	0	0	0	0	0	0	0	0
PF11922	Domain of unknown function (DUF3440)	0	0	0	0	0	0	0	0	1	0	0	0	0	0	0	0	0	0	0	0	0	0	0	0	0	0	0	0	0	0	0	0	0	0	0	0	0	0	0	0	0	0
PF08933	Monodechloroaminopyrrolnitrin synthase PrnB	0	0	0	0	0	0	0	0	1	0	0	0	0	0	0	0	0	0	0	0	0	0	0	0	0	0	0	0	0	0	0	0	0	0	0	0	0	0	0	0	0	0
PF13679	Methyltransferase domain	0	0	0	0	0	0	0	0	1	0	0	0	0	0	0	0	0	0	0	0	0	0	0	0	0	0	0	0	0	0	0	0	0	0	0	0	0	0	0	0	0	0
PF20741	C-terminal lid domain of glucokinase regulatory protein	0	0	0	0	0	0	0	0	1	0	0	0	0	0	0	0	0	0	0	0	0	0	0	0	0	0	0	0	0	1	0	0	0	0	0	0	1	0	0	0	0	0
PF21742	Family of unknown function (DUF6868)	0	0	0	0	0	0	0	0	1	0	0	0	0	0	0	0	0	0	0	0	0	0	0	0	0	0	0	0	0	1	0	0	0	0	0	0	1	0	0	0	0	0
PF16313	Met-zincin	0	0	0	0	0	0	0	0	2	0	0	1	1	0	0	2	0	0	0	0	0	0	0	0	0	0	3	0	0	2	2	0	0	0	0	0	2	0	2	3	0	0
PF17148	Domain of unknown function (DUF5117)	0	0	0	0	0	0	0	0	2	0	0	1	1	0	0	2	0	0	0	0	0	0	0	0	0	0	3	0	0	2	2	0	0	0	0	0	2	0	2	3	0	0
PF03797	Autotransporter beta-domain	0	0	0	0	0	0	0	0	2	0	0	1	0	0	0	0	0	1	0	0	0	0	0	0	0	1	0	0	0	0	0	1	0	0	0	0	0	0	0	0	0	1
PF20616	Capsule biosynthesis GfcC, N-terminal	0	0	0	0	0	0	0	0	1	0	0	0	0	0	0	0	0	0	0	0	0	0	0	0	0	0	0	0	0	0	1	0	0	0	0	0	0	0	1	0	0	0
PF12241	Trans-2-enoyl-CoA reductase catalytic region	0	0	0	0	0	0	0	0	1	0	0	0	0	0	0	1	0	0	1	0	0	0	0	0	0	0	0	0	0	1	1	0	0	0	0	0	1	0	1	0	0	0
PF07055	Enoyl reductase FAD binding domain	0	0	0	0	0	0	0	0	1	0	0	0	0	0	0	1	0	0	1	0	0	0	0	0	0	0	0	0	0	1	1	0	0	0	0	0	1	0	1	0	0	0
PF12242	NAD(P)H binding domain of trans-2-enoyl-CoA reductase	0	0	0	0	0	0	0	0	1	0	0	0	0	0	0	1	0	0	1	0	0	0	0	0	0	0	0	0	0	1	1	0	0	0	0	0	1	0	1	0	0	0
PF16105	Domain of unknown function (DUF4823)	0	0	0	0	0	0	0	0	1	0	0	0	0	0	0	0	0	0	0	0	0	0	0	0	0	0	0	0	0	0	0	0	0	0	0	0	0	0	0	0	0	0
PF11293	Protein of unknown function (DUF3094)	0	0	0	0	0	0	0	0	1	0	0	0	0	0	0	0	0	0	0	0	0	0	0	0	0	0	0	0	0	0	0	0	0	0	0	0	0	0	0	0	0	0
PF11528	Protein of unknown function (DUF3224)	0	0	0	0	0	0	0	0	1	0	0	0	0	0	0	0	0	0	0	0	0	0	0	0	0	0	0	0	0	0	1	0	0	0	0	0	0	0	1	0	0	0
PF02868	Thermolysin metallopeptidase, alpha-helical domain	0	0	0	0	0	0	0	0	2	0	1	0	0	0	0	0	0	0	1	0	0	0	0	0	0	1	0	0	0	0	0	0	0	0	0	0	0	0	0	0	0	1
PF01447	Thermolysin metallopeptidase, catalytic domain	0	0	0	0	0	0	0	0	1	0	1	0	0	0	0	0	0	0	1	0	0	0	0	0	0	1	0	0	0	0	0	0	0	0	0	0	0	0	0	0	0	1
PF07566	Domain of Unknown Function (DUF1543)	0	0	0	0	0	0	0	0	1	0	0	0	0	0	0	0	0	0	0	0	0	0	0	0	0	0	0	0	0	0	0	0	0	0	0	0	0	0	0	0	0	0
PF08797	HIRAN domain	0	0	0	0	0	0	0	0	1	0	0	0	0	0	0	0	0	0	0	1	0	0	0	0	0	0	0	0	0	0	0	0	0	0	0	0	0	0	0	0	0	0
PF02368	Bacterial Ig-like domain (group 2)	0	0	0	0	0	0	0	0	1	0	0	0	0	0	0	0	0	0	0	0	0	0	0	0	0	0	0	0	0	0	0	0	0	0	0	0	0	0	0	0	0	0
PF13802	Glycosyl hydrolase 31 N-terminal galactose mutarotase-like domain	0	0	0	0	0	0	0	0	1	0	0	0	0	0	0	0	0	0	0	0	0	0	0	0	0	0	1	0	2	1	1	0	0	0	0	2	1	0	1	1	0	0
PF17319	Family of unknown function (DUF5362)	0	0	0	0	0	0	0	0	1	0	0	0	0	0	0	0	0	0	0	0	0	0	0	0	0	0	0	0	0	0	0	0	0	0	0	0	0	0	0	0	0	0
PF01276	Orn/Lys/Arg decarboxylase, major domain	0	0	0	0	0	0	0	0	1	0	0	0	0	0	0	0	0	0	0	0	0	0	0	0	1	0	0	0	0	0	0	0	0	0	0	0	0	0	0	0	0	0
PF03711	Orn/Lys/Arg decarboxylase, C-terminal domain	0	0	0	0	0	0	0	0	1	0	0	0	0	0	0	0	0	0	0	0	0	0	0	0	1	0	0	0	0	0	0	0	0	0	0	0	0	0	0	0	0	0
PF03629	Carbohydrate esterase, sialic acid-specific acetylesterase	0	0	0	0	0	0	0	0	1	0	0	1	1	0	0	0	0	1	0	0	0	0	0	0	0	0	0	0	0	0	0	0	0	0	0	0	0	0	0	0	0	0
PF12713	Domain of unknown function (DUF3806)	0	0	0	0	0	0	0	0	1	0	0	0	0	0	0	0	0	0	0	0	0	0	0	0	0	0	0	0	0	0	0	0	0	0	0	0	0	0	0	0	0	0
PF13435	Cytochrome c554 and c-prime	0	0	0	0	0	0	0	0	1	0	0	0	0	0	1	0	0	0	0	0	1	0	0	0	0	0	0	1	0	1	0	0	0	0	0	0	1	1	0	0	0	0
PF18412	Outer-membrane lipoprotein Wza C-terminal domain	0	0	0	0	0	0	0	0	1	1	0	0	0	0	0	0	0	1	0	2	0	0	0	0	0	0	0	0	0	0	0	1	0	0	0	0	0	0	0	0	0	0
PF01869	BadF/BadG/BcrA/BcrD ATPase family	0	0	0	0	0	0	0	0	1	0	0	0	0	0	1	1	0	0	0	0	1	0	0	0	1	1	0	0	0	1	1	0	0	0	0	0	1	0	1	0	0	1
PF02838	Glycosyl hydrolase family 20, domain 2	0	0	0	0	0	0	0	0	1	0	1	0	0	0	0	0	0	0	1	0	0	0	0	0	0	0	1	0	0	0	0	0	0	0	0	0	0	0	0	1	0	0
PF03174	Chitobiase/beta-hexosaminidase C-terminal domain	0	0	0	0	0	0	0	0	1	0	0	0	0	0	0	0	0	0	0	0	0	0	0	0	0	0	0	0	0	0	0	0	0	0	0	0	0	0	0	0	0	0
PF03173	Putative carbohydrate binding domain	0	0	0	0	0	0	0	0	1	0	0	0	0	0	0	0	0	0	0	0	0	0	0	0	0	0	0	0	0	0	0	0	0	0	0	0	0	0	0	0	0	0
PF00728	Glycosyl hydrolase family 20, catalytic domain	0	0	0	0	0	0	0	0	1	0	1	0	0	0	0	0	0	0	1	0	0	0	0	0	0	0	1	0	0	0	0	0	0	0	0	0	0	0	0	1	0	0
PF02929	Beta galactosidase small chain	0	0	0	0	0	0	0	0	2	0	0	0	0	0	0	1	0	0	0	0	0	0	0	0	0	0	0	0	0	1	2	0	0	0	0	0	1	0	3	0	0	0
PF00703	Glycosyl hydrolases family 2	0	0	0	0	0	0	0	0	2	0	1	0	0	0	0	2	0	0	1	0	0	0	0	0	0	0	0	0	0	2	2	0	0	0	0	0	2	0	3	0	0	0
PF02837	Glycosyl hydrolases family 2, sugar binding domain	0	0	0	0	0	0	0	0	2	0	0	0	0	0	0	2	0	0	0	0	0	0	0	0	0	1	0	0	0	2	2	0	0	0	0	0	2	0	3	0	0	0
PF02836	Glycosyl hydrolases family 2, TIM barrel domain	0	0	0	0	0	0	0	0	2	0	0	0	0	0	0	2	0	0	0	0	0	0	0	0	0	1	1	0	1	2	3	0	0	0	0	1	2	0	4	1	0	1
PF16353	Beta-galactosidase, domain 4	0	0	0	0	0	0	0	0	2	0	0	0	0	0	0	1	0	0	0	0	0	0	0	0	0	0	0	0	0	1	2	0	0	0	0	0	1	0	3	0	0	0
PF07504	Fungalysin/Thermolysin Propeptide Motif	0	0	0	0	0	0	0	0	1	0	1	0	0	0	0	0	0	0	1	0	0	0	0	0	0	0	3	0	0	0	0	0	0	0	0	0	0	0	0	3	0	0
PF12897	Aspartate amino-transferase	0	0	0	0	0	0	0	0	1	0	0	0	0	0	0	0	0	0	0	0	0	0	0	0	0	0	0	0	0	0	0	0	0	0	0	0	0	0	0	0	0	0
PF08921	Domain of unknown function (DUF1904)	0	0	0	0	0	0	0	0	1	0	0	0	0	0	0	0	0	0	0	0	0	0	0	0	0	0	0	0	0	0	0	0	0	0	0	0	0	0	0	0	0	0
PF01987	Mitochondrial biogenesis AIM24	0	0	0	0	0	0	0	0	1	0	0	0	0	0	0	0	0	0	1	0	0	0	0	0	0	1	1	0	1	0	0	0	0	0	0	1	0	0	0	1	0	1
PF00432	Prenyltransferase and squalene oxidase repeat	0	0	0	0	0	0	0	0	1	0	0	0	0	0	0	0	0	0	0	0	0	0	0	0	0	0	0	0	0	0	0	0	0	0	0	0	0	0	0	0	0	0
PF10727	Rossmann-like domain	0	0	0	0	0	0	0	0	1	0	0	0	0	0	0	0	0	0	0	0	0	0	0	0	0	0	0	0	0	0	0	0	0	0	0	0	0	0	0	0	0	0
PF10728	Domain of unknown function (DUF2520)	0	0	0	0	0	0	0	0	1	0	1	0	0	0	0	0	0	0	1	0	0	0	0	0	0	0	1	0	1	0	0	0	0	0	0	1	0	0	0	1	0	0
PF19443	DAHL domain	0	0	0	0	0	0	0	0	1	0	0	0	0	0	0	0	0	0	0	0	0	0	0	0	0	0	0	0	0	0	0	0	0	0	0	0	0	0	0	0	0	0
PF05096	Glutamine cyclotransferase	0	0	0	0	0	0	0	0	1	0	1	0	1	0	0	0	0	0	1	0	0	0	0	0	0	0	1	0	1	0	0	0	0	0	0	1	0	0	0	1	0	0
PF04960	Glutaminase	0	0	0	0	0	0	0	0	1	1	0	0	0	0	0	0	0	0	2	1	0	0	0	0	0	1	1	0	1	0	1	1	0	0	0	1	0	0	1	1	0	1
PF04250	Protein of unknown function (DUF429)	0	0	0	0	0	0	0	0	1	0	0	0	0	0	0	0	0	0	0	0	0	0	0	0	0	0	0	0	0	0	1	0	0	0	0	0	0	0	0	0	0	0
PF15976	CS1-pili formation C-terminal	0	0	0	0	0	0	0	0	1	0	0	1	0	0	0	0	0	0	0	0	0	0	0	0	0	0	0	0	0	0	0	0	0	0	0	0	0	0	0	0	0	0
PF16967	E-set like domain	0	0	0	0	0	0	0	0	1	0	0	1	0	0	0	0	0	0	0	0	0	0	0	0	0	0	0	0	0	0	0	0	0	0	0	0	0	0	0	0	0	0
PF06790	Uncharacterised protein family (UPF0259)	0	0	0	0	0	0	0	0	1	0	0	0	0	0	0	0	0	0	0	0	0	0	0	0	0	0	0	0	0	0	0	0	0	0	0	0	0	0	0	0	0	0
PF11059	Protein of unknown function (DUF2860)	0	0	0	0	0	0	0	0	1	0	0	0	0	0	0	0	0	0	0	0	0	0	0	0	0	0	0	0	0	0	0	0	0	0	0	0	0	0	0	0	0	0
PF11342	Protein of unknown function (DUF3144)	0	0	0	0	0	0	0	0	1	0	0	0	0	0	0	0	0	0	0	0	0	0	0	0	0	0	0	0	0	0	0	0	0	0	0	0	0	0	0	0	0	0
PF16412	Domain of unknown function (DUF5020)	0	0	0	0	0	0	0	0	1	0	0	0	0	0	0	0	0	0	0	0	0	0	0	0	0	0	0	0	0	0	0	0	0	0	0	0	0	0	0	0	0	0
PF02557	D-alanyl-D-alanine carboxypeptidase	0	0	0	0	0	0	0	0	1	0	0	0	0	0	0	0	0	0	0	0	0	0	0	0	0	0	1	0	1	1	1	0	0	0	0	1	1	0	1	1	0	0
PF04464	CDP-Glycerol:Poly(glycerophosphate) glycerophosphotransferase	0	0	0	0	0	0	0	0	1	0	0	0	0	0	0	0	0	0	0	0	0	0	0	0	0	0	0	0	0	1	0	0	0	0	0	0	1	0	0	0	0	0
PF11219	Protein of unknown function (DUF3014)	0	0	0	0	0	0	0	0	1	0	0	0	0	0	0	1	0	0	0	0	0	0	0	0	0	0	0	0	0	1	1	0	0	0	0	0	1	0	1	0	0	0
PF05015	RelE-like toxin of type II toxin-antitoxin system HigB	0	0	0	0	0	0	0	0	1	0	0	0	0	0	0	0	0	0	0	0	0	0	0	0	0	0	0	0	0	1	0	0	0	0	0	0	1	0	0	0	0	0
PF00450	Serine carboxypeptidase	0	0	0	0	0	0	0	0	1	0	0	1	0	0	0	1	0	0	0	0	0	0	0	0	0	0	1	0	0	1	1	0	0	0	0	0	1	0	1	1	0	0
PF15738	Bacterial toxin of type II toxin-antitoxin system, YafQ	0	0	0	0	0	0	0	0	1	0	0	0	0	0	0	0	0	0	0	0	1	0	0	0	0	0	0	0	0	0	0	0	0	0	0	0	0	0	0	0	0	0
PF06315	Isocitrate dehydrogenase kinase/phosphatase (AceK) kinase domain	0	0	0	0	0	0	0	0	1	0	0	0	0	0	0	1	0	0	0	0	0	0	0	0	0	0	0	0	0	1	1	0	0	0	0	0	1	0	1	0	0	0
PF20423	Isocitrate dehydrogenase kinase/phosphatase (AceK), regulatory domain	0	0	0	0	0	0	0	0	1	0	0	0	0	0	0	1	0	0	0	0	0	0	0	0	0	0	0	0	0	1	1	0	0	0	0	0	1	0	1	0	0	0
PF03222	Tryptophan/tyrosine permease family	0	0	0	0	0	0	0	0	1	0	0	0	0	0	0	0	0	0	0	0	0	0	0	0	0	0	0	0	0	0	0	0	0	0	0	0	0	0	0	0	0	0
PF18294	Peptidase S41 N-terminal domain	0	0	0	0	0	0	0	0	1	0	0	0	0	0	0	0	0	0	0	0	0	0	0	0	0	0	1	0	1	0	0	0	0	0	0	1	0	0	0	1	0	0
PF14595	Thioredoxin	0	0	0	0	0	0	0	0	1	0	2	0	0	0	0	0	0	0	2	0	0	0	0	0	0	0	2	0	2	0	0	0	0	0	0	2	0	0	0	2	0	0
PF13238	AAA domain	0	0	0	0	0	0	0	0	1	0	0	0	0	1	1	0	0	0	0	0	1	1	0	0	0	0	0	0	0	0	1	0	0	0	0	0	0	0	1	0	0	0
PF11280	Protein of unknown function (DUF3081)	0	0	0	0	0	0	0	0	1	0	0	0	0	0	0	1	0	0	0	0	0	0	0	0	0	0	0	0	0	1	1	0	0	0	0	0	1	0	1	0	0	0
PF06992	Replication protein P	0	0	0	0	0	0	0	0	1	0	0	0	0	0	0	0	0	0	0	0	0	0	0	0	0	0	0	0	0	0	0	0	0	0	0	0	0	0	0	0	0	0
PF14085	Domain of unknown function (DUF4265)	0	0	0	0	0	0	0	0	1	0	0	0	0	0	0	0	0	0	0	0	0	0	0	0	0	0	0	0	0	0	0	0	0	0	0	0	0	0	0	0	0	0
PF08761	dUTPase	0	0	0	0	0	0	0	0	1	0	0	0	0	0	0	0	0	0	0	0	0	0	0	0	0	0	0	0	0	1	1	0	0	0	0	0	1	0	1	0	0	0
PF13723	Beta-ketoacyl synthase, N-terminal domain	0	0	0	0	0	0	0	0	1	0	0	0	0	0	0	0	0	0	0	0	0	1	0	0	0	0	0	0	0	0	0	0	0	1	1	0	0	0	0	0	0	0
PF06722	Erythromycin biosynthesis protein CIII-like, C-terminal domain	0	0	0	0	0	0	0	0	1	0	0	0	0	0	0	0	0	0	0	0	0	0	0	0	0	0	0	0	0	0	0	0	0	0	0	0	0	0	0	0	0	0
PF10459	Peptidase S46	0	0	0	0	0	0	0	0	1	0	1	0	0	0	0	1	0	0	1	0	0	0	0	0	0	0	0	0	1	1	2	0	0	0	0	1	1	0	2	0	0	0
PF14690	zinc-finger of transposase IS204/IS1001/IS1096/IS1165	0	0	0	0	0	0	0	0	0	5	0	0	0	0	0	0	0	1	0	3	0	0	0	0	0	0	0	0	0	0	0	1	0	0	0	0	0	0	0	0	0	0
PF13542	Helix-turn-helix domain of transposase family ISL3	0	0	0	0	0	0	0	0	0	2	0	0	0	0	0	0	0	1	0	3	0	0	0	0	0	0	0	0	0	0	0	1	0	0	0	0	0	0	0	0	0	0
PF18916	Lycopene cyclase	0	0	0	0	0	0	0	0	0	1	1	0	0	0	0	0	0	0	0	1	0	0	0	0	0	0	1	0	1	0	0	0	0	0	0	1	0	0	0	0	0	0
PF10881	Protein of unknown function (DUF2726)	0	0	0	0	0	0	0	0	0	1	0	0	0	0	0	1	0	0	0	0	0	0	0	0	0	0	0	0	0	2	1	0	0	0	0	0	2	0	1	0	0	0
PF13434	L-lysine 6-monooxygenase/L-ornithine 5-monooxygenase	0	0	0	0	0	0	0	0	0	1	0	0	0	0	0	0	0	0	0	1	0	0	0	0	0	0	0	0	0	0	0	1	0	0	0	0	0	0	0	0	0	0
PF08535	KorB domain	0	0	0	0	0	0	0	0	0	1	0	0	0	0	0	0	0	0	0	1	0	0	0	0	0	0	0	0	0	0	0	0	0	0	0	0	0	0	0	0	0	0
PF06613	KorB C-terminal beta-barrel domain	0	0	0	0	0	0	0	0	0	1	0	0	0	0	0	0	0	0	0	1	0	0	0	0	0	0	0	0	0	0	0	0	0	0	0	0	0	0	0	0	0	0
PF03729	Short repeat of unknown function (DUF308)	0	0	0	0	0	0	0	0	0	1	0	1	1	0	2	0	0	0	0	1	2	0	0	0	0	0	0	0	0	1	0	0	0	0	0	0	1	0	0	0	0	0
PF21085	CusS sensor domain	0	0	0	0	0	0	0	0	0	1	0	0	0	0	0	0	0	0	0	1	0	0	0	0	0	0	0	1	0	1	0	0	0	0	0	0	1	1	0	0	0	0
PF17293	Arm DNA-binding domain	0	0	0	0	0	0	0	0	0	1	1	0	0	0	0	0	0	0	2	0	0	0	0	0	0	0	4	0	4	0	0	0	0	0	0	4	0	0	0	2	0	0
PF03090	Replicase family	0	0	0	0	0	0	0	0	0	1	0	0	0	0	0	0	0	0	0	1	0	0	0	0	0	0	0	0	0	0	0	0	0	0	0	0	0	0	0	0	0	0
PF13474	SnoaL-like domain	0	0	0	0	0	0	0	0	0	1	1	2	0	0	0	0	0	0	1	1	0	0	0	0	0	0	1	0	2	1	2	1	0	0	0	2	1	0	1	1	0	0
PF10686	YspA, cpYpsA-related SLOG family	0	0	0	0	0	0	0	0	0	1	0	0	1	0	0	0	0	0	0	1	0	0	0	0	0	0	0	0	0	0	0	1	0	0	0	0	0	0	0	0	0	0
PF00668	Condensation domain	0	0	0	0	0	0	0	0	0	2	0	0	0	0	2	0	0	0	0	5	1	0	0	0	0	1	0	0	0	0	0	2	0	0	0	0	0	0	0	0	0	1
PF19346	Family of unknown function (DUF5924)	0	0	0	0	0	0	0	0	0	1	0	0	0	0	0	0	0	1	0	2	0	0	0	0	0	0	0	0	0	0	0	1	0	0	0	0	0	0	0	0	0	0
PF12857	TOBE-like domain	0	0	0	0	0	0	0	0	0	1	0	0	0	0	0	0	0	0	0	1	0	0	0	0	0	0	0	0	0	0	0	1	0	0	0	0	0	0	0	0	0	0
PF20276	C-terminal domain 1 of the ABC-three component (ABC-3C) systems	0	0	0	0	0	0	0	0	0	1	0	0	0	0	0	0	0	0	0	0	0	0	0	0	0	0	0	0	0	0	0	0	0	0	0	0	0	0	0	0	0	0
PF03444	Winged helix-turn-helix transcription repressor, HrcA DNA-binding	0	0	0	0	0	0	0	0	0	1	0	0	0	0	0	0	0	0	0	1	0	0	0	0	0	0	0	0	0	0	0	1	0	0	0	0	0	0	0	0	0	0
PF14710	Respiratory nitrate reductase alpha N-terminal	0	0	0	0	0	0	0	0	0	1	0	0	0	0	0	0	0	0	0	1	0	0	0	0	0	0	0	0	0	1	0	0	0	0	0	0	1	0	0	0	0	0
PF06048	Domain of unknown function (DUF927)	0	0	0	0	0	0	0	0	0	2	0	0	0	0	0	0	0	0	0	1	0	0	0	0	0	0	0	0	0	0	0	0	0	0	0	0	0	0	0	0	0	0
PF14711	Respiratory nitrate reductase beta C-terminal	0	0	0	0	0	0	0	0	0	1	0	0	0	0	0	0	0	0	0	1	0	0	0	0	0	0	0	0	0	1	0	0	0	0	0	0	1	0	0	0	0	0
PF11809	Domain of unknown function (DUF3330)	0	0	0	0	0	0	0	0	0	1	0	0	0	0	0	0	0	0	0	0	0	0	0	0	0	0	0	0	0	0	0	0	0	0	0	0	0	0	0	0	0	0
PF19050	PhoD related phosphatase	0	0	0	0	0	0	0	0	0	1	0	0	0	0	0	0	0	0	0	1	0	0	0	0	0	1	0	0	0	0	0	0	0	1	0	0	0	0	0	0	0	1
PF14537	Cytochrome c3	0	0	0	0	0	0	0	0	0	1	0	0	0	0	0	0	0	0	0	1	0	0	0	0	0	0	0	0	0	0	0	1	0	0	0	0	0	0	0	0	0	0
PF06884	Protein of unknown function (DUF1264)	0	0	0	0	0	0	0	0	0	1	0	0	0	0	0	0	0	0	0	1	0	0	0	0	0	0	0	0	0	0	0	0	0	0	0	0	0	0	0	0	0	0
PF13006	Insertion element 4 transposase N-terminal	0	0	0	0	0	0	0	0	0	1	0	0	0	0	0	1	0	0	0	0	0	0	0	0	0	0	0	0	0	1	1	0	0	0	0	0	1	0	1	0	0	0
PF16169	Domain of unknown function (DUF4872)	0	0	0	0	0	0	0	0	0	2	1	0	0	0	0	0	0	0	1	1	0	0	0	0	0	0	0	0	0	0	0	1	0	0	0	0	0	0	0	0	0	0
PF14399	Butirosin biosynthesis protein H, N-terminal	0	0	0	0	0	0	0	0	0	2	1	0	0	0	0	0	0	1	1	1	0	0	0	0	0	0	0	0	0	0	0	1	0	0	0	0	0	0	0	0	0	0
PF05973	Phage derived protein Gp49-like (DUF891)	0	0	0	0	0	0	0	0	0	1	0	0	0	0	0	0	0	0	0	0	0	0	0	0	0	0	0	0	0	0	0	1	0	0	0	0	0	0	0	0	0	0
PF14083	PGDYG protein	0	0	0	0	0	0	0	0	0	1	0	0	0	0	0	0	0	0	0	0	0	0	0	0	0	0	0	0	0	0	0	0	0	0	0	0	0	0	0	0	0	0
PF07996	Type IV secretion system proteins	0	0	0	0	0	0	0	0	0	1	0	0	0	1	0	0	0	0	0	1	0	1	0	0	0	0	0	0	0	0	0	0	0	0	0	0	0	0	0	0	0	0
PF02089	Palmitoyl protein thioesterase	0	0	0	0	0	0	0	0	0	1	0	0	0	0	0	0	0	0	0	1	0	0	0	0	0	0	0	0	0	0	0	1	0	0	0	0	0	0	0	0	0	0
PF19673	Family of unknown function (DUF6176)	0	0	0	0	0	0	0	0	0	1	0	0	0	0	0	0	0	0	0	1	0	0	0	0	0	0	0	0	0	0	0	0	0	0	0	0	0	0	0	0	0	0
PF00667	FAD binding domain	0	0	0	0	0	0	0	0	0	1	0	0	0	0	0	0	0	0	0	2	0	0	0	0	0	0	0	0	0	1	1	0	0	0	0	0	1	0	1	0	0	0
PF10905	Protein of unknown function (DUF2695)	0	0	0	0	0	0	0	0	0	1	0	0	0	0	0	0	0	0	0	1	0	0	0	0	0	0	0	0	0	0	0	0	0	0	0	0	0	0	0	0	0	0
PF05940	NnrS protein	0	0	0	0	0	0	0	0	0	1	0	0	0	1	1	0	0	0	0	1	1	1	0	0	0	0	0	0	0	1	0	0	0	1	1	0	1	0	0	0	0	0
PF13599	Pentapeptide repeats (9 copies)	0	0	0	0	0	0	0	0	0	1	1	1	0	0	0	0	0	0	1	1	0	0	0	0	0	0	1	0	1	0	0	0	0	0	0	1	0	0	0	1	0	0
PF19456	MobI protein	0	0	0	0	0	0	0	0	0	1	0	0	0	0	0	0	0	0	0	0	0	0	0	0	0	0	0	0	0	0	0	0	0	0	0	0	0	0	0	0	0	0
PF13936	Helix-turn-helix domain	0	0	0	0	0	0	0	0	0	1	0	1	0	2	0	0	0	0	0	0	1	1	0	0	0	0	0	0	0	0	0	0	0	0	0	0	0	0	0	0	0	0
PF08401	N-terminal domain of anti-restriction factor ArdC	0	0	0	0	0	0	0	0	0	1	0	1	1	0	0	0	0	0	0	0	0	0	0	0	0	0	0	0	0	0	0	0	0	0	0	0	0	0	0	0	0	0
PF18127	Nicotinamide phosphoribosyltransferase, N-terminal domain	0	0	0	0	0	0	0	0	0	1	0	0	0	0	0	0	0	0	0	1	0	0	0	0	0	0	0	0	0	0	0	0	0	0	0	0	0	0	0	0	0	0
PF14897	EpsG family	0	0	0	0	0	0	0	0	0	1	0	0	0	0	0	0	0	0	0	1	0	0	0	0	0	0	0	0	0	0	0	0	0	0	0	0	0	0	0	0	0	0
PF16656	Purple acid Phosphatase, N-terminal domain	0	0	0	0	0	0	0	0	0	1	0	0	0	0	0	0	0	0	0	1	0	0	0	0	0	0	0	0	0	0	0	0	0	0	0	0	0	0	0	0	0	0
PF10563	Delta carbonic anhydrase	0	0	0	0	0	0	0	0	0	1	0	0	0	0	0	1	0	0	0	0	0	0	0	0	0	0	0	1	0	1	0	0	0	0	0	0	1	1	0	0	0	0
PF07012	Curlin associated repeat	0	0	0	0	0	0	0	0	0	1	1	0	1	0	0	0	0	0	1	1	0	0	0	0	0	0	4	0	2	0	1	0	0	0	0	2	0	0	1	4	0	0
PF20289	ABC-three component (ABC-3C) system Middle Component 1	0	0	0	0	0	0	0	0	0	1	0	0	0	0	0	0	0	0	0	0	0	0	0	0	0	0	0	0	0	0	0	0	0	0	0	0	0	0	0	0	0	0
PF08378	Nuclease-related domain	0	0	0	0	0	0	0	0	0	1	0	0	0	0	0	0	0	1	0	2	0	0	0	0	0	0	0	1	1	1	0	0	0	0	0	1	1	1	0	0	0	0
PF11563	Protoglobin	0	0	0	0	0	0	0	0	0	1	0	0	0	0	0	0	0	0	0	0	0	0	0	0	0	1	0	0	0	0	0	1	0	0	0	0	0	0	0	0	0	1
PF13954	PapC N-terminal domain	0	0	0	0	0	0	0	0	0	1	0	0	0	0	0	0	0	0	0	1	0	0	0	0	0	0	0	0	0	0	0	0	0	0	0	0	0	0	0	0	0	0
PF03621	MbtH-like protein	0	0	0	0	0	0	0	0	0	1	0	0	0	0	0	0	0	0	0	1	0	0	0	0	0	0	0	0	0	0	0	1	0	0	0	0	0	0	0	0	0	0
PF04610	TrbL/VirB6 plasmid conjugal transfer protein	0	0	0	0	0	0	0	0	0	1	0	2	4	0	0	0	0	0	0	2	0	0	0	0	0	0	0	0	0	0	0	0	0	0	0	0	0	0	0	0	0	0
PF21704	DNApol eta/Rev1, HhH motif	0	0	0	0	0	0	0	0	0	1	0	0	0	0	0	0	0	0	0	1	0	0	0	0	0	0	0	0	0	0	0	1	0	0	0	0	0	0	0	0	0	0
PF04076	Bacterial OB fold (BOF) protein	0	0	0	0	0	0	0	0	0	1	0	0	0	0	0	0	0	0	0	1	0	0	0	0	0	0	0	0	0	0	0	1	0	0	0	0	0	0	0	0	0	0
PF11575	FhuF 2Fe-2S C-terminal domain	0	0	0	0	0	0	0	0	0	1	0	0	0	0	0	0	0	0	0	1	0	0	0	0	0	0	0	0	0	0	0	1	0	0	0	0	0	0	0	0	0	0
PF06150	ChaB	0	0	0	0	0	0	0	0	0	1	0	0	0	0	0	0	0	0	0	1	0	0	0	0	0	0	0	0	0	0	0	0	0	0	0	0	0	0	0	0	0	0
PF03029	Conserved hypothetical ATP binding protein	0	0	0	0	0	0	0	0	0	1	0	0	0	0	0	0	0	0	0	1	0	0	0	0	0	0	0	0	0	0	0	0	0	0	0	0	0	0	0	0	0	0
PF13744	Helix-turn-helix domain	0	0	0	0	0	0	0	0	0	1	0	0	0	0	0	0	0	0	0	0	0	0	0	0	0	0	0	0	0	0	1	0	0	0	0	0	0	0	1	0	0	0
PF02665	Nitrate reductase gamma subunit	0	0	0	0	0	0	0	0	0	1	0	0	0	0	0	0	0	0	0	1	0	0	0	0	0	0	0	0	0	1	0	0	0	0	0	0	1	0	0	0	0	0
PF06414	Zeta toxin	0	0	0	0	0	0	0	0	0	1	0	0	0	0	0	0	0	0	0	0	0	0	0	0	0	0	0	0	0	0	1	0	0	0	0	0	0	0	0	0	0	0
PF19351	Domain of unknown function (DUF5929)	0	0	0	0	0	0	0	0	0	0	1	0	0	0	0	0	0	0	1	0	0	0	0	0	0	0	1	0	1	0	0	0	0	0	0	1	0	0	0	1	0	0
PF20105	Family of unknown function (DUF6495)	0	0	0	0	0	0	0	0	0	0	1	0	0	0	0	0	0	0	1	0	0	0	0	0	0	0	1	0	1	0	0	0	0	0	0	1	0	0	0	1	0	0
PF13715	CarboxypepD_reg-like domain	0	0	0	0	0	0	0	0	0	0	15	1	1	0	0	0	0	0	17	0	0	0	0	0	0	0	24	0	37	0	1	0	0	0	0	37	0	0	1	23	0	0
PF13858	Protein of unknown function (DUF4199)	0	0	0	0	0	0	0	0	0	0	3	0	0	0	0	0	0	0	2	0	0	0	0	0	0	0	3	0	2	0	0	0	0	0	0	2	0	0	0	3	0	0
PF00431	CUB domain	0	0	0	0	0	0	0	0	0	0	3	0	0	0	0	0	0	0	3	0	0	0	0	0	0	0	0	0	2	0	0	0	0	0	0	2	0	0	0	0	0	0
PF18962	Secretion system C-terminal sorting domain	0	0	0	0	0	0	0	0	0	0	20	0	0	0	0	0	0	0	22	0	0	0	0	0	0	0	41	0	39	0	0	0	0	0	0	39	0	0	0	41	0	0
PF09697	Protein of unknown function (Porph_ging)	0	0	0	0	0	0	0	0	0	0	1	0	0	0	0	0	0	0	1	0	0	0	0	0	0	0	3	0	2	0	0	0	0	0	0	2	0	0	0	3	0	0
PF21377	MurD N-terminal domain	0	0	0	0	0	0	0	0	0	0	1	0	0	0	0	0	0	0	1	0	0	0	0	0	0	0	1	0	1	0	0	0	0	0	0	1	0	0	0	1	0	0
PF14063	Protein of unknown function (DUF4254)	0	0	0	0	0	0	0	0	0	0	1	0	0	0	0	0	0	0	0	0	0	0	0	0	0	0	1	0	1	0	0	0	0	0	0	1	0	0	0	1	0	0
PF11138	Protein of unknown function (DUF2911)	0	0	0	0	0	0	0	0	0	0	1	0	0	0	0	0	0	0	1	0	0	0	0	0	0	0	3	0	4	0	0	0	0	0	0	4	0	0	0	2	0	0
PF19937	Gliding motility-associated protein GldC-like	0	0	0	0	0	0	0	0	0	0	1	0	0	0	0	0	0	0	0	0	0	0	0	0	0	0	1	0	1	0	0	0	0	0	0	1	0	0	0	1	0	0
PF03793	PASTA domain	0	0	0	0	0	0	0	0	0	0	2	0	0	0	0	0	0	0	2	0	0	0	0	0	0	0	2	2	2	0	0	0	0	0	0	2	0	2	0	2	0	0
PF13905	Thioredoxin-like	0	0	0	0	0	0	0	0	0	0	3	0	0	0	0	0	0	0	3	0	0	0	0	0	0	0	1	0	1	1	0	0	0	0	0	1	1	0	0	1	0	0
PF17653	Family of unknown function (DUF5522)	0	0	0	0	0	0	0	0	0	0	1	0	0	0	0	0	0	0	1	0	0	0	0	0	0	0	0	0	0	0	0	0	0	0	0	0	0	0	0	0	0	0
PF13239	2TM domain	0	0	0	0	0	0	0	0	0	0	3	0	1	0	0	0	0	0	0	0	0	0	0	0	0	0	6	0	3	1	0	0	0	0	0	3	1	0	0	6	0	0
PF14903	WG containing repeat	0	0	0	0	0	0	0	0	0	0	1	0	0	0	0	0	0	0	2	0	0	0	0	0	0	0	1	0	1	0	0	0	0	0	0	1	0	0	0	0	0	0
PF14470	Bacterial PH domain	0	0	0	0	0	0	0	0	0	0	1	0	0	0	0	0	0	0	1	0	0	0	0	0	0	0	0	0	1	0	0	0	0	0	0	1	0	0	0	0	0	0
PF13585	CHU_C Type IX secretion signal domain	0	0	0	0	0	0	0	0	0	0	5	0	0	0	0	0	0	0	9	0	0	0	0	0	0	0	10	0	14	0	0	0	0	0	0	14	0	0	0	9	0	0
PF13568	Outer membrane protein beta-barrel domain	0	0	0	0	0	0	0	0	0	0	4	0	0	0	0	0	0	0	4	0	0	0	0	0	0	0	5	0	7	0	0	0	0	0	0	7	0	0	0	5	0	0
PF09848	Schlafen group 3, DNA/RNA helicase domain	0	0	0	0	0	0	0	0	0	0	1	0	0	0	0	0	0	0	1	0	0	0	0	0	0	0	0	0	0	0	0	0	0	0	0	0	0	0	0	0	0	0
PF21621	Mannose-6-phosphate isomerase, cupin domain	0	0	0	0	0	0	0	0	0	0	1	0	0	0	0	0	0	0	1	0	0	0	0	0	0	0	2	0	3	0	0	0	0	0	0	3	0	0	0	2	0	0
PF20511	Phosphomannose isomerase type I, catalytic domain	0	0	0	0	0	0	0	0	0	0	1	0	0	0	0	0	0	0	1	0	0	0	0	0	0	0	2	0	3	0	0	0	0	0	0	3	0	0	0	2	0	0
PF02577	Bifunctional nuclease domain	0	0	0	0	0	0	0	0	0	0	1	0	0	0	0	0	0	0	0	0	0	0	0	0	0	0	1	0	1	0	0	0	0	0	0	1	0	0	0	1	0	0
PF02128	Fungalysin metallopeptidase (M36)	0	0	0	0	0	0	0	0	0	0	2	0	0	0	0	0	0	0	2	0	0	0	0	0	0	0	3	0	0	0	0	0	0	0	0	0	0	0	0	3	0	0
PF09674	Protein of unknown function (DUF2400)	0	0	0	0	0	0	0	0	0	0	1	0	0	0	0	0	0	0	0	0	0	0	0	0	0	0	1	0	1	0	0	0	0	0	0	1	0	0	0	1	0	0
PF07610	Protein of unknown function (DUF1573)	0	0	0	0	0	0	0	0	0	0	2	0	0	0	0	0	0	0	3	0	0	0	0	0	0	0	3	0	2	0	0	0	0	0	0	2	0	0	0	3	0	0
PF16745	RsgA N-terminal domain	0	0	0	0	0	0	0	0	0	0	1	0	0	0	0	0	0	0	1	0	0	0	0	0	0	0	1	0	1	0	0	0	0	0	0	1	0	0	0	1	0	0
PF04468	PSP1 C-terminal conserved region	0	0	0	0	0	0	0	0	0	0	1	0	0	0	0	0	0	0	1	0	0	0	0	0	0	0	1	0	1	0	0	0	0	0	0	1	0	0	0	1	0	0
PF19572	Type IX secretion system protein PorV	0	0	0	0	0	0	0	0	0	0	2	0	0	0	0	0	0	0	2	0	0	0	0	0	0	0	2	0	2	0	0	0	0	0	0	2	0	0	0	2	0	0
PF14376	Haem-binding domain	0	0	0	0	0	0	0	0	0	0	1	0	0	0	0	0	0	0	1	0	0	0	0	0	0	0	2	0	2	0	0	0	0	0	0	2	0	0	0	1	0	0
PF14356	Domain of unknown function (DUF4403)	0	0	0	0	0	0	0	0	0	0	1	0	0	0	0	0	0	0	1	0	0	0	0	0	0	0	0	0	0	0	0	0	0	0	0	0	0	0	0	0	0	0
PF10899	Putative abortive phage resistance protein AbiGi, antitoxin	0	0	0	0	0	0	0	0	0	0	1	0	0	0	0	0	0	0	1	0	0	0	0	0	0	0	0	0	0	0	0	0	0	0	0	0	0	0	0	0	0	0
PF11013	Protein of unknown function (DUF2851)	0	0	0	0	0	0	0	0	0	0	1	0	0	0	0	0	0	0	1	0	0	0	0	0	0	0	0	0	1	0	0	0	0	0	0	1	0	0	0	0	0	0
PF16584	Outer membrane lipoprotein carrier protein LolA	0	0	0	0	0	0	0	0	0	0	1	0	0	0	0	0	0	0	0	0	0	0	0	0	0	0	0	0	0	0	0	0	0	0	0	0	0	0	0	0	0	0
PF07609	Protein of unknown function (DUF1572)	0	0	0	0	0	0	0	0	0	0	1	0	0	0	0	0	0	0	1	0	0	0	0	0	0	0	1	0	1	0	0	0	0	0	0	1	0	0	0	1	0	0
PF13100	OstA-like protein	0	0	0	0	0	0	0	0	0	0	1	0	0	0	0	0	0	0	0	0	0	0	0	0	0	0	1	0	1	0	0	0	0	0	0	1	0	0	0	1	0	0
PF08002	Protein of unknown function (DUF1697)	0	0	0	0	0	0	0	0	0	0	1	1	0	0	0	0	0	0	1	0	0	0	0	0	0	0	1	0	1	0	0	0	0	0	0	1	0	0	0	1	0	0
PF18925	Family of unknown function (DUF5675)	0	0	0	0	0	0	0	0	0	0	1	0	0	0	0	0	0	0	1	0	0	0	0	0	0	0	0	0	1	0	0	0	0	0	0	1	0	0	0	0	0	0
PF03405	Fatty acid desaturase	0	0	0	0	0	0	0	0	0	0	2	0	0	0	0	0	0	0	1	0	0	0	0	0	0	0	0	0	1	0	0	0	0	0	0	1	0	0	0	0	0	0
PF01325	Iron dependent repressor, N-terminal DNA binding domain	0	0	0	0	0	0	0	0	0	0	1	0	0	0	0	0	0	0	1	0	0	0	0	0	1	0	1	0	1	0	0	0	0	0	0	1	0	0	0	1	0	0
PF02742	Iron dependent repressor, metal binding and dimerisation domain	0	0	0	0	0	0	0	0	0	0	1	0	0	0	0	0	0	0	1	0	0	0	0	0	1	0	1	0	1	0	0	0	0	0	0	1	0	0	0	1	0	0
PF14054	Domain of unknown function (DUF4249)	0	0	0	0	0	0	0	0	0	0	1	0	0	0	0	0	0	0	1	0	0	0	0	0	0	0	2	0	0	0	0	0	0	0	0	0	0	0	0	2	0	0
PF01062	Bestrophin, RFP-TM, chloride channel	0	0	0	0	0	0	0	0	0	0	2	0	0	0	0	0	0	0	2	0	0	0	0	0	0	0	1	0	0	0	0	0	0	0	0	0	0	0	0	1	0	0
PF07606	Protein of unknown function (DUF1569)	0	0	0	0	0	0	0	0	0	0	1	0	0	0	0	0	0	0	1	0	0	0	0	0	0	0	1	0	0	0	0	0	0	0	0	0	0	0	0	1	0	0
PF21263	Acyl-CoA dehydrogenase, C-terminal domain	0	0	0	0	0	0	0	0	0	0	1	0	0	0	0	0	0	0	1	0	0	0	0	0	0	0	1	0	1	0	0	0	0	0	0	1	0	0	0	1	0	0
PF13366	PD-(D/E)XK nuclease superfamily	0	0	0	0	0	0	0	0	0	0	5	0	0	0	0	0	0	0	5	0	0	0	0	0	0	0	0	0	0	0	0	0	0	0	0	0	0	0	0	0	0	0
PF05684	Protein of unknown function (DUF819)	0	0	0	0	0	0	0	0	0	0	1	0	0	0	0	0	0	0	1	0	0	0	0	0	0	0	1	0	1	0	0	0	0	0	0	1	0	0	0	1	0	0
PF14093	Domain of unknown function (DUF4271)	0	0	0	0	0	0	0	0	0	0	1	0	0	0	0	0	0	0	1	0	0	0	0	0	0	0	1	0	1	0	0	0	0	0	0	1	0	0	0	1	0	0
PF14125	Domain of unknown function (DUF4292)	0	0	0	0	0	0	0	0	0	0	1	0	0	0	0	0	0	0	1	0	0	0	0	0	0	0	1	0	1	0	0	0	0	0	0	1	0	0	0	1	0	0
PF12679	ABC-2 family transporter protein	0	0	0	0	0	0	0	0	0	0	2	1	1	0	0	0	0	0	1	0	0	0	0	0	0	0	1	0	2	0	1	0	0	0	0	2	0	0	1	1	0	0
PF09180	Prolyl-tRNA synthetase, C-terminal	0	0	0	0	0	0	0	0	0	0	1	0	0	0	0	0	0	0	1	0	0	0	0	0	0	0	1	0	1	0	0	0	0	0	0	1	0	0	0	1	0	0
PF20584	Family of unknown function (DUF6787)	0	0	0	0	0	0	0	0	0	0	1	0	0	0	0	0	0	0	1	0	0	0	0	0	0	0	1	0	1	0	0	0	0	0	0	1	0	0	0	1	0	0
PF14114	Domain of unknown function (DUF4286)	0	0	0	0	0	0	0	0	0	0	1	0	0	0	0	0	0	0	1	0	0	0	0	0	0	0	1	0	1	0	0	0	0	0	0	1	0	0	0	1	0	0
PF10127	RNA repair pathway DNA polymerase beta family	0	0	0	0	0	0	0	0	0	0	1	0	0	0	0	0	0	0	2	0	0	0	0	0	0	0	0	0	0	0	0	0	0	0	0	0	0	0	0	0	0	0
PF19868	Family of unknown function (DUF6341)	0	0	0	0	0	0	0	0	0	0	1	0	0	0	0	0	0	0	1	0	0	0	0	0	0	0	1	0	1	0	0	0	0	0	0	1	0	0	0	1	0	0
PF16125	Domain of unknown function (DUF4837)	0	0	0	0	0	0	0	0	0	0	1	0	0	0	0	0	0	0	1	0	0	0	0	0	0	0	1	0	1	0	0	0	0	0	0	1	0	0	0	1	0	0
PF11950	Protein of unknown function (DUF3467)	0	0	0	0	0	0	0	0	0	0	1	0	0	0	0	0	0	0	1	0	0	0	0	0	0	0	1	0	1	0	0	0	0	0	0	1	0	0	0	1	0	0
PF01887	SAM hydroxide adenosyltransferase N-terminal domain	0	0	0	0	0	0	0	0	0	0	1	0	0	0	0	0	0	0	1	0	0	0	0	0	0	0	1	0	1	0	0	0	0	0	0	1	0	0	0	1	0	0
PF17517	IgGFc binding protein	0	0	0	0	0	0	0	0	0	0	1	0	0	0	0	0	0	0	1	0	0	0	0	0	0	0	0	0	0	0	0	0	0	0	0	0	0	0	0	1	0	0
PF16119	Domain of unknown function (DUF4835)	0	0	0	0	0	0	0	0	0	0	1	0	0	0	0	0	0	0	1	0	0	0	0	0	0	0	1	0	0	0	0	0	0	0	0	0	0	0	0	1	0	0
PF05962	HutD	0	0	0	0	0	0	0	0	0	0	1	0	0	0	0	0	0	0	1	0	0	0	0	0	0	0	0	0	0	0	0	0	0	0	0	0	0	0	0	0	0	0
PF19777	Family of unknown function (DUF6263)	0	0	0	0	0	0	0	0	0	0	1	0	0	0	0	0	0	0	1	0	0	0	0	0	0	0	1	0	0	0	0	0	0	0	0	0	0	0	0	1	0	0
PF18935	Family of unknown function (DUF5683)	0	0	0	0	0	0	0	0	0	0	1	0	0	0	0	0	0	0	1	0	0	0	0	0	0	0	1	0	1	0	0	0	0	0	0	1	0	0	0	1	0	0
PF17125	N-terminal domain of 16S rRNA methyltransferase RsmF	0	0	0	0	0	0	0	0	0	0	1	0	0	0	0	0	0	0	0	0	0	0	0	0	0	0	0	0	0	0	0	0	0	0	0	0	0	0	0	0	0	0
PF20230	Family of unknown function (DUF6588)	0	0	0	0	0	0	0	0	0	0	1	0	0	0	0	0	0	0	1	0	0	0	0	0	0	0	0	0	2	0	0	0	0	0	0	2	0	0	0	0	0	0
PF01884	PcrB family	0	0	0	0	0	0	0	0	0	0	1	0	0	0	0	0	0	0	1	0	0	0	0	0	0	0	1	0	1	0	0	0	0	0	0	1	0	0	0	1	0	0
PF11297	Protein of unknown function (DUF3098)	0	0	0	0	0	0	0	0	0	0	1	0	0	0	0	0	0	0	1	0	0	0	0	0	0	0	1	0	1	0	0	0	0	0	0	1	0	0	0	1	0	0
PF19081	Ig-like domain CHU_C associated	0	0	0	0	0	0	0	0	0	0	2	0	0	0	0	0	0	0	4	0	0	0	0	0	0	0	0	0	1	0	0	0	0	0	0	1	0	0	0	0	0	0
PF10652	Protein of unknown function (DUF2480)	0	0	0	0	0	0	0	0	0	0	2	0	0	0	0	0	0	0	1	0	0	0	0	0	0	0	1	0	1	0	0	0	0	0	0	1	0	0	0	1	0	0
PF08818	Domain of unknown function (DU1801)	0	0	0	0	0	0	0	0	0	0	2	2	1	0	0	0	0	0	4	0	0	0	0	0	0	0	3	0	3	1	1	0	0	0	0	3	1	0	2	3	0	0
PF12450	von Willebrand factor	0	0	0	0	0	0	0	0	0	0	1	1	1	0	0	1	0	0	1	0	0	0	0	0	0	0	0	0	1	1	0	0	0	0	0	1	1	0	0	0	0	0
PF18146	Damage-inducible protein CinA KH domain	0	0	0	0	0	0	0	0	0	0	1	0	0	0	0	0	0	0	1	0	0	0	0	0	0	0	1	0	1	0	0	0	0	0	0	1	0	0	0	1	0	0
PF14362	Domain of unknown function (DUF4407)	0	0	0	0	0	0	0	0	0	0	3	0	0	0	0	0	0	0	1	0	0	0	0	0	0	0	0	0	1	0	0	0	0	0	0	1	0	0	0	0	0	0
PF18860	AbiJ N-terminal domain 3	0	0	0	0	0	0	0	0	0	0	1	0	0	0	0	0	0	0	0	0	0	0	0	0	0	0	0	0	0	0	0	0	0	0	0	0	0	0	0	0	0	0
PF03932	CutC family	0	0	0	0	0	0	0	0	0	0	1	0	0	0	0	0	0	0	1	0	0	0	0	0	0	0	1	0	0	0	0	0	0	0	0	0	0	0	0	1	0	0
PF06245	Protein of unknown function (DUF1015)	0	0	0	0	0	0	0	0	0	0	1	0	0	0	0	0	0	0	1	0	0	0	0	0	0	0	1	0	1	0	0	0	0	0	0	1	0	0	0	1	0	0
PF18942	Family of unknown function (DUF5689)	0	0	0	0	0	0	0	0	0	0	1	0	0	0	0	0	0	0	2	0	0	0	0	0	0	0	2	0	1	0	0	0	0	0	0	1	0	0	0	2	0	0
PF09314	Domain of unknown function (DUF1972)	0	0	0	0	0	0	0	0	0	0	1	0	0	0	0	0	0	0	1	0	0	0	0	0	0	0	0	0	0	0	0	0	0	0	0	0	0	0	0	0	0	0
PF14349	Motility related/secretion protein	0	0	0	0	0	0	0	0	0	0	2	0	0	0	0	0	0	0	2	0	0	0	0	0	0	0	1	0	1	0	0	0	0	0	0	1	0	0	0	1	0	0
PF14134	Domain of unknown function (DUF4301)	0	0	0	0	0	0	0	0	0	0	1	0	0	0	0	0	0	0	1	0	0	0	0	0	0	0	1	0	1	0	0	0	0	0	0	1	0	0	0	1	0	0
PF21186	Domain of unknown function (DUF6852)	0	0	0	0	0	0	0	0	0	0	1	0	0	0	0	0	0	0	1	0	0	0	0	0	0	0	1	0	1	0	0	0	0	0	0	1	0	0	0	1	0	0
PF18347	Domain of unknown function (DUF5606)	0	0	0	0	0	0	0	0	0	0	1	0	0	0	0	0	0	0	1	0	0	0	0	0	0	0	1	0	1	0	0	0	0	0	0	1	0	0	0	1	0	0
PF12771	Starch-binding associating with outer membrane	0	0	0	0	0	0	0	0	0	0	1	0	0	0	0	0	0	0	1	0	0	0	0	0	0	0	1	0	2	0	0	0	0	0	0	2	0	0	0	1	0	0
PF02709	N-terminal domain of galactosyltransferase	0	0	0	0	0	0	0	0	0	0	1	0	0	0	0	0	0	0	0	0	0	0	0	0	0	0	1	0	1	0	0	0	0	0	0	1	0	0	1	1	0	0
PF10677	Protein of unknown function (DUF2490)	0	0	0	0	0	0	0	0	0	0	2	0	0	0	0	0	0	0	1	0	0	0	0	0	0	0	3	0	1	0	1	0	0	0	0	1	0	0	1	3	0	0
PF12811	Bax inhibitor 1 like	0	0	0	0	0	0	0	0	0	0	1	0	0	0	0	0	0	0	1	0	0	0	0	0	0	0	0	0	1	0	0	0	0	0	0	1	0	0	0	0	0	0
PF19143	OMP85 superfamily	0	0	0	0	0	0	0	0	0	0	1	0	0	0	0	0	0	0	1	0	0	0	0	0	0	0	1	0	1	0	0	0	0	0	0	1	0	0	0	1	0	0
PF04443	Acyl-protein synthetase, LuxE	0	0	0	0	0	0	0	0	0	0	1	0	0	0	1	1	0	0	1	0	1	0	0	0	0	0	0	0	1	1	0	0	0	0	0	1	1	0	0	0	0	0
PF07463	NUMOD4 motif	0	0	0	0	0	0	0	0	0	0	1	0	0	0	0	0	0	0	1	0	0	0	0	0	0	0	0	0	0	0	0	0	0	0	0	0	0	0	0	0	0	0
PF13392	HNH endonuclease	0	0	0	0	0	0	0	0	0	0	1	0	0	1	0	0	0	1	1	0	0	1	0	0	0	0	0	0	1	0	0	0	0	1	1	1	0	0	0	0	0	0
PF19276	HD associated region	0	0	0	0	0	0	0	0	0	0	1	0	0	0	0	0	0	0	1	0	0	0	0	0	0	0	1	0	1	0	0	0	0	0	0	1	0	0	0	1	0	0
PF03417	Acyl-coenzyme A:6-aminopenicillanic acid acyl-transferase	0	0	0	0	0	0	0	0	0	0	1	1	0	0	0	0	0	0	1	0	0	0	0	0	1	0	0	0	0	0	0	0	0	0	0	0	0	0	0	0	0	0
PF10043	Predicted periplasmic lipoprotein (DUF2279)	0	0	0	0	0	0	0	0	0	0	1	0	0	0	0	0	0	0	1	0	0	0	0	0	0	0	0	0	1	0	0	0	0	0	0	1	0	0	0	0	0	0
PF08840	BAAT / Acyl-CoA thioester hydrolase C terminal	0	0	0	0	0	0	0	0	0	0	1	1	0	0	0	1	0	0	0	0	0	0	0	0	0	0	1	0	0	1	0	0	0	0	0	0	1	0	0	1	0	0
PF07495	Y_Y_Y domain	0	0	0	0	0	0	0	0	0	0	1	0	0	0	0	2	0	0	1	0	0	0	0	0	0	0	1	0	2	5	4	0	0	0	0	2	5	0	4	1	0	0
PF06052	3-hydroxyanthranilic acid dioxygenase	0	0	0	0	0	0	0	0	0	0	1	0	0	0	1	0	0	0	1	0	1	0	0	0	0	0	1	0	1	0	0	0	0	0	0	1	0	0	0	1	0	0
PF01916	Deoxyhypusine synthase	0	0	0	0	0	0	0	0	0	0	1	0	0	0	0	0	0	0	1	0	0	0	0	0	0	0	1	0	1	0	0	0	0	0	0	1	0	0	0	1	0	0
PF07494	Two component regulator propeller	0	0	0	0	0	0	0	0	0	0	1	0	0	0	0	4	0	0	1	0	0	0	0	0	0	0	4	0	1	5	5	0	0	0	0	1	5	0	5	4	0	0
PF21544	TSS9, PorZ, N-terminal beta-propeller domain	0	0	0	0	0	0	0	0	0	0	1	0	0	0	0	0	0	0	1	0	0	0	0	0	0	0	1	0	1	0	0	0	0	0	0	1	0	0	0	1	0	0
PF12368	Rhodanase C-terminal	0	0	0	0	0	0	0	0	0	0	1	0	0	0	0	0	0	0	1	0	0	0	0	0	0	0	1	0	1	0	0	0	0	0	0	1	0	0	0	1	0	0
PF14109	GldH lipoprotein	0	0	0	0	0	0	0	0	0	0	1	0	0	0	0	0	0	0	2	0	0	0	0	0	0	0	1	0	1	0	0	0	0	0	0	1	0	0	0	1	0	0
PF20600	Exodeoxyribonuclease X-like C-terminal	0	0	0	0	0	0	0	0	0	0	1	0	0	0	0	0	0	0	1	0	0	0	0	0	0	0	1	0	2	0	0	0	0	0	0	2	0	0	0	1	0	0
PF11751	Type IX secretion system membrane protein PorP/SprF	0	0	0	0	0	0	0	0	0	0	2	0	0	0	0	0	0	0	3	0	0	0	0	0	0	0	3	0	4	0	0	0	0	0	0	4	0	0	0	3	0	0
PF12864	Protein of unknown function (DUF3822)	0	0	0	0	0	0	0	0	0	0	1	0	0	0	0	0	0	0	1	0	0	0	0	0	0	0	1	0	1	0	0	0	0	0	0	1	0	0	0	1	0	0
PF10627	Curli assembly protein CsgE	0	0	0	0	0	0	0	0	0	0	1	0	0	0	0	0	0	0	1	0	0	0	0	0	0	0	1	0	1	0	1	0	0	0	0	1	0	0	1	1	0	0
PF17116	Type 9 secretion system plug protein 1st domain	0	0	0	0	0	0	0	0	0	0	1	0	0	0	0	0	0	0	1	0	0	0	0	0	0	0	1	0	1	0	0	0	0	0	0	1	0	0	0	1	0	0
PF19841	Gliding motility associated protein GldN	0	0	0	0	0	0	0	0	0	0	1	0	0	0	0	0	0	0	1	0	0	0	0	0	0	0	1	0	1	0	0	0	0	0	0	1	0	0	0	1	0	0
PF10614	Type VIII secretion system (T8SS), CsgF protein	0	0	0	0	0	0	0	0	0	0	1	0	1	0	0	0	0	0	1	0	0	0	0	0	0	0	1	0	1	0	1	0	0	0	0	1	0	0	1	1	0	0
PF18184	SMODS and SLOG-associating 2TM effector domain 3	0	0	0	0	0	0	0	0	0	0	1	0	0	0	0	0	0	0	1	0	0	0	0	0	0	0	0	0	0	0	0	0	0	0	0	0	0	0	0	0	0	0
PF18181	SMODS and SLOG-associating 2TM effector domain 1	0	0	0	0	0	0	0	0	0	0	1	0	0	0	0	0	0	0	1	0	0	0	0	0	0	0	0	0	0	0	0	0	0	0	0	0	0	0	0	0	0	0
PF17753	Ig-fold domain	0	0	0	0	0	0	0	0	0	0	1	0	0	0	1	0	0	0	1	0	1	0	0	0	0	0	0	0	0	0	0	0	0	0	0	0	0	0	0	0	0	0
PF17786	Mannosidase Ig/CBM-like domain	0	0	0	0	0	0	0	0	0	0	1	0	0	0	0	0	0	0	1	0	0	0	0	0	0	0	0	0	0	0	0	0	0	0	0	0	0	0	0	0	0	0
PF18939	Family of unknown function (DUF5686)	0	0	0	0	0	0	0	0	0	0	2	0	0	0	0	0	0	0	3	0	0	0	0	0	0	0	3	0	3	0	0	0	0	0	0	3	0	0	0	3	0	0
PF05572	Pregnancy-associated plasma protein-A	0	0	0	0	0	0	0	0	0	0	1	0	0	0	0	0	0	0	1	0	0	0	0	0	0	0	0	0	3	0	0	0	0	0	0	3	0	0	0	0	0	0
PF20973	Vitamin uptake-like sensor	0	0	0	0	0	0	0	0	0	0	1	0	0	0	0	0	0	0	1	0	0	0	0	0	0	0	0	0	0	0	0	0	0	0	0	0	0	0	0	0	0	0
PF04087	Domain of unknown function (DUF389)	0	0	0	0	0	0	0	0	0	0	1	1	2	0	0	0	0	0	1	0	0	0	0	0	0	0	1	0	1	0	0	0	0	0	0	1	0	0	0	1	0	0
PF13308	YARHG domain	0	0	0	0	0	0	0	0	0	0	1	0	0	0	0	0	0	0	1	0	0	0	0	0	0	0	0	0	0	0	0	0	0	0	0	0	0	0	0	0	0	0
PF01223	DNA/RNA non-specific endonuclease	0	0	0	0	0	0	0	0	0	0	1	0	0	0	0	1	0	0	1	0	0	0	0	0	0	0	1	0	1	1	0	0	0	0	0	1	1	0	0	1	0	0
PF18376	Mevalonate 5-diphosphate decarboxylase C-terminal domain	0	0	0	0	0	0	0	0	0	0	1	0	0	0	0	0	0	0	1	0	0	0	0	0	0	0	1	0	1	0	0	0	0	0	0	1	0	0	0	1	0	0
PF18936	Family of unknown function (DUF5684)	0	0	0	0	0	0	0	0	0	0	1	0	0	0	0	0	0	0	1	0	0	0	0	0	0	0	1	0	1	0	0	0	0	0	0	1	0	0	0	1	0	0
PF07971	Glycosyl hydrolase family 92 catalytic domain	0	0	0	0	0	0	0	0	0	0	1	0	0	0	0	0	0	0	2	0	0	0	0	0	0	0	1	0	1	0	0	0	0	0	0	1	0	0	0	1	0	0
PF17678	Glycosyl hydrolase family 92 N-terminal domain	0	0	0	0	0	0	0	0	0	0	1	0	0	0	0	0	0	0	1	0	0	0	0	0	0	0	1	0	1	0	0	0	0	0	0	1	0	0	0	1	0	0
PF00754	F5/8 type C domain	0	0	0	0	0	0	0	0	0	0	1	0	0	0	0	1	0	0	1	0	0	0	0	0	0	0	1	0	2	1	1	0	0	0	0	2	1	0	1	1	0	0
PF00733	Asparagine synthase	0	0	0	0	0	0	0	0	0	0	2	1	0	0	0	1	0	0	2	0	1	0	0	0	0	0	3	0	1	2	2	0	0	0	0	1	2	0	2	3	0	0
PF00041	Fibronectin type III domain	0	0	0	0	0	0	0	0	0	0	2	0	0	0	0	0	0	0	3	0	0	0	0	0	0	0	2	0	5	0	0	0	0	0	0	5	0	0	0	2	0	0
PF19765	Family of unknown function (DUF6252)	0	0	0	0	0	0	0	0	0	0	2	0	0	0	0	0	0	0	2	0	0	0	0	0	0	0	2	0	1	0	0	0	0	0	0	1	0	0	0	2	0	0
PF07659	Nucleotide modification associated domain 1	0	0	0	0	0	0	0	0	0	0	1	0	0	0	0	0	0	0	1	0	0	0	0	0	0	0	1	0	1	0	0	0	0	0	0	1	0	0	0	1	0	0
PF16118	Domain of unknown function (DUF4834)	0	0	0	0	0	0	0	0	0	0	1	0	0	0	0	0	0	0	0	0	0	0	0	0	0	0	0	0	1	0	0	0	0	0	0	1	0	0	0	0	0	0
PF10079	Bacillithiol biosynthesis BshC	0	0	0	0	0	0	0	0	0	0	1	0	0	0	0	0	0	0	2	0	0	0	0	0	0	0	1	0	1	0	0	0	0	0	0	1	0	0	0	1	0	0
PF01833	IPT/TIG domain	0	0	0	0	0	0	0	0	0	0	1	0	0	0	0	0	0	0	0	0	0	0	0	0	0	0	1	0	0	0	0	0	0	0	0	0	0	0	0	1	0	0
PF19413	YaiO membrane beta barrel domain	0	0	0	0	0	0	0	0	0	0	1	0	0	0	0	0	0	0	1	0	0	0	0	0	0	0	0	0	0	0	0	0	0	0	0	0	0	0	0	0	0	0
PF06491	Disulphide isomerase	0	0	0	0	0	0	0	0	0	0	1	0	0	0	0	0	0	0	1	0	0	0	0	0	0	0	1	0	1	0	0	0	0	0	0	1	0	0	0	1	0	0
PF05523	WxcM-like, C-terminal	0	0	0	0	0	0	0	0	0	0	1	0	0	0	0	0	0	0	1	0	0	0	0	0	0	0	1	0	1	0	0	0	0	0	0	1	0	0	0	1	0	0
PF19992	Family of unknown function (DUF6427)	0	0	0	0	0	0	0	0	0	0	1	0	0	0	0	0	0	0	0	0	0	0	0	0	0	0	1	0	1	0	0	0	0	0	0	1	0	0	0	1	0	0
PF19643	Family of unknown function (DUF6146)	0	0	0	0	0	0	0	0	0	0	1	0	0	0	0	0	0	0	1	0	0	0	0	0	0	0	1	0	1	0	0	0	0	0	0	1	0	0	0	1	0	0
PF19867	Family of unknown function (DUF6340)	0	0	0	0	0	0	0	0	0	0	1	0	0	0	0	0	0	0	1	0	0	0	0	0	0	0	0	0	0	0	0	0	0	0	0	0	0	0	0	0	0	0
PF21602	GldM third domain	0	0	0	0	0	0	0	0	0	0	1	0	0	0	0	0	0	0	1	0	0	0	0	0	0	0	1	0	1	0	0	0	0	0	0	1	0	0	0	1	0	0
PF21601	GldM second domain	0	0	0	0	0	0	0	0	0	0	1	0	0	0	0	0	0	0	1	0	0	0	0	0	0	0	1	0	1	0	0	0	0	0	0	1	0	0	0	1	0	0
PF12080	GldM C-terminal domain	0	0	0	0	0	0	0	0	0	0	1	0	0	0	0	0	0	0	1	0	0	0	0	0	0	0	1	0	1	0	0	0	0	0	0	1	0	0	0	1	0	0
PF12081	GldM N-terminal domain	0	0	0	0	0	0	0	0	0	0	2	0	0	0	0	0	0	0	2	0	0	0	0	0	0	0	1	0	1	0	0	0	0	0	0	1	0	0	0	1	0	0
PF11251	Protein of unknown function (DUF3050)	0	0	0	0	0	0	0	0	0	0	1	0	0	0	0	0	0	0	1	0	0	0	0	0	0	0	1	0	1	0	0	0	0	0	0	1	0	0	0	1	0	0
PF16184	Cadherin-like	0	0	0	0	0	0	0	0	0	0	1	0	0	0	0	0	0	0	1	0	0	0	0	0	0	0	1	0	0	0	0	0	0	0	0	0	0	0	0	1	0	0
PF00629	MAM domain, meprin/A5/mu	0	0	0	0	0	0	0	0	0	0	1	0	0	0	0	0	0	0	1	0	0	0	0	0	0	0	1	0	4	0	0	0	0	0	0	4	0	0	0	1	0	0
PF13623	SurA-like N-terminal domain	0	0	0	0	0	0	0	0	0	0	1	0	0	0	0	0	0	0	1	0	0	0	0	0	0	0	1	0	1	0	0	0	0	0	0	1	0	0	0	1	0	0
PF05090	Vitamin K-dependent gamma-carboxylase	0	0	0	0	0	0	0	0	0	0	1	0	0	0	0	0	0	0	1	0	0	0	0	0	1	0	3	0	2	0	0	0	0	0	0	2	0	0	0	3	0	0
PF14126	Domain of unknown function (DUF4293)	0	0	0	0	0	0	0	0	0	0	1	0	0	0	0	0	0	0	1	0	0	0	0	0	0	0	1	0	1	0	0	0	0	0	0	1	0	0	0	1	0	0
PF11276	Protein of unknown function (DUF3078)	0	0	0	0	0	0	0	0	0	0	2	0	0	0	0	0	0	0	2	0	0	0	0	0	0	0	2	0	2	0	0	0	0	0	0	2	0	0	0	2	0	0
PF14128	Domain of unknown function (DUF4295)	0	0	0	0	0	0	0	0	0	0	1	0	0	0	0	0	0	0	1	0	0	0	0	0	0	0	1	0	1	0	0	0	0	0	0	1	0	0	0	1	0	0
PF13287	Fn3 associated	0	0	0	0	0	0	0	0	0	0	1	0	0	0	0	0	0	0	1	0	0	0	0	0	0	0	0	0	0	0	0	0	0	0	0	0	0	0	0	0	0	0
PF11307	Protein of unknown function (DUF3109)	0	0	0	0	0	0	0	0	0	0	1	0	0	0	0	0	0	0	1	0	0	0	0	0	0	0	1	0	1	0	0	0	0	0	0	1	0	0	0	1	0	0
PF01364	Peptidase family C25	0	0	0	0	0	0	0	0	0	0	1	0	0	0	0	0	0	0	1	0	0	0	0	0	0	0	1	0	1	0	0	0	0	0	0	1	0	0	0	1	0	0
PF20619	Family of unknown function (DUF6804)	0	0	0	0	0	0	0	0	0	0	1	0	0	0	0	0	0	0	1	0	0	0	0	0	0	0	0	0	0	0	0	0	0	0	0	0	0	0	0	0	0	0
PF13732	Domain of unknown function (DUF4162)	0	0	0	0	0	0	0	0	0	0	1	0	0	0	0	0	0	0	1	0	0	0	0	0	0	0	1	0	1	0	0	0	0	0	0	1	0	0	0	1	0	0
PF09357	RteC protein	0	0	0	0	0	0	0	0	0	0	1	0	0	0	0	0	0	0	1	0	0	0	0	0	0	0	2	0	2	0	0	0	0	0	0	2	0	0	0	0	0	0
PF02012	BNR/Asp-box repeat	0	0	0	0	0	0	0	0	0	0	1	0	0	0	0	0	0	0	1	0	0	0	0	0	0	0	1	0	1	0	0	0	0	0	0	1	0	0	0	1	0	0
PF14121	Putative porin	0	0	0	0	0	0	0	0	0	0	1	0	0	0	0	0	0	0	1	0	0	0	0	0	0	0	1	0	1	0	0	0	0	0	0	1	0	0	0	1	0	0
PF13619	KTSC domain	0	0	0	0	0	0	0	0	0	0	1	0	0	0	0	0	0	0	1	0	0	0	0	0	0	0	0	1	1	0	0	0	0	0	0	1	0	1	0	0	0	0
PF07617	Protein of unknown function (DUF1579)	0	0	0	0	0	0	0	0	0	0	1	0	0	0	0	0	0	0	1	0	0	0	0	0	0	0	0	0	0	0	0	0	0	0	0	0	0	0	0	0	0	0
PF13648	Lipocalin-like domain	0	0	0	0	0	0	0	0	0	0	1	0	0	0	0	0	0	0	1	0	0	0	0	0	0	0	1	0	3	0	0	0	0	0	0	3	0	0	0	1	0	0
PF19580	Endonuclease/Exonuclease/phosphatase family	0	0	0	0	0	0	0	0	0	0	1	0	0	0	0	0	0	0	1	0	0	0	0	0	0	0	2	0	2	0	0	0	0	0	0	2	0	0	0	2	0	0
PF14060	Domain of unknown function (DUF4252)	0	0	0	0	0	0	0	0	0	0	1	0	0	0	0	0	0	0	2	0	0	0	0	0	0	0	2	0	2	0	0	0	0	0	0	2	0	0	0	2	0	0
PF11009	Monothiol bacilliredoxin BrxC	0	0	0	0	0	0	0	0	0	0	1	0	0	0	0	0	0	0	0	0	0	0	0	0	0	0	1	0	1	0	0	0	0	0	0	1	0	0	0	1	0	0
PF09889	Uncharacterized protein containing a Zn-ribbon (DUF2116)	0	0	0	0	0	0	0	0	0	0	1	0	0	0	0	0	0	0	0	0	0	0	0	0	0	0	0	0	0	0	0	0	0	0	0	0	0	0	0	0	0	0
PF11680	Protein of unknown function (DUF3276)	0	0	0	0	0	0	0	0	0	0	1	0	0	0	0	0	0	0	0	0	0	0	0	0	0	0	1	0	1	0	0	0	0	0	0	1	0	0	0	1	0	0
PF20216	Family of unknown function (DUF6576)	0	0	0	0	0	0	0	0	0	0	1	0	0	0	0	0	0	0	1	0	0	0	0	0	0	0	1	0	1	0	0	0	0	0	0	1	0	0	0	1	0	0
PF04238	Protein of unknown function (DUF420)	0	0	0	0	0	0	0	0	0	0	1	0	0	0	0	0	0	0	1	0	0	0	0	0	0	0	1	0	1	0	0	0	0	0	0	1	0	0	0	1	0	0
PF13009	Putative integrase	0	0	0	0	0	0	0	0	0	0	1	0	0	0	0	0	0	1	0	0	0	0	0	0	0	0	0	0	0	0	0	0	0	0	0	0	0	0	0	0	0	0
PF13524	Glycosyl transferases group 1	0	0	0	0	0	0	0	0	0	0	1	0	0	2	1	0	0	0	1	0	1	2	0	0	0	0	0	0	2	0	0	0	0	0	0	2	0	0	0	0	0	0
PF10825	Protein of unknown function (DUF2752)	0	0	0	0	0	0	0	0	0	0	1	0	0	0	0	0	0	0	1	0	0	0	0	0	0	0	2	0	0	0	0	0	0	0	0	0	0	0	0	2	0	0
PF08665	PglZ domain	0	0	0	0	0	0	0	0	0	0	1	0	0	0	0	0	0	1	1	1	0	0	0	0	0	0	1	0	1	0	0	0	0	0	0	1	0	0	0	1	0	0
PF12725	Protein of unknown function (DUF3810)	0	0	0	0	0	0	0	0	0	0	1	0	0	0	0	0	0	0	1	0	0	0	0	0	0	0	1	0	1	0	0	0	0	0	0	1	0	0	0	1	0	0
PF18174	CCDC81-like prokaryotic HU domain 1	0	0	0	0	0	0	0	0	0	0	1	0	0	0	0	0	0	0	1	0	0	0	0	0	0	0	1	0	1	0	0	0	0	0	0	1	0	0	0	1	0	0
PF18175	CCDC81-like prokaryotic HU domain 2	0	0	0	0	0	0	0	0	0	0	1	0	0	0	0	0	0	0	1	0	0	0	0	0	0	0	1	0	1	0	0	0	0	0	0	1	0	0	0	1	0	0
PF14289	Domain of unknown function (DUF4369)	0	0	0	0	0	0	0	0	0	0	1	0	0	0	0	0	0	0	1	0	0	0	0	0	0	0	2	0	1	0	0	0	0	0	0	1	0	0	0	2	0	0
PF09365	Conserved hypothetical protein (DUF2461)	0	0	0	0	0	0	0	0	0	0	1	0	0	0	1	0	0	0	1	0	1	0	0	0	0	0	2	0	1	0	0	0	0	0	0	1	0	0	0	2	0	0
PF20545	Domain of unknown function (DUF6759)	0	0	0	0	0	0	0	0	0	0	1	0	0	0	0	0	0	0	1	0	0	0	0	0	0	0	0	0	0	0	0	0	0	0	0	0	0	0	0	0	0	0
PF16267	Domain of unknown function (DUF4920)	0	0	0	0	0	0	0	0	0	0	1	0	0	0	0	1	0	0	1	0	0	0	0	0	0	0	1	0	1	1	0	0	0	0	0	1	1	0	0	1	0	0
PF11827	Protein of unknown function (DUF3347)	0	0	0	0	0	0	0	0	0	0	1	0	0	0	0	0	0	0	1	0	0	0	0	0	0	0	6	0	4	0	0	0	0	0	0	4	0	0	0	2	0	0
PF14018	Domain of unknown function (DUF4234)	0	0	0	0	0	0	0	0	0	0	1	0	0	0	0	0	0	0	1	0	0	0	0	0	0	0	0	0	0	0	0	0	0	0	0	0	0	0	0	0	0	0
PF03382	Mycoplasma protein of unknown function, DUF285	0	0	0	0	0	0	0	0	0	0	1	0	0	0	0	0	0	0	1	0	0	0	0	0	0	0	0	0	0	0	0	0	0	0	0	0	0	0	0	0	0	0
PF05893	Acyl-CoA reductase (LuxC)	0	0	0	0	0	0	0	0	0	0	1	0	0	0	1	1	0	0	1	0	1	0	0	0	0	0	1	0	1	1	0	0	0	0	0	1	1	0	0	1	0	0
PF08000	Bacterial PH domain	0	0	0	0	0	0	0	0	0	0	1	0	0	0	0	0	0	0	1	0	0	0	0	0	0	0	0	0	0	0	1	0	0	0	0	0	0	0	1	0	0	0
PF08889	WbqC-like protein family	0	0	0	0	0	0	0	0	0	0	1	0	0	0	0	0	0	0	1	0	0	0	0	0	0	0	1	0	1	0	0	0	0	0	0	1	0	0	0	1	0	0
PF01902	Diphthamide synthase	0	0	0	0	0	0	0	0	0	0	1	0	0	0	0	0	0	0	1	0	0	0	0	0	0	0	0	0	1	0	0	0	0	0	0	1	0	0	0	0	0	0
PF14092	Domain of unknown function (DUF4270)	0	0	0	0	0	0	0	0	0	0	1	0	0	0	0	0	0	0	1	0	0	0	0	0	0	0	1	0	1	0	0	0	0	0	0	1	0	0	0	1	0	0
PF07929	Plasmid pRiA4b ORF-3-like protein	0	0	0	0	0	0	0	0	0	0	1	0	0	0	0	0	0	0	1	0	1	0	0	0	0	0	1	0	1	0	1	0	0	0	0	1	0	0	0	1	0	0
PF07075	Exo-beta-N-acetylmuramidase NamZ, N-terminal	0	0	0	0	0	0	0	0	0	0	1	0	0	0	0	0	0	0	1	0	0	0	0	0	0	0	1	0	1	0	1	0	0	0	0	1	0	0	1	1	0	0
PF20732	Exo-beta-N-acetylmuramidase NamZ, C-terminal	0	0	0	0	0	0	0	0	0	0	1	0	0	0	0	0	0	0	1	0	0	0	0	0	0	0	1	0	1	0	1	0	0	0	0	1	0	0	1	1	0	0
PF01796	DUF35 OB-fold domain, acyl-CoA-associated	0	0	0	0	0	0	0	0	0	0	0	4	0	0	0	0	0	0	0	0	0	0	0	0	0	0	0	0	0	0	0	0	0	2	2	0	0	0	0	0	0	0
PF12172	Rubredoxin-like zinc ribbon domain (DUF35_N)	0	0	0	0	0	0	0	0	0	0	0	3	0	0	0	0	0	0	0	0	0	0	0	0	0	0	0	0	0	0	0	0	0	2	2	0	0	0	0	0	0	0
PF01120	Alpha-L-fucosidase	0	0	0	0	0	0	0	0	0	0	0	2	0	0	0	0	0	0	0	0	0	0	0	0	0	0	0	0	0	0	0	0	0	0	0	0	0	0	0	0	0	0
PF05284	Protein of unknown function (DUF736)	0	0	0	0	0	0	0	0	0	0	0	3	6	0	0	0	0	0	0	0	0	0	0	0	0	0	0	0	0	0	0	0	0	0	0	0	0	0	0	0	0	0
PF13160	Protein of unknown function (DUF3995)	0	0	0	0	0	0	0	0	0	0	0	1	1	0	0	0	0	0	0	0	0	0	0	0	0	0	0	0	0	0	0	0	0	0	0	0	0	0	0	0	0	0
PF16242	Pyridoxamine 5'-phosphate oxidase like	0	0	0	0	0	0	0	0	0	0	0	1	0	0	0	1	0	0	0	0	0	0	0	0	0	2	0	0	0	1	1	0	0	0	0	0	1	0	1	0	0	2
PF02358	Trehalose-phosphatase	0	0	0	0	0	0	0	0	0	0	0	1	1	0	0	0	0	0	0	0	0	0	0	0	0	1	0	0	0	0	0	0	0	0	0	0	0	0	0	0	0	1
PF01183	Glycosyl hydrolases family 25	0	0	0	0	0	0	0	0	0	0	0	1	1	1	1	0	0	0	1	0	1	1	0	0	1	1	0	1	0	0	0	0	0	1	1	0	0	1	0	0	0	1
PF04956	TrbC/VIRB2 pilin	0	0	0	0	0	0	0	0	0	0	0	2	3	0	1	0	0	0	0	0	0	1	0	0	0	0	0	0	0	0	0	0	0	0	0	0	0	0	0	0	0	0
PF20590	Domain of unknown function (DUF6791)	0	0	0	0	0	0	0	0	0	0	0	1	0	0	0	0	0	0	0	0	0	0	0	0	0	0	0	0	0	0	0	0	0	0	0	0	0	0	0	0	0	0
PF09857	Putative toxin of bacterial toxin-antitoxin pair	0	0	0	0	0	0	0	0	0	0	0	1	0	0	0	0	0	0	0	0	0	0	0	0	0	0	0	0	0	0	0	0	0	0	0	0	0	0	0	0	0	0
PF05406	WGR domain	0	0	0	0	0	0	0	0	0	0	0	1	0	2	0	0	0	0	0	0	0	2	0	0	0	0	0	0	0	0	0	0	0	2	2	0	0	0	0	0	0	0
PF10074	Uncharacterized conserved protein (DUF2285)	0	0	0	0	0	0	0	0	0	0	0	2	2	0	0	0	0	0	0	0	0	0	0	0	0	0	0	0	0	0	0	0	0	0	0	0	0	0	0	0	0	0
PF07362	Post-segregation antitoxin CcdA	0	0	0	0	0	0	0	0	0	0	0	1	0	0	0	0	0	0	0	0	0	0	0	0	0	0	0	0	0	0	0	0	0	0	0	0	0	0	0	0	0	0
PF07015	VirC1 protein	0	0	0	0	0	0	0	0	0	0	0	1	0	2	0	0	0	0	0	0	0	1	0	0	0	0	0	0	0	0	0	0	0	0	0	0	0	0	0	0	0	0
PF10370	Rv2993c-like, N-terminal	0	0	0	0	0	0	0	0	0	0	0	1	1	0	0	0	0	0	0	0	0	0	0	0	0	0	0	0	0	0	0	1	0	0	0	0	0	0	0	0	0	0
PF03135	CagE, TrbE, VirB family, component of type IV transporter system	0	0	0	0	0	0	0	0	0	0	0	2	4	0	0	0	0	0	0	0	0	1	0	0	0	0	0	0	0	0	0	0	0	0	0	0	0	0	0	0	0	0
PF19044	TraG P-loop domain	0	0	0	0	0	0	0	0	0	0	0	2	4	0	0	0	0	0	0	0	0	0	0	0	0	0	2	0	1	0	0	0	0	0	0	1	0	0	0	0	0	0
PF05974	Domain of unknown function (DUF892)	0	0	0	0	0	0	0	0	0	0	0	1	1	0	0	0	0	0	0	0	1	0	0	0	0	3	0	0	0	0	0	0	0	0	0	0	0	0	0	0	0	2
PF14330	Domain of unknown function (DUF4387)	0	0	0	0	0	0	0	0	0	0	0	1	0	0	1	0	0	0	0	0	1	0	0	0	0	0	0	0	0	0	0	0	0	0	0	0	0	0	0	0	0	0
PF02534	Type IV secretory system Conjugative DNA transfer	0	0	0	0	0	0	0	0	0	0	0	3	2	1	0	0	0	0	0	0	0	1	0	0	0	0	1	0	0	0	0	0	0	0	0	0	0	0	0	0	0	0
PF19578	Family of unknown function (DUF6090)	0	0	0	0	0	0	0	0	0	0	0	1	0	0	0	0	0	0	0	0	0	0	0	0	0	0	2	0	1	0	0	0	0	0	0	1	0	0	0	2	0	0
PF12951	Passenger-associated-transport-repeat	0	0	0	0	0	0	0	0	0	0	0	1	0	0	0	0	0	0	0	0	0	0	0	0	0	0	0	0	0	0	0	1	0	0	0	0	0	0	0	0	0	0
PF13570	PQQ-like domain	0	0	0	0	0	0	0	0	0	0	0	1	0	1	0	1	0	0	0	0	0	1	0	0	0	1	0	0	0	1	0	0	0	1	1	0	1	0	0	0	0	1
PF06379	L-rhamnose-proton symport protein (RhaT)	0	0	0	0	0	0	0	0	0	0	0	1	0	0	0	0	0	0	0	0	0	0	0	0	0	0	0	0	0	0	0	0	0	0	0	0	0	0	0	0	0	0
PF04616	Glycosyl hydrolases family 43	0	0	0	0	0	0	0	0	0	0	0	3	2	0	0	1	0	0	0	0	0	0	0	0	0	0	0	0	1	1	0	0	0	0	0	1	1	0	0	0	0	0
PF21607	[Acyl-carrier-protein] S-malonyltransferase, inserted helical domain	0	0	0	0	0	0	0	0	0	0	0	1	0	0	0	0	0	0	0	0	0	0	0	0	0	0	0	0	0	0	0	0	0	0	0	0	0	0	0	0	0	0
PF03743	Bacterial conjugation TrbI-like protein	0	0	0	0	0	0	0	0	0	0	0	2	4	0	0	0	0	0	0	0	0	0	0	0	0	0	0	0	0	0	0	0	0	0	0	0	0	0	0	0	0	0
PF13499	EF-hand domain pair	0	0	0	0	0	0	0	0	0	0	0	2	2	0	1	0	0	0	0	0	1	0	0	0	0	0	0	0	0	1	1	0	0	0	0	0	1	0	1	0	0	0
PF16826	Domain of unknown function (DUF5076)	0	0	0	0	0	0	0	0	0	0	0	1	0	0	0	0	0	0	0	0	0	0	0	0	0	0	0	0	0	0	0	0	0	0	0	0	0	0	0	0	0	0
PF01845	CcdB protein	0	0	0	0	0	0	0	0	0	0	0	1	0	0	0	0	0	0	0	0	0	0	0	0	0	0	0	0	0	0	0	0	0	0	0	0	0	0	0	0	0	0
PF19744	Family of unknown function (DUF6232)	0	0	0	0	0	0	0	0	0	0	0	1	0	0	0	0	0	0	0	0	0	0	0	0	0	0	0	0	0	0	0	0	0	0	0	0	0	0	0	0	0	0
PF03524	Conjugal transfer protein	0	0	0	0	0	0	0	0	0	0	0	2	4	1	0	0	0	0	0	0	0	0	0	0	0	0	0	0	0	0	0	0	0	0	0	0	0	0	0	0	0	0
PF09718	Lambda phage tail tape-measure protein (Tape_meas_lam_C)	0	0	0	0	0	0	0	0	0	0	0	1	0	0	0	0	0	0	0	0	0	0	0	0	0	0	0	0	0	0	0	0	0	0	0	0	0	0	0	0	0	0
PF09537	Domain of unknown function (DUF2383)	0	0	0	0	0	0	0	0	0	0	0	1	1	0	0	0	0	0	0	0	0	0	0	0	0	1	2	0	2	0	0	0	0	0	0	2	0	0	0	2	0	1
PF05336	L-rhamnose mutarotase	0	0	0	0	0	0	0	0	0	0	0	1	0	0	0	0	0	0	0	0	0	0	0	0	0	1	0	0	0	0	0	0	0	0	0	0	0	0	0	0	0	1
PF06964	Alpha-L-arabinofuranosidase C-terminal domain	0	0	0	0	0	0	0	0	0	0	0	1	0	0	0	0	0	0	0	0	0	0	0	0	0	0	0	0	0	0	0	0	0	0	0	0	0	0	0	0	0	0
PF10038	Protein of unknown function (DUF2274)	0	0	0	0	0	0	0	0	0	0	0	2	4	0	0	0	0	0	0	0	0	0	0	0	0	0	0	0	0	0	0	0	0	0	0	0	0	0	0	0	0	0
PF14452	Multiubiquitin	0	0	0	0	0	0	0	0	0	0	0	1	0	0	0	0	0	0	0	0	0	0	0	0	0	0	0	0	0	0	0	0	0	0	0	0	0	0	0	0	0	0
PF00723	Glycosyl hydrolases family 15	0	0	0	0	0	0	0	0	0	0	0	1	0	0	0	0	0	0	0	0	0	0	0	0	0	1	0	0	0	0	0	0	0	0	0	0	0	0	0	0	0	1
PF19291	Trehalase-like, N-terminal	0	0	0	0	0	0	0	0	0	0	0	1	0	0	0	0	0	0	0	0	0	0	0	0	0	1	0	0	0	0	0	0	0	0	0	0	0	0	0	0	0	1
PF03767	HAD superfamily, subfamily IIIB (Acid phosphatase)	0	0	0	0	0	0	0	0	0	0	0	1	1	0	0	0	0	0	0	0	0	0	0	0	0	1	0	0	0	1	0	0	0	0	0	0	1	0	0	0	0	1
PF21597	Transcriptional regulator SbtR-like, C-terminal domain	0	0	0	0	0	0	0	0	0	0	0	1	0	0	0	0	0	0	0	0	0	0	0	0	0	1	0	0	0	0	0	0	0	0	0	0	0	0	0	0	0	0
PF14390	Putative  PD-(D/E)XK family member, (DUF4420)	0	0	0	0	0	0	0	0	0	0	0	1	0	0	0	0	0	0	0	0	0	0	0	0	0	0	0	0	0	0	0	1	0	0	0	0	0	0	0	0	0	0
PF10593	Z1 domain	0	0	0	0	0	0	0	0	0	0	0	1	0	0	0	0	0	0	0	0	0	0	0	0	0	0	0	0	0	0	0	1	0	0	0	0	0	0	0	0	0	0
PF20137	Family of unknown function (DUF6527)	0	0	0	0	0	0	0	0	0	0	0	1	0	0	0	0	0	0	0	0	0	0	0	0	0	0	0	0	0	0	0	0	0	0	0	0	0	0	0	0	0	0
PF04335	VirB8 protein	0	0	0	0	0	0	0	0	0	0	0	2	4	0	0	0	0	0	0	0	0	0	0	0	0	0	0	0	0	0	0	0	0	0	0	0	0	0	0	0	0	0
PF07721	Tetratricopeptide repeat	0	0	0	0	0	0	0	0	0	0	0	1	1	0	0	0	0	0	0	0	0	0	0	0	0	0	0	0	0	0	0	0	0	0	0	0	0	0	0	0	0	0
PF17851	Beta xylosidase C-terminal Concanavalin A-like domain	0	0	0	0	0	0	0	0	0	0	0	1	1	0	0	1	0	0	0	0	0	0	0	0	0	0	0	0	0	1	0	0	0	0	0	0	1	0	0	0	0	0
PF19830	Family of unknown function (DUF6311)	0	0	0	0	0	0	0	0	0	0	0	1	0	0	0	0	0	0	0	0	0	0	0	0	0	0	0	0	0	0	0	0	0	0	0	0	0	0	0	0	0	0
PF12034	Uncharacterized protein YfbK, C-terminal	0	0	0	0	0	0	0	0	0	0	0	1	1	0	0	0	0	0	1	0	0	0	0	0	0	0	0	0	1	1	0	0	0	0	0	1	1	0	0	0	0	0
PF14524	Wzt C-terminal domain	0	0	0	0	0	0	0	0	0	0	0	1	1	0	0	0	0	0	0	0	0	0	0	0	0	0	1	0	1	0	0	0	0	0	0	1	0	0	0	1	0	0
PF09951	Protein of unknown function (DUF2185)	0	0	0	0	0	0	0	0	0	0	0	1	0	0	0	0	0	0	0	0	0	0	0	0	0	0	0	0	0	0	0	0	0	0	0	0	0	0	0	0	0	0
PF10077	Uncharacterized protein conserved in bacteria (DUF2314)	0	0	0	0	0	0	0	0	0	0	0	1	0	0	0	0	0	0	0	0	0	0	0	0	0	0	0	0	0	0	0	0	0	0	0	0	0	0	0	0	0	0
PF05135	Phage gp6-like head-tail connector protein	0	0	0	0	0	0	0	0	0	0	0	1	0	0	0	0	0	0	0	0	0	0	0	0	0	1	0	1	0	0	0	0	0	0	0	0	0	1	0	0	0	1
PF05981	CreA protein	0	0	0	0	0	0	0	0	0	0	0	1	1	0	0	0	0	0	0	0	0	0	0	0	1	1	0	0	0	1	1	0	0	0	0	0	1	0	1	0	0	1
PF05101	Type IV secretory pathway, VirB3-like protein	0	0	0	0	0	0	0	0	0	0	0	2	3	0	0	0	0	0	0	0	0	1	0	0	0	0	0	0	0	0	0	0	0	0	0	0	0	0	0	0	0	0
PF13374	Tetratricopeptide repeat	0	0	0	0	0	0	0	0	0	0	0	1	0	0	1	0	0	0	0	0	1	0	0	0	0	0	0	0	0	0	0	0	0	0	0	0	0	0	0	0	0	0
PF16930	Putative porin	0	0	0	0	0	0	0	0	0	0	0	1	0	0	0	0	0	0	0	0	0	0	0	0	0	0	0	0	0	0	0	0	0	0	0	0	0	0	0	0	0	0
PF05227	CHASE3 domain	0	0	0	0	0	0	0	0	0	0	0	1	0	1	1	1	0	0	0	0	1	1	0	0	0	0	1	0	1	1	1	0	0	1	1	1	1	0	1	1	0	0
PF13577	SnoaL-like domain	0	0	0	0	0	0	0	0	0	0	0	1	1	0	0	0	0	0	0	0	0	0	0	0	0	0	0	0	0	0	0	0	0	0	0	0	0	0	0	0	0	0
PF08659	KR domain	0	0	0	0	0	0	0	0	0	0	0	1	1	1	0	0	0	0	0	0	0	1	0	0	1	1	0	0	0	0	0	0	0	0	0	0	0	0	0	0	0	0
PF20109	Family of unknown function (DUF6499)	0	0	0	0	0	0	0	0	0	0	0	1	0	0	0	0	0	0	0	0	0	0	0	0	0	0	0	0	0	0	0	0	0	0	0	0	0	0	0	0	0	0
PF08291	Peptidase M15	0	0	0	0	0	0	0	0	0	0	0	2	0	0	0	0	0	0	0	0	0	0	0	0	0	0	1	0	1	1	0	0	0	0	0	1	1	0	0	1	0	0
PF14487	ssDNA thymidine ADP-ribosyltransferase, DarT	0	0	0	0	0	0	0	0	0	0	0	1	0	0	0	0	0	0	0	0	0	0	0	0	0	0	0	0	0	1	0	0	0	0	0	0	1	0	0	0	0	0
PF11625	Protein of unknown function (DUF3253)	0	0	0	0	0	0	0	0	0	0	0	1	1	0	0	0	0	0	0	0	0	0	0	0	0	1	0	0	0	0	0	0	0	0	0	0	0	0	0	0	0	1
PF02366	Dolichyl-phosphate-mannose-protein mannosyltransferase	0	0	0	0	0	0	0	0	0	0	0	1	0	0	0	0	0	0	0	0	0	0	0	0	0	0	0	0	0	1	0	0	0	0	0	0	1	0	0	0	0	0
PF13371	Tetratricopeptide repeat	0	0	0	0	0	0	0	0	0	0	0	1	0	0	0	0	0	0	0	0	0	0	0	0	0	0	0	0	0	0	0	0	0	0	0	0	0	0	0	0	0	0
PF11578	Protein of unknown function (DUF3237)	0	0	0	0	0	0	0	0	0	0	0	1	0	1	0	0	0	0	0	0	0	1	0	0	0	0	0	0	0	0	0	0	0	0	0	0	0	0	0	0	0	0
PF13482	RNase_H superfamily	0	0	0	0	0	0	0	0	0	0	0	1	0	0	0	0	0	0	0	0	0	0	0	0	0	0	0	0	0	0	0	0	0	0	0	0	0	0	0	0	0	0
PF01126	Heme oxygenase	0	0	0	0	0	0	0	0	0	0	0	1	0	0	0	0	0	0	0	0	0	0	0	0	0	0	0	0	0	0	0	0	0	0	0	0	0	0	0	0	0	0
PF14315	Domain of unknown function (DUF4380)	0	0	0	0	0	0	0	0	0	0	0	1	0	0	0	0	0	0	0	0	0	0	0	0	0	0	0	0	0	0	0	0	0	0	0	0	0	0	0	0	0	0
PF09933	Predicted small integral membrane protein (DUF2165)	0	0	0	0	0	0	0	0	0	0	0	1	1	0	1	0	0	0	0	0	1	0	0	0	0	0	0	0	0	0	0	0	0	0	0	0	0	0	0	0	0	0
PF16392	Ig-like domain	0	0	0	0	0	0	0	0	0	0	0	1	0	0	0	0	0	0	0	0	0	0	0	0	0	0	0	0	0	0	0	0	0	0	0	0	0	0	0	0	0	0
PF00759	Glycosyl hydrolase family 9	0	0	0	0	0	0	0	0	0	0	0	2	0	0	0	1	0	0	0	0	0	0	0	0	0	0	0	0	0	1	0	0	0	0	0	0	1	0	0	0	0	0
PF02927	Cellulase N-terminal ig-like domain	0	0	0	0	0	0	0	0	0	0	0	1	0	0	0	1	0	0	0	0	0	0	0	0	0	0	0	0	0	1	0	0	0	0	0	0	1	0	0	0	0	0
PF02447	GntP family permease	0	0	0	0	0	0	0	0	0	0	0	1	0	0	0	1	0	0	0	0	0	0	0	0	0	1	1	0	0	1	1	0	0	0	0	0	1	0	1	1	0	1
PF00295	Glycosyl hydrolases family 28	0	0	0	0	0	0	0	0	0	0	0	1	0	0	0	0	0	0	0	0	0	0	0	0	0	0	0	0	0	0	0	0	0	0	0	0	0	0	0	0	0	0
PF16197	Ketoacyl-synthetase C-terminal extension	0	0	0	0	0	0	0	0	0	0	0	1	1	1	0	0	0	0	0	0	0	1	0	0	1	1	0	0	0	0	0	0	0	0	0	0	0	0	0	0	0	0
PF07110	EthD domain	0	0	0	0	0	0	0	0	0	0	0	1	1	0	0	0	0	0	0	0	0	0	0	0	0	0	0	0	1	0	0	1	0	0	0	1	0	0	0	0	0	0
PF06044	Dam-replacing family	0	0	0	0	0	0	0	0	0	0	0	1	0	0	0	0	0	0	0	0	0	0	0	0	0	0	0	0	0	0	0	0	0	0	0	0	0	0	0	0	0	0
PF17726	Dam-replacing HTH domain	0	0	0	0	0	0	0	0	0	0	0	1	0	0	0	0	0	0	0	0	0	0	0	0	0	0	0	0	0	0	0	0	0	0	0	0	0	0	0	0	0	0
PF19352	Tetracyclin repressor-like, C-terminal domain	0	0	0	0	0	0	0	0	0	0	0	1	0	0	0	0	0	0	0	0	0	0	0	0	0	0	0	0	0	0	0	0	0	0	0	0	0	0	0	0	0	0
PF13459	4Fe-4S single cluster domain	0	0	0	0	0	0	0	0	0	0	0	1	0	0	0	0	0	0	0	0	0	0	0	0	0	0	0	0	0	0	0	0	0	0	0	0	0	0	0	0	0	0
PF13471	Transglutaminase-like superfamily	0	0	0	0	0	0	0	0	0	0	0	1	0	0	0	0	0	0	0	0	0	0	0	0	0	0	0	0	0	0	0	0	0	0	0	0	0	0	0	0	0	0
PF07488	Glycosyl hydrolase family 67 middle domain	0	0	0	0	0	0	0	0	0	0	0	1	0	0	0	0	0	0	0	0	0	0	0	0	0	0	0	0	0	0	0	0	0	0	0	0	0	0	0	0	0	0
PF03648	Glycosyl hydrolase family 67 N-terminus	0	0	0	0	0	0	0	0	0	0	0	1	0	0	0	0	0	0	0	0	0	0	0	0	0	0	0	0	0	0	0	0	0	0	0	0	0	0	0	0	0	0
PF07477	Glycosyl hydrolase family 67 C-terminus	0	0	0	0	0	0	0	0	0	0	0	1	0	0	0	0	0	0	0	0	0	0	0	0	0	0	0	0	0	0	0	0	0	0	0	0	0	0	0	0	0	0
PF01248	Ribosomal protein L7Ae/L30e/S12e/Gadd45 family	0	0	0	0	0	0	0	0	0	0	0	1	1	0	0	0	0	0	0	0	0	0	0	0	0	0	0	0	0	0	0	0	0	0	0	0	0	0	0	0	0	0
PF19606	Family of unknown function (DUF6111)	0	0	0	0	0	0	0	0	0	0	0	1	0	0	0	0	0	0	0	0	0	0	0	0	0	0	0	0	0	0	0	0	0	0	0	0	0	0	0	0	0	0
PF20061	Domain of unknown function (DUF6460)	0	0	0	0	0	0	0	0	0	0	0	1	1	0	0	0	0	0	0	0	0	0	0	0	0	0	0	0	0	0	0	0	0	0	0	0	0	0	0	0	0	0
PF08892	YqcI/YcgG family	0	0	0	0	0	0	0	0	0	0	0	1	1	0	0	0	0	0	0	0	0	0	0	0	0	0	0	0	0	0	0	0	0	0	0	0	0	0	0	0	0	0
PF20126	Family of unknown function (DUF6516)	0	0	0	0	0	0	0	0	0	0	0	0	1	0	0	0	0	0	0	0	0	0	0	0	0	0	0	0	0	0	0	0	0	0	0	0	0	0	0	0	0	0
PF07485	Domain of Unknown Function (DUF1259)	0	0	0	0	0	0	0	0	0	0	0	0	1	0	0	0	0	0	0	0	0	0	0	0	0	0	0	0	0	0	0	0	0	0	0	0	0	0	0	0	0	0
PF11000	Protein of unknown function (DUF2840)	0	0	0	0	0	0	0	0	0	0	0	0	2	0	0	0	0	0	0	0	0	0	0	0	0	0	0	0	0	0	0	0	0	0	0	0	0	0	0	0	0	0
PF20329	Family of unknown function (DUF6624)	0	0	0	0	0	0	0	0	0	0	0	0	1	0	0	0	0	0	0	0	0	0	0	0	0	0	1	0	0	0	1	0	0	0	0	0	0	0	1	1	0	0
PF07508	Recombinase	0	0	0	0	0	0	0	0	0	0	0	0	1	0	4	0	0	1	0	0	1	0	0	0	0	1	0	0	0	0	1	0	0	0	0	0	0	0	1	0	0	1
PF13240	zinc-ribbon domain	0	0	0	0	0	0	0	0	0	0	0	0	1	0	0	1	0	0	0	0	0	0	0	0	0	0	0	0	0	1	0	0	0	0	0	0	1	0	0	0	0	0
PF20466	MmeI, target recognition domain	0	0	0	0	0	0	0	0	0	0	0	0	2	0	0	0	0	0	0	0	0	0	0	0	0	0	0	0	0	0	0	0	0	0	0	0	0	0	0	0	0	0
PF17938	Tetracyclin repressor-like, C-terminal domain	0	0	0	0	0	0	0	0	0	0	0	0	1	0	0	0	0	0	0	0	0	0	0	0	0	0	0	0	0	0	0	0	0	0	0	0	0	0	0	0	0	0
PF13031	Protein of unknown function (DUF3892)	0	0	0	0	0	0	0	0	0	0	0	0	1	0	0	0	0	0	0	0	0	0	0	0	0	0	0	1	0	0	0	0	0	0	0	0	0	1	0	0	0	0
PF18746	Alpha-glutamyl/putrescinyl thymine pyrophosphorylase clade 3	0	0	0	0	0	0	0	0	0	0	0	0	1	0	0	0	0	0	0	0	0	0	0	0	0	0	0	0	0	0	0	0	0	0	0	0	0	0	0	0	0	0
PF20467	MmeI, C-terminal domain	0	0	0	0	0	0	0	0	0	0	0	0	1	0	0	0	0	0	0	0	0	0	0	0	0	0	0	0	0	0	0	0	0	0	0	0	0	0	0	0	0	0
PF06718	Protein of unknown function (DUF1203)	0	0	0	0	0	0	0	0	0	0	0	0	1	0	1	0	0	0	0	0	1	0	0	0	0	0	0	0	0	0	0	0	0	0	0	0	0	0	0	0	0	0
PF02909	Tetracyclin repressor-like, C-terminal domain	0	0	0	0	0	0	0	0	0	0	0	0	1	0	0	0	0	0	0	0	0	0	0	0	0	0	0	0	0	0	0	0	0	0	0	0	0	0	0	0	0	0
PF07632	Cellulose-binding Sde182, nucleoside hydrolase-like domain	0	0	0	0	0	0	0	0	0	0	0	0	1	0	0	0	0	0	0	0	0	0	0	0	0	0	0	0	0	0	0	0	0	0	0	0	0	0	0	0	0	0
PF21027	Cellulose-binding protein Sde0182, C-terminal domain	0	0	0	0	0	0	0	0	0	0	0	0	1	0	0	0	0	0	0	0	0	0	0	0	0	0	0	0	0	0	0	0	0	0	0	0	0	0	0	0	0	0
PF01867	CRISPR associated protein Cas1	0	0	0	0	0	0	0	0	0	0	0	0	1	0	0	0	0	0	0	0	0	0	0	0	0	0	0	0	0	1	0	0	0	0	0	0	1	0	0	0	0	0
PF12408	Ribose-5-phosphate isomerase	0	0	0	0	0	0	0	0	0	0	0	0	1	0	0	0	0	0	0	0	0	0	0	0	0	0	0	0	0	0	0	0	0	0	0	0	0	0	0	0	0	0
PF14462	Prokaryotic E2 family E	0	0	0	0	0	0	0	0	0	0	0	0	1	0	0	0	0	0	0	0	0	0	0	0	0	0	0	0	0	0	0	0	0	0	0	0	0	0	0	0	0	0
PF10282	Lactonase, 7-bladed beta-propeller	0	0	0	0	0	0	0	0	0	0	0	0	1	0	0	0	0	0	0	0	0	0	0	0	0	1	0	0	0	0	0	0	0	0	0	0	0	0	0	0	0	1
PF18616	CDI immunity proteins	0	0	0	0	0	0	0	0	0	0	0	0	1	0	0	0	0	0	0	0	0	0	0	0	0	0	0	0	0	0	0	0	0	0	0	0	0	0	0	0	0	0
PF20084	Conjugative transfer region protein TrbK	0	0	0	0	0	0	0	0	0	0	0	0	1	0	0	0	0	0	0	0	0	0	0	0	0	0	0	0	0	0	0	0	0	0	0	0	0	0	0	0	0	0
PF13364	Beta-galactosidase second all-beta domain	0	0	0	0	0	0	0	0	0	0	0	0	1	0	0	0	0	0	0	0	0	0	0	0	0	0	0	0	0	0	0	0	0	0	0	0	0	0	0	0	0	0
PF14499	Domain of unknown function (DUF4437)	0	0	0	0	0	0	0	0	0	0	0	0	1	0	0	0	0	0	0	0	0	0	0	0	0	0	0	0	1	1	0	1	0	0	0	1	1	0	0	0	0	0
PF19190	Viral BACON domain	0	0	0	0	0	0	0	0	0	0	0	0	1	0	0	0	0	0	0	0	0	0	0	0	0	0	0	0	0	0	0	0	0	0	0	0	0	0	0	0	0	0
PF17994	Galactofuranosyltransferase 2 N-terminal	0	0	0	0	0	0	0	0	0	0	0	0	0	1	0	0	0	0	0	0	0	1	0	0	0	0	0	0	0	0	0	0	0	0	0	0	0	0	0	0	0	0
PF03275	UDP-galactopyranose mutase	0	0	0	0	0	0	0	0	0	0	0	0	0	2	0	1	0	0	0	0	0	2	0	0	0	2	0	0	1	1	0	0	0	1	1	1	1	0	0	0	0	2
PF15956	Domain of unknown function (DUF4760)	0	0	0	0	0	0	0	0	0	0	0	0	0	1	0	0	0	0	0	0	0	1	0	0	0	0	0	0	0	0	0	0	0	0	0	0	0	0	0	0	0	0
PF13340	Putative transposase of IS4/5 family (DUF4096)	0	0	0	0	0	0	0	0	0	0	0	0	0	2	1	0	0	0	0	0	0	2	0	0	0	0	0	0	0	0	0	0	0	1	1	0	0	0	1	0	0	0
PF05861	Bacterial phosphonate metabolism protein (PhnI)	0	0	0	0	0	0	0	0	0	0	0	0	0	1	1	0	0	0	0	0	1	1	0	0	1	1	0	0	0	0	0	0	0	1	1	0	0	0	0	0	0	1
PF10649	Protein of unknown function (DUF2478)	0	0	0	0	0	0	0	0	0	0	0	0	0	1	0	0	0	0	0	0	0	1	0	0	0	0	0	0	0	0	0	0	0	0	0	0	0	0	0	0	0	0
PF04865	Baseplate J-like protein	0	0	0	0	0	0	0	0	0	0	0	0	0	1	0	0	0	0	0	0	0	1	0	0	0	0	0	0	0	0	0	0	0	0	0	0	0	0	0	0	0	0
PF13844	Glycosyl transferase family 41	0	0	0	0	0	0	0	0	0	0	0	0	0	1	0	0	0	0	0	0	0	1	0	0	0	0	0	0	0	0	0	0	0	0	0	0	0	0	0	0	0	0
PF06445	GyrI-like small molecule binding domain	0	0	0	0	0	0	0	0	0	0	0	0	0	1	0	0	0	0	2	0	0	1	0	0	0	0	2	0	2	0	0	0	0	0	0	2	0	0	0	2	0	0
PF11750	Protein of unknown function (DUF3307)	0	0	0	0	0	0	0	0	0	0	0	0	0	1	1	0	0	0	0	0	1	1	0	0	0	0	1	0	1	1	1	0	0	1	1	1	1	0	1	1	0	0
PF14339	Domain of unknown function (DUF4394)	0	0	0	0	0	0	0	0	0	0	0	0	0	1	0	0	0	0	0	0	0	1	0	0	0	1	0	0	0	0	0	0	0	1	1	0	0	0	0	0	0	1
PF03864	Phage major capsid protein E	0	0	0	0	0	0	0	0	0	0	0	0	0	1	0	0	0	0	0	0	0	1	0	0	0	0	0	0	0	0	0	0	0	0	0	0	0	0	0	0	0	0
PF17202	Single cache domain 3	0	0	0	0	0	0	0	0	0	0	0	0	0	1	1	0	0	0	0	0	1	1	0	0	0	0	0	0	0	0	0	0	0	0	0	0	0	0	0	0	0	0
PF11112	Pyocin activator protein PrtN	0	0	0	0	0	0	0	0	0	0	0	0	0	1	1	0	0	0	0	0	1	1	0	0	0	0	0	0	0	0	0	0	0	2	2	0	0	0	0	0	0	0
PF06995	Phage P2 GpU	0	0	0	0	0	0	0	0	0	0	0	0	0	1	0	0	0	0	0	0	0	1	0	0	0	0	0	0	0	0	0	0	0	0	0	0	0	0	0	0	0	0
PF07506	RepB plasmid partitioning protein	0	0	0	0	0	0	0	0	0	0	0	0	0	1	2	0	0	0	0	0	0	1	0	0	0	0	0	0	0	0	0	0	0	1	1	0	0	0	0	0	0	0
PF09684	Phage tail protein (Tail_P2_I)	0	0	0	0	0	0	0	0	0	0	0	0	0	1	0	0	0	0	0	0	0	1	0	0	0	0	0	0	0	0	0	0	0	0	0	0	0	0	0	0	0	0
PF07832	Cfr10I/Bse634I restriction endonuclease	0	0	0	0	0	0	0	0	0	0	0	0	0	1	0	0	0	0	0	0	0	0	0	0	0	0	0	0	0	0	0	0	0	0	0	0	0	0	0	0	0	0
PF16083	LydA holin phage, holin superfamily III	0	0	0	0	0	0	0	0	0	0	0	0	0	1	0	0	0	0	0	0	0	0	0	0	0	0	0	0	0	0	0	0	0	1	1	0	0	0	0	0	0	0
PF20441	Terminase large subunit, endonuclease domain	0	0	0	0	0	0	0	0	0	0	0	0	0	3	0	0	0	0	0	0	0	3	0	0	0	2	0	1	0	0	0	0	0	1	1	0	0	1	0	0	0	2
PF03354	Terminase large subunit, ATPase domain	0	0	0	0	0	0	0	0	0	0	0	0	0	3	0	0	0	0	0	0	0	3	0	0	1	2	0	1	0	0	0	0	0	1	2	0	0	1	0	0	0	2
PF03160	Calx-beta domain	0	0	0	0	0	0	0	0	0	0	0	0	0	1	0	2	0	0	0	0	0	1	0	0	0	0	0	0	0	2	0	0	0	0	0	0	2	0	0	0	0	0
PF13575	Domain of unknown function (DUF4135)	0	0	0	0	0	0	0	0	0	0	0	0	0	1	0	0	0	0	0	0	0	1	0	0	0	0	0	0	0	0	0	0	0	0	0	0	0	0	0	0	0	0
PF05147	Lanthionine synthetase C-like protein	0	0	0	0	0	0	0	0	0	0	0	0	0	1	0	0	0	0	0	0	0	1	0	0	0	0	0	0	0	0	0	0	0	0	0	0	0	0	0	0	0	0
PF04984	Phage tail sheath protein subtilisin-like domain	0	0	0	0	0	0	0	0	0	0	0	0	0	1	0	0	0	0	0	0	0	1	0	0	0	0	0	0	0	0	0	0	0	0	0	0	0	0	0	0	0	0
PF07553	Host cell surface-exposed lipoprotein	0	0	0	0	0	0	0	0	0	0	0	0	0	1	0	0	0	0	0	0	0	1	0	0	0	0	0	0	0	0	0	0	0	0	0	0	0	0	0	0	0	0
PF08837	Protein of unknown function (DUF1810)	0	0	0	0	0	0	0	0	0	0	0	0	0	1	0	0	0	0	0	0	0	1	0	0	0	1	0	0	0	0	0	0	0	1	1	0	0	0	0	0	0	1
PF13586	Transposase DDE domain	0	0	0	0	0	0	0	0	0	0	0	0	0	1	0	0	0	0	0	0	0	2	0	0	0	0	0	0	0	0	0	0	0	0	1	0	0	0	0	0	0	0
PF10109	Phage tail assembly chaperone proteins, E, or 41 or 14	0	0	0	0	0	0	0	0	0	0	0	0	0	1	0	0	0	0	0	0	0	1	0	0	0	0	0	0	0	0	0	0	0	0	0	0	0	0	0	0	0	0
PF05489	Phage Tail Protein X	0	0	0	0	0	0	0	0	0	0	0	0	0	1	0	0	0	0	0	0	0	1	0	0	0	0	0	0	0	0	0	0	0	0	0	0	0	0	0	0	0	0
PF21006	Nitrile hydratase beta subunit, N-terminal	0	0	0	0	0	0	0	0	0	0	0	0	0	1	2	0	0	0	0	0	2	1	0	0	3	0	0	0	0	0	0	0	0	0	0	0	0	0	0	0	0	0
PF02211	Nitrile hydratase beta subunit, C-terminal	0	0	0	0	0	0	0	0	0	0	0	0	0	1	1	0	0	0	0	0	1	1	0	0	2	0	0	0	0	0	0	0	0	0	0	0	0	0	0	0	0	0
PF06754	Phosphonate metabolism protein PhnG	0	0	0	0	0	0	0	0	0	0	0	0	0	1	1	0	0	0	0	0	1	1	0	0	1	1	0	0	0	0	0	0	0	1	1	0	0	0	0	0	0	1
PF00127	Copper binding proteins, plastocyanin/azurin family	0	0	0	0	0	0	0	0	0	0	0	0	0	1	1	0	0	0	0	0	0	1	0	0	1	0	1	0	2	0	1	0	0	1	1	2	0	0	1	1	0	0
PF13737	Transposase DDE domain	0	0	0	0	0	0	0	0	0	0	0	0	0	3	0	0	0	0	0	0	0	1	0	0	0	0	0	0	0	0	0	0	0	1	1	0	0	0	0	0	0	0
PF13518	Helix-turn-helix domain	0	0	0	0	0	0	0	0	0	0	0	0	0	1	0	0	0	0	0	0	0	1	0	0	0	0	0	0	0	0	0	0	0	0	0	0	0	0	0	0	0	1
PF06763	Prophage minor tail protein Z (GPZ)	0	0	0	0	0	0	0	0	0	0	0	0	0	1	0	0	0	0	0	0	0	1	0	0	0	0	0	0	0	0	0	0	0	0	0	0	0	0	0	0	0	0
PF11899	Protein of unknown function (DUF3419)	0	0	0	0	0	0	0	0	0	0	0	0	0	1	0	0	0	0	0	0	0	1	0	0	0	0	0	0	0	0	0	0	0	1	1	0	0	0	0	0	0	0
PF02831	gpW	0	0	0	0	0	0	0	0	0	0	0	0	0	1	0	0	0	0	0	0	0	1	0	0	0	0	0	0	0	0	0	0	0	0	0	0	0	0	0	0	0	0
PF05136	Phage portal protein, lambda family	0	0	0	0	0	0	0	0	0	0	0	0	0	2	0	0	0	0	0	0	0	2	0	0	1	0	0	0	0	0	0	1	0	1	1	0	0	0	0	0	0	0
PF18906	Phage tail tube protein	0	0	0	0	0	0	0	0	0	0	0	0	0	1	0	0	0	1	0	0	0	2	0	0	0	0	0	0	0	0	0	0	0	0	0	0	0	0	0	0	0	0
PF10119	Predicted methyltransferase regulatory domain	0	0	0	0	0	0	0	0	0	0	0	0	0	1	0	0	0	0	0	0	0	1	0	0	0	0	0	0	0	0	0	0	0	0	0	0	0	0	0	0	0	0
PF09489	Probable cobalt transporter subunit (CbtB)	0	0	0	0	0	0	0	0	0	0	0	0	0	1	0	0	0	0	0	0	0	1	0	0	0	0	0	0	0	0	0	0	0	0	0	0	0	0	0	0	0	0
PF20039	Family of unknown function (DUF6441)	0	0	0	0	0	0	0	0	0	0	0	0	0	1	0	0	0	0	0	0	0	1	0	0	0	0	0	0	0	0	0	0	0	0	0	0	0	0	0	0	0	0
PF10065	Uncharacterized conserved protein (DUF2303)	0	0	0	0	0	0	0	0	0	0	0	0	0	1	0	0	0	0	0	0	0	1	0	0	0	0	0	1	0	0	0	1	0	0	0	0	0	1	0	0	0	0
PF16927	N-terminal 7TM region of histidine kinase	0	0	0	0	0	0	0	0	0	0	0	0	0	1	0	0	0	0	0	0	0	1	0	0	1	0	0	0	0	0	0	0	0	0	0	0	0	0	0	0	0	0
PF06267	Family of unknown function (DUF1028)	0	0	0	0	0	0	0	0	0	0	0	0	0	1	1	0	0	0	0	0	1	1	0	0	0	0	1	0	0	0	0	0	0	1	1	0	0	0	0	1	0	0
PF09490	Probable cobalt transporter subunit (CbtA)	0	0	0	0	0	0	0	0	0	0	0	0	0	1	0	0	0	0	0	0	0	1	0	0	0	0	0	0	0	0	0	0	0	0	0	0	0	0	0	0	0	0
PF07471	Phage DNA packaging protein Nu1	0	0	0	0	0	0	0	0	0	0	0	0	0	1	0	0	0	0	0	0	0	1	0	0	1	0	0	0	0	0	1	0	0	1	1	0	0	0	1	0	0	0
PF14765	Polyketide synthase dehydratase N-terminal domain	0	0	0	0	0	0	0	0	0	0	0	0	0	1	0	0	0	0	0	0	0	1	0	0	0	1	0	0	0	0	0	0	0	0	0	0	0	0	0	0	0	0
PF21089	Polyketide synthase dehydratase domain	0	0	0	0	0	0	0	0	0	0	0	0	0	1	0	0	0	0	0	0	0	1	0	0	0	1	0	0	0	0	0	0	0	0	0	0	0	0	0	0	0	0
PF21394	Beta-ketoacyl synthase-like, N-terminal	0	0	0	0	0	0	0	0	0	0	0	0	0	1	0	0	0	0	0	0	0	1	0	0	1	1	0	0	0	0	0	0	0	0	0	0	0	0	0	0	0	0
PF03428	Replication protein C N-terminal domain	0	0	0	0	0	0	0	0	0	0	0	0	0	1	1	0	0	0	0	0	0	1	0	0	0	0	0	0	0	0	0	0	0	0	0	0	0	0	0	0	0	0
PF16861	Carbamoyltransferase C-terminus	0	0	0	0	0	0	0	0	0	0	0	0	0	1	0	1	0	0	0	0	0	1	0	0	0	0	0	0	0	1	0	0	0	0	0	0	1	0	0	0	0	0
PF02543	Carbamoyltransferase N-terminus	0	0	0	0	0	0	0	0	0	0	0	0	0	1	0	1	0	0	0	0	0	1	0	0	0	0	0	0	0	1	0	0	0	0	0	0	1	0	0	0	0	0
PF13699	Domain of unknown function (DUF4157)	0	0	0	0	0	0	0	0	0	0	0	0	0	1	1	0	0	0	0	0	1	1	0	0	0	0	2	0	0	0	0	0	0	0	0	0	0	0	0	2	0	0
PF09601	Protein of unknown function (DUF2459)	0	0	0	0	0	0	0	0	0	0	0	0	0	1	0	0	0	0	0	0	0	1	0	0	0	0	0	0	0	0	0	0	0	1	1	0	0	0	0	0	0	0
PF03403	Platelet-activating factor acetylhydrolase, isoform II	0	0	0	0	0	0	0	0	0	0	0	0	0	1	1	0	0	0	0	0	1	1	0	0	1	1	0	0	0	1	0	0	0	1	1	0	1	0	0	0	0	1
PF14326	Domain of unknown function (DUF4384)	0	0	0	0	0	0	0	0	0	0	0	0	0	1	0	0	0	0	0	0	0	1	0	0	0	0	0	0	0	0	0	0	0	0	0	0	0	0	0	0	0	0
PF09126	Restriction endonuclease NaeI	0	0	0	0	0	0	0	0	0	0	0	0	0	1	0	0	0	0	0	0	0	1	0	0	0	0	0	0	0	0	0	0	0	0	0	0	0	0	0	0	0	0
PF04434	SWIM zinc finger	0	0	0	0	0	0	0	0	0	0	0	0	0	1	0	0	0	0	0	0	0	1	0	0	0	0	0	0	0	0	0	0	0	0	0	0	0	0	0	0	0	0
PF11294	Protein of unknown function (DUF3095)	0	0	0	0	0	0	0	0	0	0	0	0	0	1	1	0	0	0	0	0	1	1	0	0	0	0	0	0	1	0	0	0	0	0	0	1	0	0	0	0	0	0
PF05876	Phage terminase large subunit gpA, ATPase domain	0	0	0	0	0	0	0	0	0	0	0	0	0	2	0	0	0	0	0	0	0	2	0	0	1	0	0	0	0	0	0	1	0	1	1	0	0	0	0	0	0	0
PF20454	Terminase large subunit gpA, endonuclease domain	0	0	0	0	0	0	0	0	0	0	0	0	0	2	0	0	0	0	0	0	0	2	0	0	1	0	0	0	0	0	0	1	0	1	1	0	0	0	0	0	0	0
PF11962	Peptidase_G2, IMC autoproteolytic cleavage domain	0	0	0	0	0	0	0	0	0	0	0	0	0	1	0	0	0	0	0	0	0	1	0	0	0	0	0	0	0	0	0	0	0	0	0	0	0	0	0	0	0	0
PF03891	Domain of unknown function (DUF333)	0	0	0	0	0	0	0	0	0	0	0	0	0	1	1	0	0	0	0	0	1	1	0	0	0	0	0	0	0	0	0	0	0	1	1	0	0	0	0	0	0	0
PF06119	Nidogen-like	0	0	0	0	0	0	0	0	0	0	0	0	0	1	0	0	0	0	0	0	0	1	0	0	0	0	0	0	0	0	0	0	0	0	0	0	0	0	0	0	0	0
PF14358	Domain of unknown function (DUF4405)	0	0	0	0	0	0	0	0	0	0	0	0	0	1	0	0	0	0	0	0	0	1	0	0	0	0	0	0	0	0	0	0	0	0	0	0	0	0	0	0	0	0
PF14301	Domain of unknown function (DUF4376)	0	0	0	0	0	0	0	0	0	0	0	0	0	2	0	1	0	0	0	0	0	4	0	0	0	0	0	0	0	1	0	0	0	0	0	0	1	0	0	0	0	0
PF02494	HYR domain	0	0	0	0	0	0	0	0	0	0	0	0	0	1	0	0	0	0	0	0	0	1	0	0	0	0	6	0	1	0	0	0	0	1	1	1	0	0	0	6	0	0
PF08881	CVNH domain	0	0	0	0	0	0	0	0	0	0	0	0	0	1	0	0	0	0	0	0	0	1	0	0	0	0	0	0	0	0	0	0	0	1	1	0	0	0	0	0	0	0
PF10145	Phage-related minor tail protein	0	0	0	0	0	0	0	0	0	0	0	0	0	1	0	0	0	1	0	0	0	1	0	0	0	0	0	0	0	0	0	0	0	0	0	0	0	0	0	0	0	0
PF05119	Phage terminase, small subunit	0	0	0	0	0	0	0	0	0	0	0	0	0	1	0	0	0	0	0	0	0	1	0	0	0	1	0	1	0	0	0	0	0	1	2	0	0	1	0	0	0	1
PF08984	Domain of unknown function (DUF1858)	0	0	0	0	0	0	0	0	0	0	0	0	0	1	0	0	0	0	0	0	0	1	0	0	0	0	0	0	0	0	0	0	0	1	1	0	0	0	0	0	0	0
PF18014	Acetyltransferase (GNAT) domain	0	0	0	0	0	0	0	0	0	0	0	0	0	1	2	0	0	0	0	0	2	1	0	0	0	0	0	0	0	0	0	0	0	0	0	0	0	0	0	0	0	0
PF02924	Bacteriophage lambda head decoration protein D	0	0	0	0	0	0	0	0	0	0	0	0	0	1	0	0	0	0	0	0	0	1	0	0	0	0	0	0	0	0	0	0	0	0	0	0	0	0	0	0	0	0
PF03640	Secreted repeat of unknown function	0	0	0	0	0	0	0	0	0	0	0	0	0	1	0	1	0	0	0	0	0	1	0	0	0	0	1	0	0	1	0	0	0	0	0	0	1	0	0	1	0	0
PF04985	Phage tail tube protein FII	0	0	0	0	0	0	0	0	0	0	0	0	0	1	0	0	0	0	0	0	0	1	0	0	0	0	0	0	0	0	0	0	0	0	0	0	0	0	0	0	0	0
PF04989	Rhamnosyl O-methyltransferase/CmcI	0	0	0	0	0	0	0	0	0	0	0	0	0	1	0	0	0	0	0	0	0	1	0	0	0	0	0	0	0	0	0	0	0	1	1	0	0	0	0	0	0	0
PF14490	Helix-hairpin-helix containing domain	0	0	0	0	0	0	0	0	0	0	0	0	0	0	1	0	0	1	0	0	0	0	0	0	0	0	0	0	0	0	2	0	0	0	0	0	0	0	1	0	0	0
PF14220	Domain of unknown function (DUF4329)	0	0	0	0	0	0	0	0	0	0	0	0	0	0	1	0	0	0	0	0	1	0	0	0	0	0	0	0	0	0	0	0	0	0	0	0	0	0	0	0	0	0
PF20795	NTF2-like protein (DUF6841)	0	0	0	0	0	0	0	0	0	0	0	0	0	0	1	0	0	0	0	0	0	0	0	0	0	0	0	0	0	0	0	0	0	0	0	0	0	0	0	0	0	0
PF20358	Family of unknown function (DUF6653)	0	0	0	0	0	0	0	0	0	0	0	0	0	0	1	0	0	0	0	0	1	0	0	0	0	0	0	0	0	0	0	0	0	0	0	0	0	0	0	0	0	0
PF14707	C-terminal region of aryl-sulfatase	0	0	0	0	0	0	0	0	0	0	0	0	0	0	2	0	0	0	0	0	1	0	0	0	0	0	0	0	0	0	0	0	0	0	0	0	0	0	0	0	0	0
PF14514	Tetracyclin repressor-like, C-terminal domain	0	0	0	0	0	0	0	0	0	0	0	0	0	0	1	0	0	0	0	0	0	0	0	0	0	0	0	0	0	0	0	0	0	0	0	0	0	0	0	0	0	0
PF20341	Family of unknown function (DUF6636)	0	0	0	0	0	0	0	0	0	0	0	0	0	0	1	0	0	0	0	0	1	0	0	0	0	0	0	0	0	0	0	0	0	0	0	0	0	0	0	0	0	0
PF10851	Protein of unknown function (DUF2652)	0	0	0	0	0	0	0	0	0	0	0	0	0	0	2	0	0	0	0	0	2	0	0	0	0	0	1	0	0	0	0	0	0	0	0	0	0	0	0	1	0	0
PF02979	Nitrile hydratase, alpha chain	0	0	0	0	0	0	0	0	0	0	0	0	0	0	1	0	0	0	0	0	1	0	0	0	0	0	0	0	0	0	0	0	0	0	0	0	0	0	0	0	0	0
PF18932	Family of unknown function (DUF5681)	0	0	0	0	0	0	0	0	0	0	0	0	0	0	2	0	0	0	0	0	2	0	0	0	0	0	0	0	0	0	0	0	0	0	0	0	0	0	0	0	0	0
PF05257	CHAP domain	0	0	0	0	0	0	0	0	0	0	0	0	0	0	1	0	0	0	0	0	1	0	0	0	1	0	1	0	0	0	0	0	0	0	0	0	0	0	0	1	0	0
PF13701	Transposase DDE domain group 1	0	0	0	0	0	0	0	0	0	0	0	0	0	0	2	1	0	0	0	0	1	0	0	0	0	1	0	0	0	0	0	0	0	0	0	0	0	0	0	0	0	1
PF04488	Glycosyltransferase sugar-binding region containing DXD motif	0	0	0	0	0	0	0	0	0	0	0	0	0	0	1	0	0	0	0	0	1	0	0	0	0	0	0	0	0	0	0	0	0	0	0	0	0	0	0	0	0	0
PF05845	Bacterial phosphonate metabolism protein (PhnH)	0	0	0	0	0	0	0	0	0	0	0	0	0	0	1	0	0	0	0	0	1	0	0	0	1	1	0	0	0	0	0	0	0	0	0	0	0	0	0	0	0	1
PF11994	Protein of unknown function (DUF3489)	0	0	0	0	0	0	0	0	0	0	0	0	0	0	1	0	0	0	0	0	1	0	0	0	0	0	0	0	0	0	0	0	0	0	0	0	0	0	0	0	0	0
PF17042	Nucleotide-binding C-terminal domain	0	0	0	0	0	0	0	0	0	0	0	0	0	0	2	0	0	0	0	0	1	0	0	0	0	2	0	0	0	0	0	0	0	0	0	0	0	0	0	0	0	2
PF07005	Sugar-binding N-terminal domain	0	0	0	0	0	0	0	0	0	0	0	0	0	0	2	0	0	0	0	0	1	0	0	0	0	2	0	0	0	0	0	0	0	0	0	0	0	0	0	0	0	2
PF12692	S-adenosyl-L-methionine methyltransferase	0	0	0	0	0	0	0	0	0	0	0	0	0	0	2	0	0	0	0	0	2	0	0	0	0	0	0	0	0	0	0	0	0	0	0	0	0	0	0	0	0	0
PF14319	Transposase zinc-binding domain	0	0	0	0	0	0	0	0	0	0	0	0	0	0	1	1	0	0	0	0	1	0	0	0	0	0	0	0	0	4	0	0	0	0	0	0	4	0	2	0	0	0
PF04986	Putative transposase	0	0	0	0	0	0	0	0	0	0	0	0	0	0	2	0	0	0	0	0	1	0	0	0	0	0	0	0	0	3	0	0	0	0	0	0	3	0	2	0	0	0
PF12800	4Fe-4S binding domain	0	0	0	0	0	0	0	0	0	0	0	0	0	0	1	0	0	0	0	0	1	0	0	0	0	0	0	0	0	0	0	0	0	0	0	0	0	0	0	0	0	0
PF09350	DnaJ homologue, subfamily C, member 28, conserved domain	0	0	0	0	0	0	0	0	0	0	0	0	0	0	1	0	0	0	0	0	1	0	0	0	0	1	0	0	0	0	0	0	0	0	0	0	0	0	0	0	0	1
PF15420	Alpha/beta-hydrolase family N-terminus	0	0	0	0	0	0	0	0	0	0	0	0	0	0	1	0	0	0	0	0	1	0	0	0	0	1	0	0	0	0	0	0	0	0	0	0	0	0	0	0	0	1
PF10081	Alpha/beta-hydrolase family	0	0	0	0	0	0	0	0	0	0	0	0	0	0	1	0	0	0	0	0	1	0	0	0	0	1	0	0	0	0	0	0	0	0	0	0	0	0	0	0	0	1
PF04750	FAR-17a/AIG1-like protein	0	0	0	0	0	0	0	0	0	0	0	0	0	0	1	0	0	0	0	0	1	0	0	0	0	0	0	0	0	0	0	0	0	0	0	0	0	0	0	0	0	0
PF08660	Oligosaccharide biosynthesis protein Alg14 like	0	0	0	0	0	0	0	0	0	0	0	0	0	0	1	0	0	0	0	0	1	0	0	0	0	0	0	0	0	0	0	0	0	0	0	0	0	0	1	0	0	0
PF10000	ACT domain	0	0	0	0	0	0	0	0	0	0	0	0	0	0	1	0	0	0	0	0	1	0	0	0	0	0	0	0	0	0	0	0	0	0	0	0	0	0	0	0	0	0
PF20343	Family of unknown function (DUF6638)	0	0	0	0	0	0	0	0	0	0	0	0	0	0	1	0	0	0	0	0	1	0	0	0	0	0	1	0	1	0	0	0	0	0	0	1	0	0	0	1	0	0
PF04391	Protein of unknown function (DUF533)	0	0	0	0	0	0	0	0	0	0	0	0	0	0	1	0	0	0	0	0	1	0	0	0	0	1	0	0	0	1	0	0	0	0	0	0	1	0	0	0	0	1
PF10947	Protein of unknown function (DUF2628)	0	0	0	0	0	0	0	0	0	0	0	0	0	0	1	0	0	0	0	0	1	0	0	0	0	0	0	0	0	0	0	0	0	0	0	0	0	0	0	0	0	0
PF13384	Homeodomain-like domain	0	0	0	0	0	0	0	0	0	0	0	0	0	0	2	0	0	1	0	0	1	0	0	0	0	0	0	0	0	0	0	0	0	0	0	0	0	0	0	0	0	0
PF13664	Domain of unknown function (DUF4149)	0	0	0	0	0	0	0	0	0	0	0	0	0	0	1	0	0	0	0	0	1	0	0	0	0	0	0	0	0	0	1	0	0	0	0	0	0	0	1	0	0	0
PF20135	Family of unknown function (DUF6525)	0	0	0	0	0	0	0	0	0	0	0	0	0	0	1	0	0	0	0	0	0	0	0	0	0	1	0	0	0	0	0	0	0	0	0	0	0	0	0	0	0	1
PF21810	Family of unknown function (DUF6880)	0	0	0	0	0	0	0	0	0	0	0	0	0	0	2	0	0	0	0	0	0	0	0	0	0	0	0	0	0	0	0	0	0	1	0	0	0	0	0	0	0	0
PF05343	M42 glutamyl aminopeptidase	0	0	0	0	0	0	0	0	0	0	0	0	0	0	1	0	0	0	1	0	1	0	0	0	0	0	1	0	1	0	0	0	0	0	0	1	0	0	0	1	0	0
PF05025	RbsD / FucU transport protein family	0	0	0	0	0	0	0	0	0	0	0	0	0	0	1	0	0	0	0	0	1	0	0	0	0	1	0	0	0	0	0	0	0	0	0	0	0	0	0	0	0	1
PF13946	Domain of unknown function (DUF4214)	0	0	0	0	0	0	0	0	0	0	0	0	0	0	1	0	0	0	0	0	0	0	0	0	0	0	0	0	0	0	0	0	0	0	0	0	0	0	0	0	0	0
PF21205	Initiator Rep protein, WH2	0	0	0	0	0	0	0	0	0	0	0	0	0	0	2	0	0	0	0	0	1	0	0	0	0	1	0	0	0	0	0	0	0	0	0	0	0	0	0	0	0	0
PF01051	Initiator Replication protein, WH1	0	0	0	0	0	0	0	0	0	0	0	0	0	0	2	0	0	0	0	0	0	0	0	0	0	1	0	0	0	0	0	0	0	0	0	0	0	0	0	0	0	0
PF16694	Cytochrome P460	0	0	0	0	0	0	0	0	0	0	0	0	0	0	1	0	0	0	0	0	1	0	0	0	0	0	0	0	0	0	0	0	0	0	0	0	0	0	0	0	0	0
PF02110	Hydroxyethylthiazole kinase family	0	0	0	0	0	0	0	0	0	0	0	0	0	0	1	0	0	0	0	0	1	0	0	0	0	0	0	0	1	0	0	0	0	0	0	1	0	0	0	0	0	0
PF11066	Protein of unknown function (DUF2867)	0	0	0	0	0	0	0	0	0	0	0	0	0	0	1	0	0	0	0	0	1	0	0	0	0	0	1	0	1	0	0	0	0	0	0	1	0	0	0	1	0	0
PF20968	MASE8	0	0	0	0	0	0	0	0	0	0	0	0	0	0	1	0	0	0	0	0	0	0	0	0	0	0	0	0	0	0	0	0	0	0	0	0	0	0	0	0	0	0
PF06032	Protein of unknown function (DUF917), N-terminal	0	0	0	0	0	0	0	0	0	0	0	0	0	0	1	0	0	0	0	0	1	0	0	0	0	0	0	0	0	0	0	0	0	0	0	0	0	0	0	0	0	0
PF20906	Protein of unknown function DUF917, C-terminal	0	0	0	0	0	0	0	0	0	0	0	0	0	0	1	0	0	0	0	0	1	0	0	0	0	0	0	0	0	0	0	0	0	0	0	0	0	0	0	0	0	0
PF13665	Toxin PAAR-like domain	0	0	0	0	0	0	0	0	0	0	0	0	0	0	1	0	0	0	0	0	0	0	0	0	0	0	0	0	0	0	0	0	0	0	0	0	0	0	0	0	0	0
PF04432	Coenzyme F420 hydrogenase/dehydrogenase, beta subunit C terminus	0	0	0	0	0	0	0	0	0	0	0	0	0	0	1	0	0	0	0	0	1	0	0	0	0	0	0	0	0	0	0	0	0	0	0	0	0	0	0	0	0	0
PF04422	Coenzyme F420 hydrogenase/dehydrogenase, beta subunit N-term	0	0	0	0	0	0	0	0	0	0	0	0	0	0	1	0	0	0	0	0	1	0	0	0	0	0	0	0	0	0	0	0	0	0	0	0	0	0	0	0	0	0
PF20720	Novel STAND NTPase 3	0	0	0	0	0	0	0	0	0	0	0	0	0	0	1	0	0	0	0	0	0	0	0	0	1	0	0	0	1	0	0	0	0	0	0	1	0	0	0	0	0	0
PF14563	Domain of unknown function (DUF4444)	0	0	0	0	0	0	0	0	0	0	0	0	0	0	1	0	0	0	0	0	1	0	0	0	0	0	0	0	0	0	0	0	0	0	0	0	0	0	0	0	0	0
PF13964	Kelch motif	0	0	0	0	0	0	0	0	0	0	0	0	0	0	1	0	0	0	0	0	1	0	0	0	0	0	0	0	0	1	0	0	0	0	0	0	1	0	0	0	0	0
PF07183	Protein of unknown function (DUF1403)	0	0	0	0	0	0	0	0	0	0	0	0	0	0	1	0	0	0	0	0	0	0	0	0	1	0	0	0	0	0	0	0	0	0	0	0	0	0	0	0	0	0
PF03437	BtpA family	0	0	0	0	0	0	0	0	0	0	0	0	0	0	1	0	0	0	0	0	1	0	0	0	0	1	0	0	0	0	0	0	0	0	0	0	0	0	0	0	0	1
PF02570	Precorrin-8X methylmutase	0	0	0	0	0	0	0	0	0	0	0	0	0	0	1	0	0	0	0	0	1	0	0	0	1	1	0	0	0	0	0	0	0	0	0	0	0	0	0	0	0	1
PF12464	Maltose acetyltransferase	0	0	0	0	0	0	0	0	0	0	0	0	0	0	1	1	0	0	0	0	1	0	0	0	0	0	0	0	0	1	1	0	0	0	0	0	1	0	1	0	0	0
PF04229	GrpB protein	0	0	0	0	0	0	0	0	0	0	0	0	0	0	1	0	0	0	0	0	1	0	0	0	0	0	0	0	0	0	0	0	0	0	0	0	0	0	0	0	0	0
PF09699	Doubled CXXCH motif (Paired_CXXCH_1)	0	0	0	0	0	0	0	0	0	0	0	0	0	0	1	0	0	0	0	0	1	0	0	0	0	0	1	1	0	0	0	0	0	0	0	0	0	1	0	1	0	0
PF17185	NlpE C-terminal OB domain	0	0	0	0	0	0	0	0	0	0	0	0	0	0	1	0	0	0	0	0	1	0	0	0	0	0	0	0	1	0	0	1	0	0	0	1	0	0	0	0	0	0
PF03188	Eukaryotic cytochrome b561	0	0	0	0	0	0	0	0	0	0	0	0	0	0	1	0	0	0	0	0	1	0	0	0	0	0	0	0	0	0	0	0	0	0	0	0	0	0	0	0	0	0
PF03092	BT1 family	0	0	0	0	0	0	0	0	0	0	0	0	0	0	1	0	0	0	0	0	1	0	0	0	0	0	0	0	0	0	0	0	0	0	0	0	0	0	0	0	0	0
PF05534	HicB family	0	0	0	0	0	0	0	0	0	0	0	0	0	0	1	0	0	0	0	0	0	0	0	0	0	0	0	0	0	0	0	0	0	0	0	0	0	0	1	0	0	0
PF20089	Family of unknown function (DUF6481)	0	0	0	0	0	0	0	0	0	0	0	0	0	0	1	0	0	0	0	0	0	0	0	0	0	0	0	0	0	0	0	0	0	0	0	0	0	0	0	0	0	0
PF02734	DAK2 domain	0	0	0	0	0	0	0	0	0	0	0	0	0	0	1	0	0	0	0	0	1	0	0	0	0	3	0	0	0	0	0	0	0	0	0	0	0	0	0	0	0	3
PF02733	Dak1 domain	0	0	0	0	0	0	0	0	0	0	0	0	0	0	1	0	0	0	0	0	1	0	0	0	0	3	0	0	0	0	0	0	0	0	0	0	0	0	0	0	0	3
PF12797	4Fe-4S binding domain	0	0	0	0	0	0	0	0	0	0	0	0	0	0	1	0	0	0	0	0	0	0	0	0	0	0	0	0	0	0	0	0	0	0	0	0	0	0	0	0	0	0
PF11867	Type I restriction enzyme HindI endonuclease subunit-like, C-terminal	0	0	0	0	0	0	0	0	0	0	0	0	0	0	1	0	0	0	0	0	0	0	0	0	0	0	1	0	0	0	1	1	0	1	1	0	0	0	0	1	0	0
PF19648	Family of unknown function (DUF6151)	0	0	0	0	0	0	0	0	0	0	0	0	0	0	1	0	0	0	0	0	1	0	0	0	0	0	0	0	0	0	0	0	0	0	0	0	0	0	0	0	0	0
PF06007	Phosphonate metabolism protein PhnJ	0	0	0	0	0	0	0	0	0	0	0	0	0	0	1	0	0	0	0	0	1	0	0	0	1	1	0	0	0	0	0	0	0	0	0	0	0	0	0	0	0	1
PF11737	Protein of unknown function (DUF3300)	0	0	0	0	0	0	0	0	0	0	0	0	0	0	1	1	0	0	0	0	1	0	0	0	0	0	0	0	0	1	1	0	0	0	0	0	1	0	1	0	0	0
PF06134	L-rhamnose isomerase (RhaA)	0	0	0	0	0	0	0	0	0	0	0	0	0	0	1	0	0	0	0	0	1	0	0	0	0	0	0	0	0	0	0	0	0	0	0	0	0	0	0	0	0	0
PF10115	Transcriptional activator HlyU	0	0	0	0	0	0	0	0	0	0	0	0	0	0	1	0	0	0	0	0	1	0	0	0	0	0	0	0	0	0	0	0	0	0	0	0	0	0	0	0	0	0
PF20104	Family of unknown function (DUF6494)	0	0	0	0	0	0	0	0	0	0	0	0	0	0	1	0	0	0	0	0	1	0	0	0	0	0	0	0	0	0	0	0	0	0	0	0	0	0	0	0	0	0
PF02275	Linear amide C-N hydrolases, choloylglycine hydrolase family	0	0	0	0	0	0	0	0	0	0	0	0	0	0	1	0	0	0	0	0	1	0	0	0	0	0	0	0	0	0	0	0	0	0	0	0	0	0	0	0	0	0
PF10124	Mu-like prophage major head subunit gpT	0	0	0	0	0	0	0	0	0	0	0	0	0	0	1	0	0	0	0	0	0	1	0	0	0	0	0	0	0	0	0	1	0	0	0	0	0	0	0	0	0	0
PF14240	YHYH protein	0	0	0	0	0	0	0	0	0	0	0	0	0	0	1	0	0	0	0	0	1	0	0	0	2	0	0	0	3	0	0	1	0	0	0	3	0	0	0	0	0	0
PF21313	Transcriptional regulator EthR, C-terminal domain	0	0	0	0	0	0	0	0	0	0	0	0	0	0	1	0	0	0	0	0	1	0	0	0	0	0	0	0	0	0	0	0	0	0	0	0	0	0	0	0	0	0
PF21105	DyP dimeric alpha+beta barrel domain	0	0	0	0	0	0	0	0	0	0	0	0	0	0	1	0	0	0	0	0	1	0	0	0	0	0	0	0	0	0	0	0	0	0	0	0	0	0	0	0	0	0
PF11453	Protein of unknown function (DUF2950)	0	0	0	0	0	0	0	0	0	0	0	0	0	0	1	0	0	0	0	0	1	0	0	0	0	0	0	0	0	0	0	0	0	0	0	0	0	0	0	0	0	0
PF07470	Glycosyl Hydrolase Family 88	0	0	0	0	0	0	0	0	0	0	0	0	0	0	0	1	0	0	0	0	0	0	0	0	0	0	0	0	0	1	0	0	0	0	0	0	1	0	0	0	0	0
PF20033	Domain of unknown function (DUF6438)	0	0	0	0	0	0	0	0	0	0	0	0	0	0	0	1	0	0	0	0	0	0	0	0	0	0	0	0	0	0	0	0	0	0	0	0	0	0	0	0	0	0
PF08891	YfcL protein	0	0	0	0	0	0	0	0	0	0	0	0	0	0	0	1	0	0	0	0	0	0	0	0	0	0	0	0	0	1	1	0	0	0	0	0	1	0	1	0	0	0
PF09903	Uncharacterized protein conserved in bacteria (DUF2130)	0	0	0	0	0	0	0	0	0	0	0	0	0	0	0	1	0	1	0	1	0	0	0	0	0	0	0	0	1	1	0	0	0	0	0	1	1	0	0	0	0	0
PF11101	Protein of unknown function (DUF2884)	0	0	0	0	0	0	0	0	0	0	0	0	0	0	0	1	0	0	0	0	0	0	0	0	0	0	0	0	0	1	2	0	0	0	0	0	1	0	2	0	0	0
PF08787	Alginate lyase	0	0	0	0	0	0	0	0	0	0	0	0	0	0	0	2	0	0	0	0	0	0	0	0	0	0	0	0	3	3	2	0	0	0	0	3	3	0	2	0	0	0
PF13612	Transposase DDE domain	0	0	0	0	0	0	0	0	0	0	0	0	0	0	0	1	0	0	0	0	0	0	0	0	0	0	0	0	0	0	0	0	0	0	0	0	0	0	0	0	0	0
PF08029	HisG, C-terminal domain	0	0	0	0	0	0	0	0	0	0	0	0	0	0	0	1	0	0	0	0	0	0	0	0	0	0	1	0	1	1	1	0	0	0	0	1	1	0	1	1	0	0
PF06877	Regulator of ribonuclease activity B	0	0	0	0	0	0	0	0	0	0	0	0	0	0	0	1	0	0	0	0	0	0	0	0	0	0	0	0	0	1	1	0	0	0	0	0	1	0	1	0	0	0
PF02446	4-alpha-glucanotransferase	0	0	0	0	0	0	0	0	0	0	0	0	0	0	0	1	0	0	0	0	0	0	0	0	0	1	0	0	0	1	1	0	0	0	0	0	1	0	1	0	0	0
PF17680	FlgO protein	0	0	0	0	0	0	0	0	0	0	0	0	0	0	0	2	0	0	0	0	0	0	0	0	0	0	0	0	0	3	3	0	0	0	0	0	3	0	3	0	0	0
PF11381	Protein of unknown function (DUF3185)	0	0	0	0	0	0	0	0	0	0	0	0	0	0	0	1	0	0	0	0	0	0	0	0	0	0	0	0	0	1	0	0	0	0	0	0	1	0	0	0	0	0
PF11859	Protein of unknown function (DUF3379)	0	0	0	0	0	0	0	0	0	0	0	0	0	0	0	1	0	0	0	0	0	0	0	0	0	0	0	0	0	1	1	0	0	0	0	0	1	0	1	0	0	0
PF11399	Protein of unknown function (DUF3192)	0	0	0	0	0	0	0	0	0	0	0	0	0	0	0	1	0	0	0	0	0	0	0	0	0	0	0	0	0	1	2	0	0	0	0	0	1	0	2	0	0	0
PF12404	Peptidase	0	0	0	0	0	0	0	0	0	0	0	0	0	0	0	1	0	0	0	0	0	0	0	0	0	0	0	0	0	1	1	0	0	0	0	0	1	0	1	0	0	0
PF08533	Beta-galactosidase C-terminal domain	0	0	0	0	0	0	0	0	0	0	0	0	0	0	0	1	0	0	0	0	0	0	0	0	0	0	0	0	0	1	0	0	0	0	0	0	1	0	0	0	0	0
PF12514	Protein of unknown function (DUF3718)	0	0	0	0	0	0	0	0	0	0	0	0	0	0	0	3	0	0	0	0	0	0	0	0	0	0	0	0	0	2	4	0	0	0	0	0	2	0	5	0	0	0
PF04361	Protein of unknown function (DUF494)	0	0	0	0	0	0	0	0	0	0	0	0	0	0	0	1	0	0	0	0	0	0	0	0	0	0	0	0	0	1	1	0	0	0	0	0	1	0	1	0	0	0
PF02863	Arginine repressor, C-terminal domain	0	0	0	0	0	0	0	0	0	0	0	0	0	0	0	1	0	0	0	0	0	0	0	0	0	0	0	0	0	1	1	0	0	0	0	0	1	0	1	0	0	0
PF01316	Arginine repressor, DNA binding domain	0	0	0	0	0	0	0	0	0	0	0	0	0	0	0	1	0	0	0	0	0	0	0	0	0	0	0	0	0	1	1	0	0	0	0	0	1	0	1	0	0	0
PF03592	Terminase small subunit	0	0	0	0	0	0	0	0	0	0	0	0	0	0	0	1	0	0	0	0	0	0	0	0	0	0	0	0	0	1	0	0	0	0	0	0	1	0	0	0	0	0
PF02010	REJ domain	0	0	0	0	0	0	0	0	0	0	0	0	0	0	0	1	0	0	0	0	0	0	0	0	0	0	0	0	0	1	0	0	0	0	0	0	1	0	0	0	0	0
PF12458	ATPase involved in DNA repair	0	0	0	0	0	0	0	0	0	0	0	0	0	0	0	2	0	0	0	0	0	0	0	0	0	0	0	0	0	1	0	0	0	0	0	0	1	0	0	0	0	0
PF10973	Protein of unknown function (DUF2799)	0	0	0	0	0	0	0	0	0	0	0	0	0	0	0	1	0	0	0	0	0	0	0	0	0	0	0	0	0	1	0	0	0	0	0	0	1	0	0	0	0	0
PF07840	FadR C-terminal domain	0	0	0	0	0	0	0	0	0	0	0	0	0	0	0	2	0	0	0	0	0	0	0	0	0	0	0	0	0	1	1	0	0	0	0	0	1	0	1	0	0	0
PF08351	tRNA(Met) cytidine acetyltransferase TmcA, N-terminal	0	0	0	0	0	0	0	0	0	0	0	0	0	0	0	1	0	0	0	0	0	0	0	0	0	0	0	0	0	1	1	0	0	0	0	0	1	0	1	0	0	0
PF01924	Hydrogenase formation hypA family	0	0	0	0	0	0	0	0	0	0	0	0	0	0	0	1	0	0	0	0	0	0	0	0	0	0	1	0	0	1	0	0	0	0	0	0	1	0	0	1	0	0
PF16266	Domain of unknown function (DUF4919)	0	0	0	0	0	0	0	0	0	0	0	0	0	0	0	1	0	0	0	0	0	0	0	0	0	0	0	0	0	1	0	0	0	0	0	0	1	0	0	0	0	0
PF00076	RNA recognition motif	0	0	0	0	0	0	0	0	0	0	0	0	0	0	0	1	0	0	1	0	0	0	0	0	0	0	0	0	0	1	2	0	0	0	0	0	1	0	2	0	0	0
PF19774	Family of unknown function (DUF6260)	0	0	0	0	0	0	0	0	0	0	0	0	0	0	0	1	0	0	0	0	0	0	0	0	0	0	0	0	0	1	0	0	0	0	0	0	1	0	0	0	0	0
PF01455	HupF/HypC family	0	0	0	0	0	0	0	0	0	0	0	0	0	0	0	2	0	0	0	0	0	0	0	0	0	0	1	0	0	2	0	0	0	0	0	0	2	0	0	1	0	0
PF21130	YgfZ, beta-barrel domain	0	0	0	0	0	0	0	0	0	0	0	0	0	0	0	1	0	0	0	0	0	0	0	0	0	0	0	0	0	1	1	0	0	0	0	0	1	0	1	0	0	0
PF17201	Cache 3/Cache 2 fusion domain	0	0	0	0	0	0	0	0	0	0	0	0	0	0	0	1	0	0	0	0	0	0	0	0	0	1	0	0	0	1	1	0	0	0	0	0	1	0	1	0	0	0
PF06468	Spondin_N	0	0	0	0	0	0	0	0	0	0	0	0	0	0	0	1	0	0	0	0	0	0	0	0	0	0	2	0	0	1	1	0	0	0	0	0	1	0	1	2	0	0
PF14464	Prokaryotic homologs of the JAB domain	0	0	0	0	0	0	0	0	0	0	0	0	0	0	0	1	0	0	0	0	0	0	0	0	0	0	0	1	0	1	0	0	0	0	0	0	1	1	0	0	0	0
PF04352	ProQ/FINO family	0	0	0	0	0	0	0	0	0	0	0	0	0	0	0	1	0	0	0	0	0	0	0	0	0	0	0	0	0	1	1	0	0	0	0	0	1	0	1	0	0	0
PF17516	ProQ C-terminal domain	0	0	0	0	0	0	0	0	0	0	0	0	0	0	0	1	0	0	0	0	0	0	0	0	0	0	0	0	0	1	1	0	0	0	0	0	1	0	1	0	0	0
PF10671	Toxin co-regulated pilus biosynthesis protein Q	0	0	0	0	0	0	0	0	0	0	0	0	0	0	0	1	0	0	0	0	0	0	0	0	0	0	0	0	0	1	1	0	0	0	0	0	1	0	1	0	0	0
PF17788	HypF Kae1-like domain	0	0	0	0	0	0	0	0	0	0	0	0	0	0	0	1	0	0	0	0	0	0	0	0	0	0	1	0	0	1	0	0	0	0	0	0	1	0	0	1	0	0
PF07503	HypF finger	0	0	0	0	0	0	0	0	0	0	0	0	0	0	0	1	0	0	0	0	0	0	0	0	0	0	1	0	0	1	0	0	0	0	0	0	1	0	0	1	0	0
PF15902	Sortilin, neurotensin receptor 3,	0	0	0	0	0	0	0	0	0	0	0	0	0	0	0	1	0	0	1	0	0	0	0	0	0	0	4	0	1	1	2	0	0	0	0	1	1	0	1	4	0	0
PF11939	[NiFe]-hydrogenase assembly, chaperone, HybE	0	0	0	0	0	0	0	0	0	0	0	0	0	0	0	1	0	0	0	0	0	0	0	0	0	0	0	0	0	1	0	0	0	0	0	0	1	0	0	0	0	0
PF13428	Tetratricopeptide repeat	0	0	0	0	0	0	0	0	0	0	0	0	0	0	0	1	0	0	0	0	0	0	0	0	0	0	0	0	0	1	0	1	0	0	0	0	1	0	0	0	0	0
PF11346	Protein of unknown function (DUF3149)	0	0	0	0	0	0	0	0	0	0	0	0	0	0	0	1	0	0	0	0	0	0	0	0	0	0	0	0	0	1	1	0	0	0	0	0	1	0	1	0	0	0
PF21654	Cyclic GMP-AMP synthase DncV-like, nucleotidyltransferase domain	0	0	0	0	0	0	0	0	0	0	0	0	0	0	0	1	0	0	0	0	0	0	0	0	0	0	0	1	0	0	0	0	0	0	0	0	0	1	0	0	0	0
PF02958	Ecdysteroid kinase-like family	0	0	0	0	0	0	0	0	0	0	0	0	0	0	0	1	0	0	0	0	0	0	0	0	0	0	0	0	0	1	1	0	0	0	0	0	1	0	1	0	0	0
PF06519	TolA C-terminal	0	0	0	0	0	0	0	0	0	0	0	0	0	0	0	1	0	0	0	0	0	0	0	0	0	0	0	0	0	1	1	0	0	0	0	0	1	0	1	0	0	0
PF01155	Hydrogenase/urease nickel incorporation, metallochaperone, hypA	0	0	0	0	0	0	0	0	0	0	0	0	0	0	0	1	0	0	0	0	0	0	0	0	0	0	1	0	0	1	0	0	0	0	0	0	1	0	0	1	0	0
PF01491	Frataxin-like domain	0	0	0	0	0	0	0	0	0	0	0	0	0	0	0	1	0	0	0	0	0	0	0	0	0	0	0	0	0	1	0	0	0	0	0	0	1	0	0	0	0	0
PF04991	LicD family	0	0	0	0	0	0	0	0	0	0	0	0	0	0	0	1	0	0	0	0	0	0	0	0	0	0	0	0	0	2	0	0	0	0	0	0	2	0	0	0	0	0
PF04337	Protein of unknown function, DUF480	0	0	0	0	0	0	0	0	0	0	0	0	0	0	0	1	0	0	0	0	0	0	0	0	0	0	0	0	0	1	0	0	0	0	0	0	1	0	0	0	0	0
PF01340	Met Apo-repressor, MetJ	0	0	0	0	0	0	0	0	0	0	0	0	0	0	0	1	0	0	0	0	0	0	0	0	0	0	0	0	0	1	1	0	0	0	0	0	1	0	1	0	0	0
PF17167	Glycosyl hydrolase 36 superfamily, catalytic domain	0	0	0	0	0	0	0	0	0	0	0	0	0	0	0	1	0	0	0	0	0	0	0	0	0	0	0	0	0	2	0	0	0	0	0	0	2	0	0	0	0	0
PF06165	Glycosyltransferase family 36	0	0	0	0	0	0	0	0	0	0	0	0	0	0	0	1	0	0	0	0	0	0	0	0	0	0	0	0	0	2	0	0	0	0	0	0	2	0	0	0	0	0
PF02976	DNA mismatch repair enzyme MutH	0	0	0	0	0	0	0	0	0	0	0	0	0	0	0	1	0	0	0	0	0	0	0	0	0	0	0	0	0	1	1	0	0	0	0	0	1	0	1	0	0	0
PF12261	Thermostable hemolysin	0	0	0	0	0	0	0	0	0	0	0	0	0	0	0	1	0	0	0	0	0	0	0	0	0	1	0	0	0	0	1	0	0	0	0	0	0	0	1	0	0	1
PF07449	Hydrogenase-1 expression protein HyaE	0	0	0	0	0	0	0	0	0	0	0	0	0	0	0	1	0	0	0	0	0	0	0	0	0	0	0	0	0	1	0	0	0	0	0	0	1	0	0	0	0	0
PF11846	Virulence factor membrane-bound polymerase, C-terminal	0	0	0	0	0	0	0	0	0	0	0	0	0	0	0	1	0	0	0	0	0	0	0	0	0	0	0	0	0	1	0	0	0	0	0	0	1	0	0	0	0	0
PF04233	Phage Mu protein F like protein	0	0	0	0	0	0	0	0	0	0	0	0	0	0	0	1	0	1	0	0	0	0	0	0	0	0	0	0	0	1	0	0	0	0	0	0	1	0	0	0	0	0
PF14351	Domain of unknown function (DUF4401)	0	0	0	0	0	0	0	0	0	0	0	0	0	0	0	1	0	0	0	0	0	0	0	0	0	0	0	0	0	1	0	0	0	0	0	0	1	0	0	0	0	0
PF07348	Syd protein (SUKH-2)	0	0	0	0	0	0	0	0	0	0	0	0	0	0	0	1	0	0	0	0	0	0	0	0	0	0	0	0	0	1	1	0	0	0	0	0	1	0	1	0	0	0
PF18423	Zinc binding domain	0	0	0	0	0	0	0	0	0	0	0	0	0	0	0	1	0	0	0	0	0	0	0	0	0	0	0	0	0	0	0	0	0	0	0	0	0	0	0	0	0	0
PF19193	Tectonin domain	0	0	0	0	0	0	0	0	0	0	0	0	0	0	0	1	0	0	0	0	0	0	0	0	0	0	0	0	0	1	0	0	0	0	0	0	1	0	0	0	0	0
PF14684	Tricorn protease C1 domain	0	0	0	0	0	0	0	0	0	0	0	0	0	0	0	2	0	0	0	0	0	0	0	0	0	0	0	0	0	2	0	0	0	0	0	0	2	0	0	0	0	0
PF11954	Domain of unknown function (DUF3471)	0	0	0	0	0	0	0	0	0	0	0	0	0	0	0	1	0	0	0	0	0	0	0	0	0	0	1	0	2	2	0	0	0	0	0	2	2	0	0	1	0	0
PF07208	Protein of unknown function (DUF1414)	0	0	0	0	0	0	0	0	0	0	0	0	0	0	0	1	0	0	0	0	0	0	0	0	0	0	0	0	0	1	1	0	0	0	0	0	1	0	1	0	0	0
PF16153	Domain of unknown function (DUF4861)	0	0	0	0	0	0	0	0	0	0	0	0	0	0	0	1	0	0	0	0	0	0	0	0	0	0	0	0	0	1	0	0	0	0	0	0	1	0	0	0	0	0
PF18921	Cyanophycin synthase-like N-terminal domain	0	0	0	0	0	0	0	0	0	0	0	0	0	0	0	1	0	0	0	0	0	0	0	0	0	0	0	0	0	1	1	0	0	0	0	0	1	0	1	0	0	0
PF19313	Domain of unknown function (DUF5916)	0	0	0	0	0	0	0	0	0	0	0	0	0	0	0	1	0	0	1	0	0	0	0	0	0	0	3	0	1	2	1	0	0	0	0	1	2	0	1	3	0	0
PF06452	Carbohydrate family 9 binding domain-like	0	0	0	0	0	0	0	0	0	0	0	0	0	0	0	1	0	0	1	0	0	0	0	0	0	0	3	0	0	2	2	0	0	0	0	0	2	0	2	3	0	0
PF06381	Anti-CBASS protein Acb1-like	0	0	0	0	0	0	0	0	0	0	0	0	0	0	0	1	0	0	0	0	0	0	0	0	0	0	0	0	0	1	0	0	0	0	0	0	1	0	0	0	0	0
PF11201	Protein of unknown function (DUF2982)	0	0	0	0	0	0	0	0	0	0	0	0	0	0	0	1	0	0	0	0	0	0	0	0	0	0	0	0	0	1	1	0	0	0	0	0	1	0	1	0	0	0
PF11227	Protein of unknown function (DUF3025)	0	0	0	0	0	0	0	0	0	0	0	0	0	0	0	1	0	0	0	0	0	0	0	0	0	0	0	0	0	1	1	0	0	0	0	0	1	0	1	0	0	0
PF00071	Ras family	0	0	0	0	0	0	0	0	0	0	0	0	0	0	0	1	0	0	0	0	0	0	0	0	0	0	1	0	1	1	0	0	0	0	0	1	1	0	0	1	0	0
PF16355	Domain of unknown function (DUF4982)	0	0	0	0	0	0	0	0	0	0	0	0	0	0	0	1	0	0	0	0	0	0	0	0	0	0	0	0	0	1	0	0	0	0	0	0	1	0	0	0	0	0
PF04809	HupH hydrogenase expression protein, C-terminal conserved region	0	0	0	0	0	0	0	0	0	0	0	0	0	0	0	1	0	0	0	0	0	0	0	0	0	0	0	0	0	1	0	0	0	0	0	0	1	0	0	0	0	0
PF05702	Herpesvirus UL49.5 envelope/tegument protein	0	0	0	0	0	0	0	0	0	0	0	0	0	0	0	1	0	0	0	0	0	0	0	0	0	0	0	0	0	1	0	0	0	0	0	0	1	0	0	0	0	0
PF10679	Protein of unknown function (DUF2491)	0	0	0	0	0	0	0	0	0	0	0	0	0	0	0	1	0	0	0	0	0	0	0	0	0	0	0	0	0	1	1	0	0	0	0	0	1	0	1	0	0	0
PF13275	S4 domain	0	0	0	0	0	0	0	0	0	0	0	0	0	0	0	1	0	0	0	0	0	0	0	0	0	0	0	0	0	1	0	0	0	0	0	0	1	0	0	0	0	0
PF13395	HNH endonuclease	0	0	0	0	0	0	0	0	0	0	0	0	0	0	0	1	0	0	0	0	0	0	0	0	0	0	0	0	0	1	0	0	0	0	0	0	1	0	0	0	0	0
PF01750	Hydrogenase maturation protease	0	0	0	0	0	0	0	0	0	0	0	0	0	0	0	1	0	0	0	0	0	0	0	0	0	0	1	0	0	1	0	0	0	0	0	0	1	0	0	1	0	0
PF11454	Protein of unknown function (DUF3016)	0	0	0	0	0	0	0	0	0	0	0	0	0	0	0	1	0	0	0	0	0	0	0	0	0	0	0	0	0	1	1	0	0	0	0	0	1	0	1	0	0	0
PF03575	Peptidase family S51	0	0	0	0	0	0	0	0	0	0	0	0	0	0	0	2	0	0	1	0	0	0	0	0	0	0	2	0	1	2	2	0	0	0	0	1	2	0	2	2	0	0
PF08014	Microtubule-associated tyrosine carboxypeptidase	0	0	0	0	0	0	0	0	0	0	0	0	0	0	0	1	0	0	0	0	0	0	0	0	0	0	1	0	0	1	0	0	0	0	0	0	1	0	0	1	0	0
PF14685	Tricorn protease PDZ domain	0	0	0	0	0	0	0	0	0	0	0	0	0	0	0	1	0	0	0	0	0	0	0	0	0	0	0	0	0	1	0	0	0	0	0	0	1	0	0	0	0	0
PF12065	Protein of unknown function (DUF3545)	0	0	0	0	0	0	0	0	0	0	0	0	0	0	0	1	0	0	0	0	0	0	0	0	0	0	0	0	0	1	1	0	0	0	0	0	1	0	1	0	0	0
PF17766	Fibronectin type-III domain	0	0	0	0	0	0	0	0	0	0	0	0	0	0	0	1	0	0	0	0	0	0	0	0	0	0	0	0	0	1	0	0	0	0	0	0	1	0	0	0	0	0
PF03873	Anti sigma-E protein RseA, C-terminal domain	0	0	0	0	0	0	0	0	0	0	0	0	0	0	0	1	0	0	0	0	0	0	0	0	0	0	0	0	0	1	1	0	0	0	0	0	1	0	1	0	0	0
PF11855	Protein of unknown function (DUF3375)	0	0	0	0	0	0	0	0	0	0	0	0	0	0	0	0	0	1	0	0	0	0	0	0	0	0	0	0	0	0	0	0	0	0	0	0	0	0	0	0	0	0
PF06406	Plasmid segregation protein ParM, N-terminal	0	0	0	0	0	0	0	0	0	0	0	0	0	0	0	0	0	1	0	0	0	0	0	0	0	0	0	0	0	0	0	0	0	0	0	0	0	0	0	0	0	0
PF21522	Archaeal actin homologue MreB-like, C-terminal	0	0	0	0	0	0	0	0	0	0	0	0	0	0	0	0	0	1	0	0	0	0	0	0	0	0	0	0	0	0	0	0	0	0	0	0	0	0	0	0	0	0
PF11190	Protein of unknown function (DUF2976)	0	0	0	0	0	0	0	0	0	0	0	0	0	0	0	0	0	1	0	0	0	0	0	0	0	0	0	0	0	0	0	0	0	0	0	0	0	0	0	0	0	0
PF11072	Protein of unknown function (DUF2859)	0	0	0	0	0	0	0	0	0	0	0	0	0	0	0	0	0	1	0	0	0	0	0	0	0	0	0	0	0	0	0	0	0	0	0	0	0	0	0	0	0	0
PF20131	ABC-three component (ABC-3C) system Middle Component 3	0	0	0	0	0	0	0	0	0	0	0	0	0	0	0	0	0	1	0	0	0	0	0	0	0	0	0	0	0	1	0	0	0	0	0	0	1	0	0	0	0	0
PF07916	TraG-like protein, N-terminal region	0	0	0	0	0	0	0	0	0	0	0	0	0	0	0	0	0	1	0	0	0	0	0	0	0	0	0	0	0	0	0	0	0	0	0	0	0	0	0	0	0	0
PF13358	DDE superfamily endonuclease	0	0	0	0	0	0	0	0	0	0	0	0	0	0	0	0	0	1	0	0	0	0	0	0	0	0	0	0	0	0	0	0	0	0	0	0	0	0	0	0	0	0
PF13592	Winged helix-turn helix	0	0	0	0	0	0	0	0	0	0	0	0	0	0	0	0	0	1	0	0	0	0	0	0	0	0	0	0	0	0	0	0	0	0	0	0	0	0	0	0	0	0
PF03230	Antirestriction protein	0	0	0	0	0	0	0	0	0	0	0	0	0	0	0	0	0	1	0	0	0	0	0	0	0	0	0	0	0	0	0	0	0	0	0	0	0	0	0	0	0	0
PF15611	EH_Signature domain	0	0	0	0	0	0	0	0	0	0	0	0	0	0	0	0	0	1	0	0	0	0	0	0	0	0	0	1	0	1	0	0	0	0	0	0	1	1	0	0	0	0
PF11920	Protein of unknown function (DUF3438)	0	0	0	0	0	0	0	0	0	0	0	0	0	0	0	0	0	1	0	0	0	0	0	0	0	0	0	0	0	0	0	0	0	0	0	0	0	0	0	0	0	0
PF13986	Domain of unknown function (DUF4224)	0	0	0	0	0	0	0	0	0	0	0	0	0	0	0	0	0	1	0	0	0	0	0	0	0	0	0	1	0	0	0	1	0	0	0	0	0	1	0	0	0	0
PF12532	Protein of unknown function (DUF3732)	0	0	0	0	0	0	0	0	0	0	0	0	0	0	0	0	0	1	0	0	0	0	0	0	0	0	0	0	0	1	0	0	0	0	0	0	1	0	0	0	0	0
PF09686	Plasmid protein of unknown function (Plasmid_RAQPRD)	0	0	0	0	0	0	0	0	0	0	0	0	0	0	0	0	0	1	0	0	0	0	0	0	0	0	0	0	0	0	0	0	0	0	0	0	0	0	0	0	0	0
PF01978	Sugar-specific transcriptional regulator TrmB	0	0	0	0	0	0	0	0	0	0	0	0	0	0	0	0	0	1	0	0	0	0	0	0	0	0	0	0	0	0	0	0	0	0	0	0	0	0	0	0	0	0
PF11444	Protein of unknown function (DUF2895)	0	0	0	0	0	0	0	0	0	0	0	0	0	0	0	0	0	1	0	0	0	0	0	0	0	0	0	0	0	0	0	0	0	0	0	0	0	0	0	0	0	0
PF18628	Viral coat protein P2 N-terminal domain	0	0	0	0	0	0	0	0	0	0	0	0	0	0	0	0	0	1	0	0	0	0	0	0	0	0	0	0	0	0	0	0	0	0	0	0	0	0	0	0	0	0
PF07511	Protein of unknown function (DUF1525)	0	0	0	0	0	0	0	0	0	0	0	0	0	0	0	0	0	1	0	0	0	0	0	0	0	0	0	0	0	0	0	0	0	0	0	0	0	0	0	0	0	0
PF19865	Family of unknown function (DUF6338)	0	0	0	0	0	0	0	0	0	0	0	0	0	0	0	0	0	1	0	0	0	0	0	0	0	0	0	0	0	0	0	0	0	0	0	0	0	0	0	0	0	0
PF13554	Bacteriophage related domain of unknown function	0	0	0	0	0	0	0	0	0	0	0	0	0	0	0	0	0	1	0	0	0	0	0	0	0	0	0	0	0	0	0	0	0	0	0	0	0	0	0	0	0	0
PF20283	C-terminal domain 7 of the ABC-three component (ABC-3C) systems	0	0	0	0	0	0	0	0	0	0	0	0	0	0	0	0	0	1	0	0	0	0	0	0	0	0	0	0	0	1	0	0	0	0	0	0	1	0	0	0	0	0
PF14348	Domain of unknown function (DUF4400)	0	0	0	0	0	0	0	0	0	0	0	0	0	0	0	0	0	1	0	0	0	0	0	0	0	0	0	0	0	0	0	0	0	0	0	0	0	0	0	0	0	0
PF20036	Major capsid protein 13-like	0	0	0	0	0	0	0	0	0	0	0	0	0	0	0	0	0	1	0	0	0	0	0	0	0	0	0	0	0	0	0	0	0	0	0	0	0	0	0	0	0	0
PF20442	BREX system Lon protease-like protein BrxL N-terminal	0	0	0	0	0	0	0	0	0	0	0	0	0	0	0	0	0	1	0	1	0	0	0	0	0	0	0	0	0	0	0	0	0	0	0	0	0	0	0	0	0	0
PF13337	Lon-like protease BrxL-like, ATPase domain	0	0	0	0	0	0	0	0	0	0	0	0	0	0	0	0	0	1	0	1	0	0	0	0	0	0	0	0	0	0	0	0	0	0	0	0	0	0	0	0	0	0
PF12101	Protein of unknown function (DUF3577)	0	0	0	0	0	0	0	0	0	0	0	0	0	0	0	0	0	1	0	0	0	0	0	0	0	0	0	0	0	0	0	0	0	0	0	0	0	0	0	0	0	0
PF05840	Bacteriophage replication gene A protein (GPA)	0	0	0	0	0	0	0	0	0	0	0	0	0	0	0	0	0	1	0	0	0	0	0	0	0	0	0	1	0	0	1	0	0	0	0	0	0	1	0	0	0	0
PF20213	Family of unknown function (DUF6573)	0	0	0	0	0	0	0	0	0	0	0	0	0	0	0	0	0	1	0	0	0	0	0	0	0	0	0	0	0	0	0	0	0	0	0	0	0	0	0	0	0	0
PF11130	TraC protein	0	0	0	0	0	0	0	0	0	0	0	0	0	0	0	0	0	1	0	0	0	0	0	0	0	0	0	0	0	0	0	0	0	0	0	0	0	0	0	0	0	0
PF11198	Protein of unknown function (DUF2857)	0	0	0	0	0	0	0	0	0	0	0	0	0	0	0	0	0	1	0	0	0	0	0	0	0	0	0	0	0	0	0	0	0	0	0	0	0	0	0	0	0	0
PF09363	XFP C-terminal domain	0	0	0	0	0	0	0	0	0	0	0	0	0	0	0	0	0	1	0	0	0	0	0	0	0	0	0	0	0	0	0	0	0	0	0	0	0	0	0	0	0	0
PF13264	Domain of unknown function (DUF4055)	0	0	0	0	0	0	0	0	0	0	0	0	0	0	0	0	0	1	0	0	0	0	0	0	0	0	0	0	0	0	0	0	0	0	0	0	0	0	0	0	0	0
PF15943	Bacterial toxin YdaS	0	0	0	0	0	0	0	0	0	0	0	0	0	0	0	0	0	1	0	0	0	0	0	0	0	0	0	1	0	1	0	1	0	0	0	0	1	1	0	0	0	0
PF20081	Domain of unknown function (DUF6475)	0	0	0	0	0	0	0	0	0	0	0	0	0	0	0	0	0	1	0	0	0	0	0	0	0	0	0	0	0	0	0	0	0	0	0	0	0	0	0	0	0	0
PF11795	Uncharacterized protein conserved in bacteria N-term (DUF3322)	0	0	0	0	0	0	0	0	0	0	0	0	0	0	0	0	0	1	0	0	0	0	0	0	0	0	0	0	0	0	0	0	0	0	0	0	0	0	0	0	0	0
PF09983	Wadjet protein JetD, C-terminal	0	0	0	0	0	0	0	0	0	0	0	0	0	0	0	0	0	1	0	0	0	0	0	0	0	0	1	0	0	0	0	0	0	0	0	0	0	0	0	0	0	0
PF02026	RyR domain	0	0	0	0	0	0	0	0	0	0	0	0	0	0	0	0	0	1	0	0	0	0	0	0	0	0	0	0	0	0	0	0	0	0	0	0	0	0	0	0	0	0
PF06834	TraU protein	0	0	0	0	0	0	0	0	0	0	0	0	0	0	0	0	0	1	0	0	0	0	0	0	0	0	0	0	0	0	0	0	0	0	0	0	0	0	0	0	0	0
PF11660	Protein of unknown function (DUF3262)	0	0	0	0	0	0	0	0	0	0	0	0	0	0	0	0	0	1	0	0	0	0	0	0	0	0	0	0	0	0	0	0	0	0	0	0	0	0	0	0	0	0
PF08900	Transcriptional regulator AcaB	0	0	0	0	0	0	0	0	0	0	0	0	0	0	0	0	0	1	0	0	0	0	0	0	0	0	0	0	0	0	0	0	0	0	0	0	0	0	0	0	0	0
PF11990	Protein of unknown function (DUF3487)	0	0	0	0	0	0	0	0	0	0	0	0	0	0	0	0	0	1	0	0	0	0	0	0	0	0	0	0	0	0	0	0	0	0	0	0	0	0	0	0	0	0
PF00847	AP2 domain	0	0	0	0	0	0	0	0	0	0	0	0	0	0	0	0	0	1	0	0	0	0	0	0	0	0	0	0	0	0	0	0	0	0	0	0	0	0	0	0	0	0
PF20557	Putative DnaT-like ssDNA binding protein	0	0	0	0	0	0	0	0	0	0	0	0	0	0	0	0	0	1	0	0	0	0	0	0	0	0	0	0	0	0	0	0	0	0	0	0	0	0	0	0	0	0
PF04306	Protein of unknown function (DUF456)	0	0	0	0	0	0	0	0	0	0	0	0	0	0	0	0	0	0	1	0	0	0	0	0	0	0	0	0	1	0	0	0	0	0	0	1	0	0	0	0	0	0
PF20257	SAM hydroxide adenosyltransferase C-terminal domain	0	0	0	0	0	0	0	0	0	0	0	0	0	0	0	0	0	0	1	0	0	0	0	0	0	0	1	0	1	0	0	0	0	0	0	1	0	0	0	1	0	0
PF12072	RNase Y N-terminal region	0	0	0	0	0	0	0	0	0	0	0	0	0	0	0	0	0	0	1	0	0	0	0	0	0	0	1	0	1	0	0	0	0	0	0	1	0	0	0	1	0	0
PF13562	Sugar nucleotidyl transferase	0	0	0	0	0	0	0	0	0	0	0	0	0	0	0	0	0	0	1	0	0	0	0	0	0	0	1	0	1	0	0	0	0	0	0	1	0	0	0	1	0	0
PF11387	Protein of unknown function (DUF2795)	0	0	0	0	0	0	0	0	0	0	0	0	0	0	0	0	0	0	1	0	0	0	0	0	0	0	1	0	1	0	0	0	0	0	0	1	0	0	0	1	0	0
PF13583	Metallo-peptidase family M12B Reprolysin-like	0	0	0	0	0	0	0	0	0	0	0	0	0	0	0	0	0	0	3	0	0	0	0	0	0	0	1	0	1	0	0	0	0	0	0	1	0	0	0	1	0	0
PF11028	Protein of unknown function (DUF2723)	0	0	0	0	0	0	0	0	0	0	0	0	0	0	0	0	0	0	1	0	0	0	0	0	0	0	1	0	1	0	0	0	0	0	0	1	0	0	0	1	0	0
PF03916	Polysulphide reductase, NrfD	0	0	0	0	0	0	0	0	0	0	0	0	0	0	0	0	0	0	1	0	0	0	0	0	0	0	2	0	1	0	0	0	0	0	0	1	0	0	0	2	0	0
PF03051	Peptidase C1-like family	0	0	0	0	0	0	0	0	0	0	0	0	0	0	0	0	0	0	1	0	0	0	0	0	0	0	1	0	0	0	0	0	0	0	0	0	0	0	0	1	0	0
PF05834	Lycopene cyclase protein	0	0	0	0	0	0	0	0	0	0	0	0	0	0	0	0	0	0	2	0	0	0	0	0	0	1	1	0	1	0	0	0	0	0	0	1	0	0	0	1	0	1
PF06713	Bacterial PH domain	0	0	0	0	0	0	0	0	0	0	0	0	0	0	0	0	0	0	1	0	0	0	0	0	0	0	0	0	0	0	0	0	0	0	0	0	0	0	0	0	0	0
PF20351	Family of unknown function (DUF6646)	0	0	0	0	0	0	0	0	0	0	0	0	0	0	0	0	0	0	1	0	0	0	0	0	0	0	0	0	1	0	0	0	0	0	0	1	0	0	0	0	0	0
PF03803	Scramblase	0	0	0	0	0	0	0	0	0	0	0	0	0	0	0	0	0	0	1	0	0	0	0	0	0	0	0	0	0	0	0	0	0	0	0	0	0	0	0	0	0	0
PF20050	Family of unknown function (DUF6452)	0	0	0	0	0	0	0	0	0	0	0	0	0	0	0	0	0	0	1	0	0	0	0	0	0	0	1	0	1	0	0	0	0	0	0	1	0	0	0	1	0	0
PF19569	START-like superfamily domain	0	0	0	0	0	0	0	0	0	0	0	0	0	0	0	0	0	0	1	0	0	0	0	0	0	0	1	0	1	0	0	0	0	0	0	1	0	0	0	1	0	0
PF04020	Mycobacterial 4 TMS phage holin, superfamily IV	0	0	0	0	0	0	0	0	0	0	0	0	0	0	0	0	0	0	1	0	0	0	0	0	0	0	1	0	1	0	0	0	0	0	0	1	0	0	0	1	0	0
PF03848	Tellurite resistance protein TehB	0	0	0	0	0	0	0	0	0	0	0	0	0	0	0	0	0	0	1	0	0	0	0	0	0	0	0	0	0	0	0	0	0	0	0	0	0	0	0	0	0	0
PF19515	Domain of unknown function (DUF6048)	0	0	0	0	0	0	0	0	0	0	0	0	0	0	0	0	0	0	1	0	0	0	0	0	0	0	1	0	1	0	0	0	0	0	0	1	0	0	0	1	0	0
PF07920	Protein of unknown function (DUF1684)	0	0	0	0	0	0	0	0	0	0	0	0	0	0	0	0	0	0	2	0	0	0	0	0	0	0	0	0	1	0	0	0	0	0	0	1	0	0	0	0	0	0
PF07766	LETM1-like, RBD	0	0	0	0	0	0	0	0	0	0	0	0	0	0	0	0	0	0	1	0	0	0	0	0	0	0	1	0	1	0	0	0	0	0	0	1	0	0	0	1	0	0
PF12890	Dihydro-orotase-like	0	0	0	0	0	0	0	0	0	0	0	0	0	0	0	0	0	0	1	0	0	0	0	0	0	0	0	0	0	0	0	0	0	0	0	0	0	0	0	0	0	0
PF19302	Domain of unknown function (DUF5915)	0	0	0	0	0	0	0	0	0	0	0	0	0	0	0	0	0	0	1	0	0	0	0	0	0	0	1	0	1	0	0	0	0	0	0	1	0	0	0	1	0	0
PF19567	Capsular polysaccharide synthesis, CpsB/CapC	0	0	0	0	0	0	0	0	0	0	0	0	0	0	0	0	0	0	1	0	0	0	0	0	0	0	1	0	0	1	1	0	0	0	0	0	1	0	0	1	0	0
PF14127	Domain of unknown function (DUF4294)	0	0	0	0	0	0	0	0	0	0	0	0	0	0	0	0	0	0	1	0	0	0	0	0	0	0	1	0	1	0	0	0	0	0	0	1	0	0	0	1	0	0
PF05228	CHASE4 domain	0	0	0	0	0	0	0	0	0	0	0	0	0	0	0	0	0	0	1	0	0	0	0	0	0	0	0	0	0	0	0	0	0	0	0	0	0	0	0	0	0	0
PF05140	ResB-like family	0	0	0	0	0	0	0	0	0	0	0	0	0	0	0	0	0	0	1	0	0	0	0	0	0	0	1	0	1	0	0	0	0	0	0	1	0	0	0	1	0	0
PF21220	RecQ-1-like, helix-turn-helix domain	0	0	0	0	0	0	0	0	0	0	0	0	0	0	0	0	0	0	1	0	0	0	0	0	0	0	1	0	1	0	0	0	0	0	0	1	0	0	0	1	0	0
PF07661	MORN repeat variant	0	0	0	0	0	0	0	0	0	0	0	0	0	0	0	0	0	0	1	0	0	0	0	0	0	0	3	0	5	0	0	0	0	0	0	5	0	0	0	3	0	0
PF19783	Domain of unknown function (DUF6268)	0	0	0	0	0	0	0	0	0	0	0	0	0	0	0	0	0	0	1	0	0	0	0	0	0	0	1	0	1	0	0	0	0	0	0	1	0	0	0	1	0	0
PF11821	Alternative complex III, ActD subunit	0	0	0	0	0	0	0	0	0	0	0	0	0	0	0	0	0	0	1	0	0	0	0	0	0	0	1	0	1	0	0	0	0	0	0	1	0	0	0	1	0	0
PF09586	Bacterial membrane protein YfhO	0	0	0	0	0	0	0	0	0	0	0	0	0	0	0	0	0	0	1	0	0	0	0	0	0	0	1	0	1	0	0	0	0	0	0	1	0	0	0	1	0	0
PF16472	Domain of unknown function (DUF5050)	0	0	0	0	0	0	0	0	0	0	0	0	0	0	0	0	0	0	1	0	0	0	0	0	0	0	0	0	0	0	0	0	0	0	0	0	0	0	0	0	0	0
PF14129	Domain of unknown function (DUF4296)	0	0	0	0	0	0	0	0	0	0	0	0	0	0	0	0	0	0	1	0	0	0	0	0	0	0	1	0	1	0	0	0	0	0	0	1	0	0	0	1	0	0
PF19589	Family of unknown function (DUF6095)	0	0	0	0	0	0	0	0	0	0	0	0	0	0	0	0	0	0	1	0	0	0	0	0	0	0	1	0	1	0	0	0	0	0	0	1	0	0	0	1	0	0
PF03534	Salmonella virulence plasmid 65kDa B protein	0	0	0	0	0	0	0	0	0	0	0	0	0	0	0	0	0	0	1	0	0	0	0	0	0	0	0	0	0	1	0	0	0	0	0	0	1	0	0	0	0	0
PF20001	Family of unknown function (DUF6428)	0	0	0	0	0	0	0	0	0	0	0	0	0	0	0	0	0	0	1	0	0	0	0	0	0	0	1	0	1	0	0	0	0	0	0	1	0	0	0	1	0	0
PF02016	LD-carboxypeptidase N-terminal domain	0	0	0	0	0	0	0	0	0	0	0	0	0	0	0	0	0	0	1	0	0	0	0	0	0	0	1	0	1	0	0	0	0	0	0	1	0	0	0	1	0	0
PF17676	LD-carboxypeptidase C-terminal domain	0	0	0	0	0	0	0	0	0	0	0	0	0	0	0	0	0	0	1	0	0	0	0	0	0	0	1	0	1	0	0	0	0	0	0	1	0	0	0	1	0	0
PF03825	Nucleoside H+ symporter	0	0	0	0	0	0	0	0	0	0	0	0	0	0	0	0	0	0	1	0	0	0	0	0	0	0	1	0	0	0	0	0	0	0	0	0	0	0	0	1	0	0
PF19579	Bacteriodetes cell division protein (FtsL-like)	0	0	0	0	0	0	0	0	0	0	0	0	0	0	0	0	0	0	1	0	0	0	0	0	0	0	1	0	1	0	0	0	0	0	0	1	0	0	0	1	0	0
PF09966	Uncharacterized protein conserved in bacteria (DUF2200)	0	0	0	0	0	0	0	0	0	0	0	0	0	0	0	0	0	0	1	0	0	0	0	0	0	0	1	0	1	0	0	0	0	0	0	1	0	0	0	1	0	0
PF21211	FkbH, N-terminal domain	0	0	0	0	0	0	0	0	0	0	0	0	0	0	0	0	0	0	1	0	0	0	0	0	0	0	0	0	0	0	0	0	0	0	0	0	0	0	0	0	0	0
PF12703	Toxin of toxin-antitoxin type 1 system	0	0	0	0	0	0	0	0	0	0	0	0	0	0	0	0	0	0	0	1	0	0	0	0	0	0	0	0	0	0	0	0	0	0	0	0	0	0	0	0	0	0
PF20404	Family of unknown function (DUF6694)	0	0	0	0	0	0	0	0	0	0	0	0	0	0	0	0	0	0	0	3	0	0	0	0	0	0	0	0	0	0	0	1	0	0	0	0	0	0	0	0	0	0
PF12324	Helix-turn-helix domain of alkylmercury lyase	0	0	0	0	0	0	0	0	0	0	0	0	0	0	0	0	0	0	0	1	0	0	0	0	0	0	0	0	0	0	0	0	0	0	0	0	0	0	0	0	0	0
PF13289	SIR2-like domain	0	0	0	0	0	0	0	0	0	0	0	0	0	0	0	0	0	0	0	2	0	0	0	0	0	0	1	0	0	1	0	0	0	0	0	0	1	0	0	0	0	0
PF08849	BrxA	0	0	0	0	0	0	0	0	0	0	0	0	0	0	0	0	0	0	0	1	0	0	0	0	0	0	0	0	0	0	0	0	0	0	0	0	0	0	0	0	0	0
PF05277	Protein of unknown function (DUF726)	0	0	0	0	0	0	0	0	0	0	0	0	0	0	0	0	0	0	0	1	0	0	0	0	0	0	0	0	0	0	0	0	0	0	0	0	0	0	0	0	0	0
PF12128	Protein of unknown function (DUF3584)	0	0	0	0	0	0	0	0	0	0	0	0	0	0	0	0	0	0	0	1	0	0	0	0	0	0	0	0	0	0	2	0	0	0	0	0	0	0	2	0	0	0
PF15632	ATP-grasp in the biosynthetic pathway with Ter operon	0	0	0	0	0	0	0	0	0	0	0	0	0	0	0	0	0	0	0	1	0	0	0	0	0	0	0	0	0	0	0	0	0	0	0	0	0	0	0	0	0	0
PF13655	N-terminal domain of reverse transcriptase	0	0	0	0	0	0	0	0	0	0	0	0	0	0	0	0	0	0	0	1	0	0	0	0	0	0	0	0	0	0	0	0	0	0	0	0	0	0	0	0	0	0
PF13182	Protein of unknown function (DUF4007)	0	0	0	0	0	0	0	0	0	0	0	0	0	0	0	0	0	0	0	1	0	0	0	0	0	0	0	0	0	0	0	0	0	0	0	0	0	0	0	0	0	0
PF17273	Family of unknown function (DUF5338)	0	0	0	0	0	0	0	0	0	0	0	0	0	0	0	0	0	0	0	1	0	0	0	0	0	0	0	0	0	0	0	0	0	0	0	0	0	0	0	0	0	0
PF18730	Cthe_2314-like HEPN	0	0	0	0	0	0	0	0	0	0	0	0	0	0	0	0	0	0	0	1	0	0	0	0	0	0	0	0	0	0	0	0	0	0	0	0	0	0	0	0	0	0
PF14216	Domain of unknown function (DUF4326)	0	0	0	0	0	0	0	0	0	0	0	0	0	0	0	0	0	0	0	1	0	0	0	0	0	0	0	0	0	0	0	0	0	0	0	0	0	0	0	0	0	0
PF11185	Protein of unknown function (DUF2971)	0	0	0	0	0	0	0	0	0	0	0	0	0	0	0	0	0	0	0	1	0	0	0	0	0	0	0	1	0	0	0	0	0	0	0	0	0	1	1	0	0	0
PF08747	BREX protein BrxB	0	0	0	0	0	0	0	0	0	0	0	0	0	0	0	0	0	0	0	1	0	0	0	0	0	0	0	0	0	0	0	0	0	0	0	0	0	0	0	0	0	0
PF13454	FAD-NAD(P)-binding	0	0	0	0	0	0	0	0	0	0	0	0	0	0	0	0	0	0	0	1	0	0	0	0	1	2	1	0	1	0	0	0	0	0	0	1	0	0	0	1	0	1
PF11455	Antitoxin MazE-like	0	0	0	0	0	0	0	0	0	0	0	0	0	0	0	0	0	0	0	0	2	0	0	0	0	0	0	0	0	0	0	0	0	0	0	0	0	0	0	0	0	0
PF01076	Plasmid recombination enzyme	0	0	0	0	0	0	0	0	0	0	0	0	0	0	0	0	0	0	0	0	1	0	0	0	0	0	0	0	0	0	0	0	0	0	0	0	0	0	0	0	0	0
PF07030	Bacteriophage Mu, Gp36	0	0	0	0	0	0	0	0	0	0	0	0	0	0	0	0	0	0	0	0	0	1	0	0	0	0	0	0	0	0	0	0	0	0	0	0	0	0	0	0	0	0
PF04655	Aminoglycoside/hydroxyurea antibiotic resistance kinase	0	0	0	0	0	0	0	0	0	0	0	0	0	0	0	0	0	0	0	0	0	1	0	0	0	0	0	0	0	0	0	0	0	0	0	0	0	0	0	0	0	0
PF06791	Prophage tail length tape measure protein	0	0	0	0	0	0	0	0	0	0	0	0	0	0	0	0	0	0	0	0	0	1	0	0	0	0	0	0	0	0	0	0	0	0	0	0	0	0	0	0	0	0
PF05069	Phage virion morphogenesis family	0	0	0	0	0	0	0	0	0	0	0	0	0	0	0	0	0	0	0	0	0	1	0	0	0	0	0	0	0	0	0	0	0	0	0	0	0	0	0	0	0	0
PF10123	Mu-like prophage I protein	0	0	0	0	0	0	0	0	0	0	0	0	0	0	0	0	0	0	0	0	0	1	0	0	0	0	0	0	0	0	0	0	0	0	0	0	0	0	0	0	0	0
PF14353	CpXC protein	0	0	0	0	0	0	0	0	0	0	0	0	0	0	0	0	0	0	0	0	0	1	0	0	0	0	0	0	0	0	0	0	0	0	0	0	0	0	0	0	0	0
PF05063	MT-A70	0	0	0	0	0	0	0	0	0	0	0	0	0	0	0	0	0	0	0	0	0	0	0	0	1	0	0	0	0	0	0	0	0	0	0	0	0	0	0	0	0	0
PF02475	Met-10+ like-protein	0	0	0	0	0	0	0	0	0	0	0	0	0	0	0	0	0	0	0	0	0	0	0	0	1	0	0	0	0	0	0	0	0	0	0	0	0	0	0	0	0	0
PF14031	Putative serine dehydratase domain	0	0	0	0	0	0	0	0	0	0	0	0	0	0	0	0	0	0	0	0	0	0	0	0	1	0	0	0	0	0	1	0	0	0	0	0	0	0	1	0	0	0
PF09195	Restriction endonuclease BglII	0	0	0	0	0	0	0	0	0	0	0	0	0	0	0	0	0	0	0	0	0	0	0	0	1	0	0	0	0	0	0	0	0	0	0	0	0	0	0	0	0	0
PF11977	Zc3h12a-like Ribonuclease NYN domain	0	0	0	0	0	0	0	0	0	0	0	0	0	0	0	0	0	0	0	0	0	0	0	0	1	0	0	0	0	0	0	0	0	0	0	0	0	0	0	0	0	0
PF03606	C4-dicarboxylate anaerobic carrier	0	0	0	0	0	0	0	0	0	0	0	0	0	0	0	0	0	0	0	0	0	0	0	0	1	0	0	0	1	0	0	0	0	0	0	1	0	0	0	0	0	0
PF11339	Protein of unknown function (DUF3141)	0	0	0	0	0	0	0	0	0	0	0	0	0	0	0	0	0	0	0	0	0	0	0	0	1	0	0	0	0	0	0	0	0	0	0	0	0	0	0	0	0	0
PF09956	Uncharacterized conserved protein (DUF2190)	0	0	0	0	0	0	0	0	0	0	0	0	0	0	0	0	0	0	0	0	0	0	0	0	1	0	0	0	0	0	0	1	0	1	1	0	0	0	0	0	0	0
PF02728	Copper amine oxidase, N3 domain	0	0	0	0	0	0	0	0	0	0	0	0	0	0	0	0	0	0	0	0	0	0	0	0	1	0	0	0	0	0	0	0	0	0	0	0	0	0	0	0	0	0
PF01179	Copper amine oxidase, enzyme domain	0	0	0	0	0	0	0	0	0	0	0	0	0	0	0	0	0	0	0	0	0	0	0	0	1	0	0	0	0	0	0	0	0	0	0	0	0	0	0	0	0	0
PF02727	Copper amine oxidase, N2 domain	0	0	0	0	0	0	0	0	0	0	0	0	0	0	0	0	0	0	0	0	0	0	0	0	1	0	0	0	0	0	0	0	0	0	0	0	0	0	0	0	0	0
PF02656	Domain of unknown function (DUF202)	0	0	0	0	0	0	0	0	0	0	0	0	0	0	0	0	0	0	0	0	0	0	0	0	1	1	0	0	1	0	0	0	0	0	0	1	0	0	0	0	0	1
PF06411	HdeA/HdeB family	0	0	0	0	0	0	0	0	0	0	0	0	0	0	0	0	0	0	0	0	0	0	0	0	1	0	0	0	0	0	0	0	0	0	0	0	0	0	0	0	0	0
PF06821	Serine hydrolase	0	0	0	0	0	0	0	0	0	0	0	0	0	0	0	0	0	0	0	0	0	0	0	0	0	1	0	0	0	0	0	0	0	0	0	0	0	0	0	0	0	1
PF16896	Phosphogluconate dehydrogenase (decarboxylating) C-term	0	0	0	0	0	0	0	0	0	0	0	0	0	0	0	0	0	0	0	0	0	0	0	0	0	1	0	0	0	0	0	0	0	0	0	0	0	0	0	0	0	1
PF02133	Permease for cytosine/purines, uracil, thiamine, allantoin	0	0	0	0	0	0	0	0	0	0	0	0	0	0	0	0	0	0	0	0	0	0	0	0	0	1	0	0	0	0	1	0	0	0	0	0	0	0	1	0	0	1
PF00201	UDP-glucoronosyl and UDP-glucosyl transferase	0	0	0	0	0	0	0	0	0	0	0	0	0	0	0	0	0	0	0	0	0	0	0	0	0	1	0	0	0	0	0	0	0	0	0	0	0	0	0	0	0	0
PF19468	Family of unknown function (DUF6005)	0	0	0	0	0	0	0	0	0	0	0	0	0	0	0	0	0	0	0	0	0	0	0	0	0	1	0	0	0	0	0	0	0	0	0	0	0	0	0	0	0	1
PF17866	AAA lid domain	0	0	0	0	0	0	0	0	0	0	0	0	0	0	0	0	0	0	0	0	0	0	0	0	0	1	0	0	0	0	0	0	0	0	0	0	0	0	0	0	0	1
PF09954	Uncharacterized protein conserved in bacteria (DUF2188)	0	0	0	0	0	0	0	0	0	0	0	0	0	0	0	0	0	0	0	0	0	0	0	0	0	1	0	0	0	0	0	0	0	0	0	0	0	0	0	0	0	1
PF07102	Putative nuclease YbcO	0	0	0	0	0	0	0	0	0	0	0	0	0	0	0	0	0	0	0	0	0	0	0	0	0	1	0	0	0	1	0	0	0	0	0	0	1	0	0	0	0	0
PF04332	Protein of unknown function (DUF475)	0	0	0	0	0	0	0	0	0	0	0	0	0	0	0	0	0	0	0	0	0	0	0	0	0	1	0	0	0	0	0	0	0	0	0	0	0	0	0	0	0	1
PF10054	Predicted periplasmic lipoprotein (DUF2291)	0	0	0	0	0	0	0	0	0	0	0	0	0	0	0	0	0	0	0	0	0	0	0	0	0	1	0	0	0	0	0	0	0	0	0	0	0	0	0	0	0	1
PF09990	Predicted membrane protein (DUF2231)	0	0	0	0	0	0	0	0	0	0	0	0	0	0	0	0	0	0	0	0	0	0	0	0	0	2	1	0	0	0	0	0	0	0	0	0	0	0	0	0	0	2
PF02652	L-lactate permease	0	0	0	0	0	0	0	0	0	0	0	0	0	0	0	0	0	0	0	0	0	0	0	0	0	1	0	0	0	1	1	0	0	0	0	0	1	0	1	0	0	1
PF02669	K+-transporting ATPase, c chain	0	0	0	0	0	0	0	0	0	0	0	0	0	0	0	0	0	0	0	0	0	0	0	0	0	1	0	0	0	0	0	0	0	0	0	0	0	0	0	0	0	0
PF02702	Osmosensitive K+ channel His kinase sensor domain	0	0	0	0	0	0	0	0	0	0	0	0	0	0	0	0	0	0	0	0	0	0	0	0	0	1	0	0	0	0	0	0	0	0	0	0	0	0	0	0	0	0
PF13493	Domain of unknown function (DUF4118)	0	0	0	0	0	0	0	0	0	0	0	0	0	0	0	0	0	0	0	0	0	0	0	0	0	2	0	0	0	0	0	0	0	0	0	0	0	0	0	0	0	0
PF02705	K+ potassium transporter	0	0	0	0	0	0	0	0	0	0	0	0	0	0	0	0	0	0	0	0	0	0	0	0	0	1	0	0	0	0	0	0	0	0	0	0	0	0	0	0	0	1
PF17723	Ribbon-Helix-Helix transcriptional regulator family	0	0	0	0	0	0	0	0	0	0	0	0	0	0	0	0	0	0	0	0	0	0	0	0	0	1	0	0	0	0	0	0	0	0	0	0	0	0	0	0	0	0
PF03814	Potassium-transporting ATPase A subunit	0	0	0	0	0	0	0	0	0	0	0	0	0	0	0	0	0	0	0	0	0	0	0	0	0	1	0	0	0	0	0	0	0	0	0	0	0	0	0	0	0	0
PF02245	Methylpurine-DNA glycosylase (MPG)	0	0	0	0	0	0	0	0	0	0	0	0	0	0	0	0	0	0	0	0	0	0	0	0	0	1	0	0	0	0	0	0	0	0	0	0	0	0	0	0	0	1
PF12102	MrcB-like, N-terminal domain	0	0	0	0	0	0	0	0	0	0	0	0	0	0	0	0	0	0	0	0	0	0	0	0	0	1	0	0	0	0	0	0	0	0	0	0	0	0	0	0	0	1
PF02126	Phosphotriesterase family	0	0	0	0	0	0	0	0	0	0	0	0	0	0	0	0	0	0	0	0	0	0	0	0	0	1	0	0	0	0	0	0	0	0	0	0	0	0	0	0	0	0
PF00016	Ribulose bisphosphate carboxylase large chain, catalytic domain	0	0	0	0	0	0	0	0	0	0	0	0	0	0	0	0	0	0	0	0	0	0	0	0	0	2	0	0	0	0	0	0	0	0	0	0	0	0	0	0	0	2
PF04216	Protein involved in formate dehydrogenase formation	0	0	0	0	0	0	0	0	0	0	0	0	0	0	0	0	0	0	0	0	0	0	0	0	0	1	0	0	0	0	0	0	0	0	0	0	0	0	0	0	0	1
PF02797	Chalcone and stilbene synthases, C-terminal domain	0	0	0	0	0	0	0	0	0	0	0	0	0	0	0	0	0	0	0	0	0	0	0	0	0	1	1	0	0	0	0	0	0	0	0	0	0	0	0	1	0	1
PF00195	Chalcone and stilbene synthases, N-terminal domain	0	0	0	0	0	0	0	0	0	0	0	0	0	0	0	0	0	0	0	0	0	0	0	0	0	1	1	0	0	0	0	0	0	0	0	0	0	0	0	1	0	1
PF02788	Ribulose bisphosphate carboxylase large chain, N-terminal domain	0	0	0	0	0	0	0	0	0	0	0	0	0	0	0	0	0	0	0	0	0	0	0	0	0	1	0	0	0	0	0	0	0	0	0	0	0	0	0	0	0	1
PF20155	Tape measure protein	0	0	0	0	0	0	0	0	0	0	0	0	0	0	0	0	0	0	0	0	0	0	0	0	0	1	0	1	0	0	0	1	0	0	0	0	0	1	0	0	0	1
PF10026	Predicted Zn-dependent protease (DUF2268)	0	0	0	0	0	0	0	0	0	0	0	0	0	0	0	0	0	0	0	0	0	0	0	0	0	1	0	0	0	0	0	0	0	0	0	0	0	0	0	0	0	1
PF11338	Protein of unknown function (DUF3140)	0	0	0	0	0	0	0	0	0	0	0	0	0	0	0	0	0	0	0	0	0	0	0	0	0	1	1	0	0	0	0	0	0	0	0	0	0	0	0	1	0	1
PF08042	PqqA family	0	0	0	0	0	0	0	0	0	0	0	0	0	0	0	0	0	0	0	0	0	0	0	0	0	1	0	0	0	0	0	0	0	0	0	0	0	0	0	0	0	1
PF21702	GLGE, C-terminal	0	0	0	0	0	0	0	0	0	0	0	0	0	0	0	0	0	0	0	0	0	0	0	0	0	1	0	0	0	0	0	0	0	0	0	0	0	0	0	0	0	1
PF11896	Alpha-1,4-glucan:maltose-1-phosphate maltosyltransferase, domain N/S	0	0	0	0	0	0	0	0	0	0	0	0	0	0	0	0	0	0	0	0	0	0	0	0	0	1	0	0	0	0	0	0	0	0	0	0	0	0	0	0	0	1
PF11272	Protein of unknown function (DUF3072)	0	0	0	0	0	0	0	0	0	0	0	0	0	0	0	0	0	0	0	0	0	0	0	0	0	1	0	0	0	0	0	0	0	0	0	0	0	0	0	0	0	0
PF09106	Elongation factor SelB, winged helix	0	0	0	0	0	0	0	0	0	0	0	0	0	0	0	0	0	0	0	0	0	0	0	0	0	1	0	0	0	0	0	0	0	0	0	0	0	0	0	0	0	1
PF21214	Selenocysteine-specific elongation factor, bacteria, winged helix	0	0	0	0	0	0	0	0	0	0	0	0	0	0	0	0	0	0	0	0	0	0	0	0	0	1	0	0	0	0	0	0	0	0	0	0	0	0	0	0	0	1
PF07090	Putative glutamine amidotransferase	0	0	0	0	0	0	0	0	0	0	0	0	0	0	0	0	0	0	0	0	0	0	0	0	0	1	0	0	0	0	0	0	0	0	0	0	0	0	0	0	0	1
PF18565	Glycoside hydrolase family 2 C-terminal domain 5	0	0	0	0	0	0	0	0	0	0	0	0	0	0	0	0	0	0	0	0	0	0	0	0	0	1	0	0	0	0	0	0	0	0	0	0	0	0	0	0	0	1
PF05067	Manganese containing catalase	0	0	0	0	0	0	0	0	0	0	0	0	0	0	0	0	0	0	0	0	0	0	0	0	0	1	0	0	0	0	0	0	0	0	0	0	0	0	0	0	0	1
PF13751	Transposase DDE domain	0	0	0	0	0	0	0	0	0	0	0	0	0	0	0	0	0	0	0	0	0	0	0	0	0	3	0	0	0	0	0	0	0	0	0	0	0	0	0	0	0	2
PF11329	Protein of unknown function (DUF3131)	0	0	0	0	0	0	0	0	0	0	0	0	0	0	0	0	0	0	0	0	0	0	0	0	0	2	0	0	0	0	0	0	0	0	0	0	0	0	0	0	0	2
PF09223	ZinT (YodA) periplasmic lipocalin-like zinc-recruitment	0	0	0	0	0	0	0	0	0	0	0	0	0	0	0	0	0	0	0	0	0	0	0	0	0	1	0	0	0	0	0	0	0	0	0	0	0	0	0	0	0	1
PF18085	Maltokinase N-terminal cap domain	0	0	0	0	0	0	0	0	0	0	0	0	0	0	0	0	0	0	0	0	0	0	0	0	0	1	0	0	0	0	0	0	0	0	0	0	0	0	0	0	0	0
PF09163	Formate dehydrogenase N, transmembrane	0	0	0	0	0	0	0	0	0	0	0	0	0	0	0	0	0	0	0	0	0	0	0	0	0	1	0	0	0	0	0	0	0	0	0	0	0	0	0	0	0	0
PF04140	Isoprenylcysteine carboxyl methyltransferase (ICMT) family	0	0	0	0	0	0	0	0	0	0	0	0	0	0	0	0	0	0	0	0	0	0	0	0	0	1	0	0	0	1	0	0	0	0	0	0	1	0	0	0	0	1
PF11684	Protein of unknown function (DUF2380)	0	0	0	0	0	0	0	0	0	0	0	0	0	0	0	0	0	0	0	0	0	0	0	0	0	1	0	0	0	0	0	0	0	0	0	0	0	0	0	0	0	1
PF04404	ERF superfamily	0	0	0	0	0	0	0	0	0	0	0	0	0	0	0	0	0	0	0	0	0	0	0	0	0	1	0	0	0	0	0	0	0	0	0	0	0	0	0	0	0	0
PF03818	Malonate/sodium symporter MadM subunit	0	0	0	0	0	0	0	0	0	0	0	0	0	0	0	0	0	0	0	0	0	0	0	0	0	1	0	0	0	0	0	0	0	0	0	0	0	0	0	0	0	1
PF06833	Malonate decarboxylase gamma subunit (MdcE)	0	0	0	0	0	0	0	0	0	0	0	0	0	0	0	0	0	0	0	0	0	0	0	0	0	1	0	0	0	0	0	0	0	0	0	0	0	0	0	0	0	1
PF20242	Emfourin	0	0	0	0	0	0	0	0	0	0	0	0	0	0	0	0	0	0	0	0	0	0	0	0	0	1	0	0	0	0	0	0	0	0	0	0	0	0	0	0	0	1
PF10755	Protein of unknown function (DUF2585)	0	0	0	0	0	0	0	0	0	0	0	0	0	0	0	0	0	0	0	0	0	0	0	0	0	1	0	0	0	0	0	0	0	0	0	0	0	0	0	0	0	0
PF07460	NUMOD3 motif	0	0	0	0	0	0	0	0	0	0	0	0	0	0	0	0	0	0	0	0	0	0	0	0	0	1	0	0	0	0	0	0	0	0	0	0	0	0	0	0	0	1
PF09849	Uncharacterized protein conserved in bacteria (DUF2076)	0	0	0	0	0	0	0	0	0	0	0	0	0	0	0	0	0	0	0	0	0	0	0	0	0	1	0	0	0	0	0	0	0	0	0	0	0	0	0	0	0	1
PF05610	Protein of unknown function (DUF779)	0	0	0	0	0	0	0	0	0	0	0	0	0	0	0	0	0	0	0	0	0	0	0	0	0	1	0	0	1	0	0	0	0	0	0	1	0	0	0	0	0	1
PF00777	Glycosyltransferase family 29 (sialyltransferase)	0	0	0	0	0	0	0	0	0	0	0	0	0	0	0	0	0	0	0	0	0	0	0	0	0	1	0	0	0	0	0	0	0	0	0	0	0	0	0	0	0	1
PF03817	Malonate transporter MadL subunit	0	0	0	0	0	0	0	0	0	0	0	0	0	0	0	0	0	0	0	0	0	0	0	0	0	1	0	0	0	0	0	0	0	0	0	0	0	0	0	0	0	1
PF06745	KaiC	0	0	0	0	0	0	0	0	0	0	0	0	0	0	0	0	0	0	0	0	0	0	0	0	0	1	0	0	0	0	0	0	0	0	0	0	0	0	0	0	0	1
PF09863	Uncharacterized protein conserved in bacteria (DUF2090)	0	0	0	0	0	0	0	0	0	0	0	0	0	0	0	0	0	0	0	0	0	0	0	0	0	1	0	0	0	0	0	0	0	0	0	0	0	0	0	0	0	0
PF17837	4'-phosphopantetheinyl transferase N-terminal domain	0	0	0	0	0	0	0	0	0	0	0	0	0	0	0	0	0	0	0	0	0	0	0	0	0	1	0	0	0	0	0	1	0	0	0	0	0	0	0	0	0	0
PF11154	Protein of unknown function (DUF2934)	0	0	0	0	0	0	0	0	0	0	0	0	0	0	0	0	0	0	0	0	0	0	0	0	0	1	0	1	0	0	0	0	0	0	0	0	0	1	0	0	0	0
PF05658	YadA head domain repeat (2 copies)	0	0	0	0	0	0	0	0	0	0	0	0	0	0	0	0	0	0	0	0	0	0	0	0	0	1	0	0	0	0	0	0	0	0	0	0	0	0	0	0	0	1
PF03895	YadA-like membrane anchor domain	0	0	0	0	0	0	0	0	0	0	0	0	0	0	0	0	0	0	0	0	0	0	0	0	0	1	0	0	0	0	0	0	0	0	0	0	0	0	0	0	0	1
PF00101	Ribulose bisphosphate carboxylase, small chain	0	0	0	0	0	0	0	0	0	0	0	0	0	0	0	0	0	0	0	0	0	0	0	0	0	1	0	0	0	0	0	0	0	0	0	0	0	0	0	0	0	1
PF12969	Domain of Unknown Function with PDB structure (DUF3857)	0	0	0	0	0	0	0	0	0	0	0	0	0	0	0	0	0	0	0	0	0	0	0	0	0	0	3	0	3	1	0	0	0	0	0	3	1	0	0	3	0	0
PF00302	Chloramphenicol acetyltransferase	0	0	0	0	0	0	0	0	0	0	0	0	0	0	0	0	0	0	0	0	0	0	0	0	0	0	1	0	1	0	0	0	0	0	0	1	0	0	0	1	0	0
PF00852	Glycosyltransferase family 10 (fucosyltransferase) C-term	0	0	0	0	0	0	0	0	0	0	0	0	0	0	0	0	0	0	0	0	0	0	0	0	0	0	1	0	1	0	0	0	0	0	0	1	0	0	0	1	0	0
PF20113	Family of unknown function (DUF6503)	0	0	0	0	0	0	0	0	0	0	0	0	0	0	0	0	0	0	0	0	0	0	0	0	0	0	4	0	3	0	0	0	0	0	0	3	0	0	0	4	0	0
PF14720	NiFe/NiFeSe hydrogenase small subunit C-terminal	0	0	0	0	0	0	0	0	0	0	0	0	0	0	0	0	0	0	0	0	0	0	0	0	0	0	1	0	0	1	0	0	0	0	0	0	1	0	0	1	0	0
PF19089	Membrane bound beta barrel domain (DUF5777)	0	0	0	0	0	0	0	0	0	0	0	0	0	0	0	0	0	0	0	0	0	0	0	0	0	0	2	0	0	0	0	0	0	0	0	0	0	0	0	2	0	0
PF11396	Putative beta-lactamase-inhibitor-like, PepSY-like	0	0	0	0	0	0	0	0	0	0	0	0	0	0	0	0	0	0	0	0	0	0	0	0	0	0	1	0	1	0	0	0	0	0	0	1	0	0	0	1	0	0
PF06056	Putative ATPase subunit of terminase (gpP-like)	0	0	0	0	0	0	0	0	0	0	0	0	0	0	0	0	0	0	0	0	0	0	0	0	0	0	1	0	1	0	0	0	0	0	0	1	0	0	0	1	0	0
PF19266	Contractile injection system tube protein	0	0	0	0	0	0	0	0	0	0	0	0	0	0	0	0	0	0	0	0	0	0	0	0	0	0	1	0	0	0	0	0	0	0	0	0	0	0	0	1	0	0
PF03571	Peptidase family M49	0	0	0	0	0	0	0	0	0	0	0	0	0	0	0	0	0	0	0	0	0	0	0	0	0	0	1	0	1	1	1	0	0	0	0	1	1	0	1	1	0	0
PF13924	Lipocalin-like domain	0	0	0	0	0	0	0	0	0	0	0	0	0	0	0	0	0	0	0	0	0	0	0	0	0	0	1	0	0	0	0	0	0	0	0	0	0	0	0	1	0	0
PF20365	Family of unknown function (DUF6660)	0	0	0	0	0	0	0	0	0	0	0	0	0	0	0	0	0	0	0	0	0	0	0	0	0	0	1	0	0	0	0	0	0	0	0	0	0	0	0	0	0	0
PF00704	Glycosyl hydrolases family 18	0	0	0	0	0	0	0	0	0	0	0	0	0	0	0	0	0	0	0	0	0	0	0	0	0	0	2	0	0	0	0	0	0	0	0	0	0	0	0	2	0	0
PF10035	Uncharacterized protein conserved in bacteria (DUF2179)	0	0	0	0	0	0	0	0	0	0	0	0	0	0	0	0	0	0	0	0	0	0	0	0	0	0	1	0	1	0	0	0	0	0	0	1	0	0	0	1	0	0
PF01693	Caulimovirus viroplasmin	0	0	0	0	0	0	0	0	0	0	0	0	0	0	0	0	0	0	0	0	0	0	0	0	0	0	1	0	1	0	0	0	0	0	0	1	0	0	0	1	0	0
PF05707	Zonular occludens toxin (Zot)	0	0	0	0	0	0	0	0	0	0	0	0	0	0	0	0	0	0	0	0	0	0	0	0	0	0	1	1	1	0	0	1	0	0	0	1	0	1	0	1	0	0
PF13573	SprB repeat	0	0	0	0	0	0	0	0	0	0	0	0	0	0	0	0	0	0	0	0	0	0	0	0	0	0	1	0	1	0	0	0	0	0	0	1	0	0	0	1	0	0
PF16344	FecR, C-terminal	0	0	0	0	0	0	0	0	0	0	0	0	0	0	0	0	0	0	0	0	0	0	0	0	0	0	3	0	3	0	1	0	0	0	0	3	0	0	1	2	0	0
PF07698	7TM receptor with intracellular HD hydrolase	0	0	0	0	0	0	0	0	0	0	0	0	0	0	0	0	0	0	0	0	0	0	0	0	0	0	1	0	1	0	0	0	0	0	0	1	0	0	0	1	0	0
PF07697	7TM-HD extracellular	0	0	0	0	0	0	0	0	0	0	0	0	0	0	0	0	0	0	0	0	0	0	0	0	0	0	1	0	1	0	0	0	0	0	0	1	0	0	0	1	0	0
PF07098	Protein of unknown function (DUF1360)	0	0	0	0	0	0	0	0	0	0	0	0	0	0	0	0	0	0	0	0	0	0	0	0	0	0	1	0	0	0	0	0	0	0	0	0	0	0	0	1	0	0
PF08244	Glycosyl hydrolases family 32 C terminal	0	0	0	0	0	0	0	0	0	0	0	0	0	0	0	0	0	0	0	0	0	0	0	0	0	0	1	0	0	0	0	0	0	0	0	0	0	0	0	1	0	0
PF00251	Glycosyl hydrolases family 32 N-terminal domain	0	0	0	0	0	0	0	0	0	0	0	0	0	0	0	0	0	0	0	0	0	0	0	0	0	0	1	0	0	0	0	0	0	0	0	0	0	0	0	1	0	0
PF02591	C4-type zinc ribbon domain	0	0	0	0	0	0	0	0	0	0	0	0	0	0	0	0	0	0	0	0	0	0	0	0	0	0	1	0	1	0	0	0	0	0	0	1	0	0	0	1	0	0
PF14391	Domain of unknown function (DUF4421)	0	0	0	0	0	0	0	0	0	0	0	0	0	0	0	0	0	0	0	0	0	0	0	0	0	0	1	0	1	0	0	0	0	0	0	1	0	0	0	1	0	0
PF13564	DoxX-like family	0	0	0	0	0	0	0	0	0	0	0	0	0	0	0	0	0	0	0	0	0	0	0	0	0	0	3	0	3	0	0	0	0	0	0	3	0	0	0	3	0	0
PF20773	Immune inhibitor A-like, MAM domain	0	0	0	0	0	0	0	0	0	0	0	0	0	0	0	0	0	0	0	0	0	0	0	0	0	0	1	0	2	0	0	0	0	0	0	2	0	0	0	1	0	0
PF14268	YoaP-like	0	0	0	0	0	0	0	0	0	0	0	0	0	0	0	0	0	0	0	0	0	0	0	0	0	0	1	0	0	0	0	0	0	0	0	0	0	0	0	1	0	0
PF19051	Oxidoreductase family, C-terminal alpha/beta domain	0	0	0	0	0	0	0	0	0	0	0	0	0	0	0	0	0	0	0	0	0	0	0	0	0	0	1	0	0	0	0	0	0	0	0	0	0	0	0	1	0	0
PF04505	Interferon-induced transmembrane protein	0	0	0	0	0	0	0	0	0	0	0	0	0	0	0	0	0	0	0	0	0	0	0	0	0	0	1	0	0	0	0	0	0	0	0	0	0	0	0	1	0	0
PF19293	CdaA N-terminal transmembrane domain	0	0	0	0	0	0	0	0	0	0	0	0	0	0	0	0	0	0	0	0	0	0	0	0	0	0	1	0	1	0	0	0	0	0	0	1	0	0	0	1	0	0
PF02457	DisA bacterial checkpoint controller nucleotide-binding	0	0	0	0	0	0	0	0	0	0	0	0	0	0	0	0	0	0	0	0	0	0	0	0	0	0	1	0	1	0	0	0	0	0	0	1	0	0	0	1	0	0
PF03190	Protein of unknown function, DUF255	0	0	0	0	0	0	0	0	0	0	0	0	0	0	0	0	0	0	0	0	0	0	0	0	0	0	1	0	0	1	0	0	0	0	0	0	1	0	0	1	0	0
PF08695	Cytochrome oxidase complex assembly protein 1	0	0	0	0	0	0	0	0	0	0	0	0	0	0	0	0	0	0	0	0	0	0	0	0	0	0	1	0	0	0	0	0	0	0	0	0	0	0	0	1	0	0
PF12741	Susd and RagB outer membrane lipoprotein	0	0	0	0	0	0	0	0	0	0	0	0	0	0	0	0	0	0	0	0	0	0	0	0	0	0	1	0	0	0	0	0	0	0	0	0	0	0	0	1	0	0
PF17162	Domain of unknown function (DUF5118)	0	0	0	0	0	0	0	0	0	0	0	0	0	0	0	0	0	0	0	0	0	0	0	0	0	0	2	0	0	0	0	0	0	0	0	0	0	0	0	2	0	0
PF09280	XPC-binding domain	0	0	0	0	0	0	0	0	0	0	0	0	0	0	0	0	0	0	0	0	0	0	0	0	0	0	1	0	0	0	0	0	0	0	0	0	0	0	0	0	0	0
PF06037	Bacterial protein of unknown function (DUF922)	0	0	0	0	0	0	0	0	0	0	0	0	0	0	0	0	0	0	0	0	0	0	0	0	0	0	1	0	0	0	0	0	0	0	0	0	0	0	0	1	0	0
PF16148	Domain of unknown function (DUF4856)	0	0	0	0	0	0	0	0	0	0	0	0	0	0	0	0	0	0	0	0	0	0	0	0	0	0	1	0	1	0	0	0	0	0	0	1	0	0	0	1	0	0
PF17329	Family of unknown function (DUF5367)	0	0	0	0	0	0	0	0	0	0	0	0	0	0	0	0	0	0	0	0	0	0	0	0	0	0	1	0	0	0	0	0	0	0	0	0	0	0	0	1	0	0
PF19406	PKD-like domain	0	0	0	0	0	0	0	0	0	0	0	0	0	0	0	0	0	0	0	0	0	0	0	0	0	0	2	0	0	0	0	0	0	0	0	0	0	0	0	2	0	0
PF05525	Branched-chain amino acid transport protein	0	0	0	0	0	0	0	0	0	0	0	0	0	0	0	0	0	0	0	0	0	0	0	0	0	0	1	0	1	0	0	0	0	0	0	1	0	0	0	1	0	0
PF13548	Domain of unknown function (DUF4126)	0	0	0	0	0	0	0	0	0	0	0	0	0	0	0	0	0	0	0	0	0	0	0	0	0	0	1	0	0	0	0	0	0	0	0	0	0	0	0	1	0	0
PF13595	Domain of unknown function (DUF4138)	0	0	0	0	0	0	0	0	0	0	0	0	0	0	0	0	0	0	0	0	0	0	0	0	0	0	2	0	1	0	0	0	0	0	0	1	0	0	0	0	0	0
PF12543	Protein of unknown function (DUF3738)	0	0	0	0	0	0	0	0	0	0	0	0	0	0	0	0	0	0	0	0	0	0	0	0	0	0	1	0	0	0	0	0	0	0	0	0	0	0	0	1	0	0
PF00648	Calpain family cysteine protease	0	0	0	0	0	0	0	0	0	0	0	0	0	0	0	0	0	0	0	0	0	0	0	0	0	0	1	0	0	0	0	0	0	0	0	0	0	0	0	1	0	0
PF07411	Domain of unknown function (DUF1508)	0	0	0	0	0	0	0	0	0	0	0	0	0	0	0	0	0	0	0	0	0	0	0	0	0	0	1	0	0	0	0	0	0	0	0	0	0	0	0	1	0	0
PF13597	Anaerobic ribonucleoside-triphosphate reductase	0	0	0	0	0	0	0	0	0	0	0	0	0	0	0	0	0	0	0	0	0	0	0	0	0	0	1	0	0	1	0	0	0	0	0	0	1	0	0	1	0	0
PF06841	T4-like virus tail tube protein gp19	0	0	0	0	0	0	0	0	0	0	0	0	0	0	0	0	0	0	0	0	0	0	0	0	0	0	2	0	0	0	0	0	0	0	0	0	0	0	0	2	0	0
PF21167	Domain of unknown function (DUF6851)	0	0	0	0	0	0	0	0	0	0	0	0	0	0	0	0	0	0	0	0	0	0	0	0	0	0	1	0	0	0	0	0	0	0	0	0	0	0	0	1	0	0
PF03351	DOMON domain	0	0	0	0	0	0	0	0	0	0	0	0	0	0	0	0	0	0	0	0	0	0	0	0	0	0	1	0	0	0	0	0	0	0	0	0	0	0	0	1	0	0
PF10633	NPCBM-associated, NEW3 domain of alpha-galactosidase	0	0	0	0	0	0	0	0	0	0	0	0	0	0	0	0	0	0	0	0	0	0	0	0	0	0	1	0	0	0	0	0	0	0	0	0	0	0	0	1	0	0
PF19265	Family of unknown function (DUF5908)	0	0	0	0	0	0	0	0	0	0	0	0	0	0	0	0	0	0	0	0	0	0	0	0	0	0	1	0	0	0	0	0	0	0	0	0	0	0	0	1	0	0
PF18976	Family of unknown function (DUF5712)	0	0	0	0	0	0	0	0	0	0	0	0	0	0	0	0	0	0	0	0	0	0	0	0	0	0	2	0	1	0	0	0	0	0	0	1	0	0	0	0	0	0
PF18764	Nitrous oxide reductase propeller repeat	0	0	0	0	0	0	0	0	0	0	0	0	0	0	0	0	0	0	0	0	0	0	0	0	0	0	1	0	0	0	0	0	0	0	0	0	0	0	0	1	0	0
PF15461	Beta-carotene 15,15'-dioxygenase	0	0	0	0	0	0	0	0	0	0	0	0	0	0	0	0	0	0	0	0	0	0	0	0	0	0	1	0	0	0	0	0	0	0	0	0	0	0	0	1	0	0
PF12869	tRNA_anti-like	0	0	0	0	0	0	0	0	0	0	0	0	0	0	0	0	0	0	0	0	0	0	0	0	0	0	2	0	0	0	0	0	0	0	0	0	0	0	0	2	0	0
PF12508	Conjugative transposon, TraM	0	0	0	0	0	0	0	0	0	0	0	0	0	0	0	0	0	0	0	0	0	0	0	0	0	0	2	0	1	0	0	0	0	0	0	1	0	0	0	0	0	0
PF07705	CARDB	0	0	0	0	0	0	0	0	0	0	0	0	0	0	0	0	0	0	0	0	0	0	0	0	0	0	1	0	0	0	0	0	0	0	0	0	0	0	0	1	0	0
PF07492	Neutral trehalase Ca2+ binding domain	0	0	0	0	0	0	0	0	0	0	0	0	0	0	0	0	0	0	0	0	0	0	0	0	0	0	1	0	0	0	0	0	0	0	0	0	0	0	0	1	0	0
PF14730	Domain of unknown function (DUF4468) with TBP-like fold	0	0	0	0	0	0	0	0	0	0	0	0	0	0	0	0	0	0	0	0	0	0	0	0	0	0	1	0	0	0	0	0	0	0	0	0	0	0	0	1	0	0
PF12740	Cutinase	0	0	0	0	0	0	0	0	0	0	0	0	0	0	0	0	0	0	0	0	0	0	0	0	0	0	1	0	0	0	0	0	0	0	0	0	0	0	0	1	0	0
PF03219	TLC ATP/ADP transporter	0	0	0	0	0	0	0	0	0	0	0	0	0	0	0	0	0	0	0	0	0	0	0	0	0	0	1	0	1	0	0	0	0	0	0	1	0	0	0	1	0	0
PF10504	Protein of unknown function (DUF2452)	0	0	0	0	0	0	0	0	0	0	0	0	0	0	0	0	0	0	0	0	0	0	0	0	0	0	1	0	1	0	0	0	0	0	0	1	0	0	0	1	0	0
PF14123	Domain of unknown function (DUF4290)	0	0	0	0	0	0	0	0	0	0	0	0	0	0	0	0	0	0	0	0	0	0	0	0	0	0	1	0	1	0	0	0	0	0	0	1	0	0	0	1	0	0
PF00374	Nickel-dependent hydrogenase	0	0	0	0	0	0	0	0	0	0	0	0	0	0	0	0	0	0	0	0	0	0	0	0	0	0	1	0	0	1	0	0	0	0	0	0	1	0	0	1	0	0
PF16661	Metallo-beta-lactamase superfamily domain	0	0	0	0	0	0	0	0	0	0	0	0	0	0	0	0	0	0	0	0	0	0	0	0	0	0	1	0	0	0	0	0	0	0	0	0	0	0	0	1	0	0
PF00560	Leucine Rich Repeat	0	0	0	0	0	0	0	0	0	0	0	0	0	0	0	0	0	0	0	0	0	0	0	0	0	0	1	0	1	0	0	0	0	0	0	1	0	0	0	1	0	0
PF17137	Domain of unknown function (DUF5110)	0	0	0	0	0	0	0	0	0	0	0	0	0	0	0	0	0	0	0	0	0	0	0	0	0	0	1	0	2	1	1	0	0	0	0	2	1	0	1	1	0	0
PF09949	Phosphatidate phosphatase APP1, catalytic domain	0	0	0	0	0	0	0	0	0	0	0	0	0	0	0	0	0	0	0	0	0	0	0	0	0	0	1	0	1	1	0	0	0	0	0	1	1	0	0	1	0	0
PF07675	Cleaved Adhesin Domain	0	0	0	0	0	0	0	0	0	0	0	0	0	0	0	0	0	0	0	0	0	0	0	0	0	0	1	0	2	0	0	0	0	0	0	2	0	0	0	1	0	0
PF01823	MAC/Perforin domain	0	0	0	0	0	0	0	0	0	0	0	0	0	0	0	0	0	0	0	0	0	0	0	0	0	0	1	0	0	0	0	0	0	0	0	0	0	0	0	1	0	0
PF14065	Pvc16 N-terminal domain	0	0	0	0	0	0	0	0	0	0	0	0	0	0	0	0	0	0	0	0	0	0	0	0	0	0	1	0	0	0	0	0	0	0	0	0	0	0	0	1	0	0
PF21252	Glycosyl hydrolase 109, C-terminal domain	0	0	0	0	0	0	0	0	0	0	0	0	0	0	0	0	0	0	0	0	0	0	0	0	0	0	1	0	0	0	0	0	0	0	0	0	0	0	0	1	0	0
PF14296	O-antigen polysaccharide polymerase Wzy	0	0	0	0	0	0	0	0	0	0	0	0	0	0	0	0	0	0	0	0	0	0	0	0	0	0	1	0	0	0	0	0	0	0	0	0	0	0	0	0	0	0
PF08874	Domain of unknown function (DUF1835)	0	0	0	0	0	0	0	0	0	0	0	0	0	0	0	0	0	0	0	0	0	0	0	0	0	0	1	0	1	0	0	0	0	0	0	1	0	0	0	1	0	0
PF09855	Nucleic-acid-binding protein containing Zn-ribbon domain (DUF2082)	0	0	0	0	0	0	0	0	0	0	0	0	0	0	0	0	0	0	0	0	0	0	0	0	0	0	1	0	0	0	0	0	0	0	0	0	0	0	0	1	0	0
PF04978	Protein of unknown function (DUF664)	0	0	0	0	0	0	0	0	0	0	0	0	0	0	0	0	0	0	0	0	0	0	0	0	0	0	1	0	0	0	0	0	0	0	0	0	0	0	0	1	0	0
PF05935	Arylsulfotransferase (ASST)	0	0	0	0	0	0	0	0	0	0	0	0	0	0	0	0	0	0	0	0	0	0	0	0	0	0	1	0	0	0	0	0	0	0	0	0	0	0	0	1	0	0
PF12730	ABC-2 family transporter protein	0	0	0	0	0	0	0	0	0	0	0	0	0	0	0	0	0	0	0	0	0	0	0	0	0	0	1	0	0	0	0	0	0	0	0	0	0	0	0	1	0	0
PF18686	Family of unknown function (DUF5636)	0	0	0	0	0	0	0	0	0	0	0	0	0	0	0	0	0	0	0	0	0	0	0	0	0	0	1	0	0	0	0	0	0	0	0	0	0	0	0	1	0	0
PF12991	Domain of unknown function, B. Theta Gene description (DUF3875)	0	0	0	0	0	0	0	0	0	0	0	0	0	0	0	0	0	0	0	0	0	0	0	0	0	0	2	0	1	0	0	0	0	0	0	1	0	0	0	0	0	0
PF21347	DUF3108-like	0	0	0	0	0	0	0	0	0	0	0	0	0	0	0	0	0	0	0	0	0	0	0	0	0	0	1	0	0	0	0	0	0	0	0	0	0	0	0	1	0	0
PF01427	D-ala-D-ala dipeptidase	0	0	0	0	0	0	0	0	0	0	0	0	0	0	0	0	0	0	0	0	0	0	0	0	0	0	1	0	1	0	0	0	0	0	0	1	0	0	0	1	0	0
PF16582	Middle domain of thiamine pyrophosphate	0	0	0	0	0	0	0	0	0	0	0	0	0	0	0	0	0	0	0	0	0	0	0	0	0	0	1	0	1	0	0	0	0	0	0	1	0	0	0	1	0	0
PF18990	Family of unknown function (DUF5723)	0	0	0	0	0	0	0	0	0	0	0	0	0	0	0	0	0	0	0	0	0	0	0	0	0	0	1	0	0	0	0	0	0	0	0	0	0	0	0	1	0	0
PF20217	Family of unknown function (DUF6577)	0	0	0	0	0	0	0	0	0	0	0	0	0	0	0	0	0	0	0	0	0	0	0	0	0	0	1	0	0	0	0	0	0	0	0	0	0	0	0	0	0	0
PF02582	RMND1/Sif2-Sif3/Mrx10, DUF155	0	0	0	0	0	0	0	0	0	0	0	0	0	0	0	0	0	0	0	0	0	0	0	0	0	0	1	0	0	1	0	0	0	0	0	0	1	0	0	1	0	0
PF02550	Acetyl-CoA hydrolase/transferase N-terminal domain	0	0	0	0	0	0	0	0	0	0	0	0	0	0	0	0	0	0	0	0	0	0	0	0	0	0	1	0	1	1	1	0	0	0	0	1	1	0	1	1	0	0
PF17931	Tetracyclin repressor-like, C-terminal domain	0	0	0	0	0	0	0	0	0	0	0	0	0	0	0	0	0	0	0	0	0	0	0	0	0	0	1	0	1	0	0	0	0	0	0	1	0	0	0	1	0	0
PF04405	Domain of Unknown function (DUF542)	0	0	0	0	0	0	0	0	0	0	0	0	0	0	0	0	0	0	0	0	0	0	0	0	0	0	1	0	0	1	0	0	0	0	0	0	1	0	0	1	0	0
PF16561	Glycogen recognition site of AMP-activated protein kinase	0	0	0	0	0	0	0	0	0	0	0	0	0	0	0	0	0	0	0	0	0	0	0	0	0	0	1	0	1	0	0	0	0	0	0	1	0	0	0	1	0	0
PF03155	ALG6, ALG8 glycosyltransferase family	0	0	0	0	0	0	0	0	0	0	0	0	0	0	0	0	0	0	0	0	0	0	0	0	0	0	1	0	0	0	0	0	0	0	0	0	0	0	0	1	0	0
PF03892	Nitrate reductase cytochrome c-type subunit (NapB)	0	0	0	0	0	0	0	0	0	0	0	0	0	0	0	0	0	0	0	0	0	0	0	0	0	0	1	0	0	0	0	0	0	0	0	0	0	0	0	1	0	0
PF06283	Trehalose utilisation	0	0	0	0	0	0	0	0	0	0	0	0	0	0	0	0	0	0	0	0	0	0	0	0	0	0	1	0	0	0	0	0	0	0	0	0	0	0	0	1	0	0
PF13857	Ankyrin repeats (many copies)	0	0	0	0	0	0	0	0	0	0	0	0	0	0	0	0	0	0	0	0	0	0	0	0	0	0	1	0	0	0	0	0	0	0	0	0	0	0	0	1	0	0
PF20405	Family of unknown function (DUF6695)	0	0	0	0	0	0	0	0	0	0	0	0	0	0	0	0	0	0	0	0	0	0	0	0	0	0	1	0	0	0	0	0	0	0	0	0	0	0	0	1	0	0
PF01839	FG-GAP repeat	0	0	0	0	0	0	0	0	0	0	0	0	0	0	0	0	0	0	0	0	0	0	0	0	0	0	1	0	1	0	0	0	0	0	0	1	0	0	0	1	0	0
PF07666	M penetrans paralogue family 26	0	0	0	0	0	0	0	0	0	0	0	0	0	0	0	0	0	0	0	0	0	0	0	0	0	0	1	0	0	0	0	0	0	0	0	0	0	0	0	1	0	0
PF12899	Alkaline and neutral invertase	0	0	0	0	0	0	0	0	0	0	0	0	0	0	0	0	0	0	0	0	0	0	0	0	0	0	1	0	0	0	0	0	0	0	0	0	0	0	0	1	0	0
PF07635	Planctomycete cytochrome C	0	0	0	0	0	0	0	0	0	0	0	0	0	0	0	0	0	0	0	0	0	0	0	0	0	0	1	0	0	0	0	0	0	0	0	0	0	0	0	1	0	0
PF13871	C-terminal domain on Strawberry notch homologue	0	0	0	0	0	0	0	0	0	0	0	0	0	0	0	0	0	0	0	0	0	0	0	0	0	0	1	0	1	0	0	0	0	0	0	1	0	0	0	1	0	0
PF13872	P-loop containing NTP hydrolase pore-1	0	0	0	0	0	0	0	0	0	0	0	0	0	0	0	0	0	0	0	0	0	0	0	0	0	0	1	0	1	0	0	0	0	0	0	1	0	0	0	1	0	0
PF03636	Glycosyl hydrolase family 65, N-terminal domain	0	0	0	0	0	0	0	0	0	0	0	0	0	0	0	0	0	0	0	0	0	0	0	0	0	0	2	0	1	0	0	0	0	0	0	1	0	0	0	2	0	0
PF03632	Glycosyl hydrolase family 65 central catalytic domain	0	0	0	0	0	0	0	0	0	0	0	0	0	0	0	0	0	0	0	0	0	0	0	0	0	0	2	0	1	0	0	0	0	0	0	1	0	0	0	2	0	0
PF03306	Alpha-acetolactate decarboxylase	0	0	0	0	0	0	0	0	0	0	0	0	0	0	0	0	0	0	0	0	0	0	0	0	0	0	1	0	0	0	0	0	0	0	0	0	0	0	0	1	0	0
PF19573	Domain of unknown function (DUF6089)	0	0	0	0	0	0	0	0	0	0	0	0	0	0	0	0	0	0	0	0	0	0	0	0	0	0	1	0	1	0	0	0	0	0	0	1	0	0	0	1	0	0
PF00801	PKD domain	0	0	0	0	0	0	0	0	0	0	0	0	0	0	0	0	0	0	0	0	0	0	0	0	0	0	1	0	0	0	0	0	0	0	0	0	0	0	0	1	0	0
PF14322	Starch-binding associating with outer membrane	0	0	0	0	0	0	0	0	0	0	0	0	0	0	0	0	0	0	0	0	0	0	0	0	0	0	1	0	3	0	0	0	0	0	0	3	0	0	0	1	0	0
PF07980	SusD family	0	0	0	0	0	0	0	0	0	0	0	0	0	0	0	0	0	0	0	0	0	0	0	0	0	0	1	0	4	0	0	0	0	0	0	4	0	0	0	1	0	0
PF18919	Family of unknown function (DUF5670)	0	0	0	0	0	0	0	0	0	0	0	0	0	0	0	0	0	0	0	0	0	0	0	0	0	0	1	0	1	0	0	0	0	0	0	1	0	0	0	1	0	0
PF18160	SMODS and SLOG-associating 2TM effector domain family 5	0	0	0	0	0	0	0	0	0	0	0	0	0	0	0	0	0	0	0	0	0	0	0	0	0	0	1	0	0	1	0	0	0	0	0	0	1	0	0	1	0	0
PF05048	Periplasmic copper-binding protein (NosD)	0	0	0	0	0	0	0	0	0	0	0	0	0	0	0	0	0	0	0	0	0	0	0	0	0	0	1	0	0	0	0	0	0	0	0	0	0	0	0	1	0	0
PF01083	Cutinase	0	0	0	0	0	0	0	0	0	0	0	0	0	0	0	0	0	0	0	0	0	0	0	0	0	0	1	0	0	0	0	0	0	0	0	0	0	0	0	1	0	0
PF20308	Tetratricopeptide Repeats-Sensor	0	0	0	0	0	0	0	0	0	0	0	0	0	0	0	0	0	0	0	0	0	0	0	0	0	0	1	0	0	0	0	0	0	0	0	0	0	0	0	1	0	0
PF18604	Pre ATP-grasp domain	0	0	0	0	0	0	0	0	0	0	0	0	0	0	0	0	0	0	0	0	0	0	0	0	0	0	1	0	0	0	0	0	0	0	0	0	0	0	0	1	0	0
PF07874	Prophage protein (DUF1660)	0	0	0	0	0	0	0	0	0	0	0	0	0	0	0	0	0	0	0	0	0	0	0	0	0	0	1	0	0	0	0	0	0	0	0	0	0	0	0	1	0	0
PF03633	Glycosyl hydrolase family 65, C-terminal domain	0	0	0	0	0	0	0	0	0	0	0	0	0	0	0	0	0	0	0	0	0	0	0	0	0	0	1	0	1	0	0	0	0	0	0	1	0	0	0	1	0	0
PF19652	Family of unknown function (DUF6155)	0	0	0	0	0	0	0	0	0	0	0	0	0	0	0	0	0	0	0	0	0	0	0	0	0	0	1	0	0	0	0	0	0	0	0	0	0	0	0	1	0	0
PF10990	Protein of unknown function (DUF2809)	0	0	0	0	0	0	0	0	0	0	0	0	0	0	0	0	0	0	0	0	0	0	0	0	0	0	1	0	1	0	0	0	0	0	0	1	0	0	0	1	0	0
PF19898	Domain of unknown function (DUF6371)	0	0	0	0	0	0	0	0	0	0	0	0	0	0	0	0	0	0	0	0	0	0	0	0	0	0	1	0	0	0	0	0	0	0	0	0	0	0	0	1	0	0
PF19268	Contractile injection system tape measure protein	0	0	0	0	0	0	0	0	0	0	0	0	0	0	0	0	0	0	0	0	0	0	0	0	0	0	1	0	0	0	0	0	0	0	0	0	0	0	0	1	0	0
PF05573	NosL	0	0	0	0	0	0	0	0	0	0	0	0	0	0	0	0	0	0	0	0	0	0	0	0	0	0	1	0	0	0	0	0	0	0	0	0	0	0	0	1	0	0
PF12770	CHAT domain	0	0	0	0	0	0	0	0	0	0	0	0	0	0	0	0	0	0	0	0	0	0	0	0	0	0	1	0	2	0	0	0	0	0	0	2	0	0	0	1	0	0
PF20181	Family of unknown function (DUF6544)	0	0	0	0	0	0	0	0	0	0	0	0	0	0	0	0	0	0	0	0	0	0	0	0	0	0	1	0	0	0	0	0	0	0	0	0	0	0	0	1	0	0
PF18197	Hypothetical protein TTHB210	0	0	0	0	0	0	0	0	0	0	0	0	0	0	0	0	0	0	0	0	0	0	0	0	0	0	1	0	0	0	0	0	0	0	0	0	0	0	0	1	0	0
PF16819	Domain of unknown function (DUF5074)	0	0	0	0	0	0	0	0	0	0	0	0	0	0	0	0	0	0	0	0	0	0	0	0	0	0	1	0	0	0	0	0	0	0	0	0	0	0	0	1	0	0
PF05420	Cellulose synthase operon protein C C-terminus (BCSC_C)	0	0	0	0	0	0	0	0	0	0	0	0	0	0	0	0	0	0	0	0	0	0	0	0	0	0	1	0	0	0	0	0	0	0	0	0	0	0	0	1	0	0
PF18324	Bacterial isocitrate dehydrogenase, C-terminal domain	0	0	0	0	0	0	0	0	0	0	0	0	0	0	0	0	0	0	0	0	0	0	0	0	0	0	1	0	0	0	0	0	0	0	0	0	0	0	0	1	0	0
PF18096	THUMP domain-like	0	0	0	0	0	0	0	0	0	0	0	0	0	0	0	0	0	0	0	0	0	0	0	0	0	0	1	0	1	0	0	0	0	0	0	1	0	0	0	1	0	0
PF12732	YtxH-like protein	0	0	0	0	0	0	0	0	0	0	0	0	0	0	0	0	0	0	0	0	0	0	0	0	0	0	1	0	1	0	0	0	0	0	0	1	0	0	0	1	0	0
PF12388	Dual-action HEIGH metallo-peptidase	0	0	0	0	0	0	0	0	0	0	0	0	0	0	0	0	0	0	0	0	0	0	0	0	0	0	1	0	1	0	0	0	0	0	0	1	0	0	0	1	0	0
PF18940	Family of unknown function (DUF5687)	0	0	0	0	0	0	0	0	0	0	0	0	0	0	0	0	0	0	0	0	0	0	0	0	0	0	1	0	1	0	0	0	0	0	0	1	0	0	0	1	0	0
PF16444	Domain of unknown function (DUF5041)	0	0	0	0	0	0	0	0	0	0	0	0	0	0	0	0	0	0	0	0	0	0	0	0	0	0	1	0	0	0	0	0	0	0	0	0	0	0	0	1	0	0
PF01036	Bacteriorhodopsin-like protein	0	0	0	0	0	0	0	0	0	0	0	0	0	0	0	0	0	0	0	0	0	0	0	0	0	0	1	0	0	0	0	0	0	0	0	0	0	0	0	1	0	0
PF08139	Prokaryotic membrane lipoprotein lipid attachment site	0	0	0	0	0	0	0	0	0	0	0	0	0	0	0	0	0	0	0	0	0	0	0	0	0	0	1	0	0	0	0	1	0	0	0	0	0	0	0	1	0	0
PF07693	KAP family P-loop domain	0	0	0	0	0	0	0	0	0	0	0	0	0	0	0	0	0	0	0	0	0	0	0	0	0	0	0	1	0	0	0	0	0	0	0	0	0	1	0	0	0	0
PF13338	Transcriptional regulator, AbiEi antitoxin	0	0	0	0	0	0	0	0	0	0	0	0	0	0	0	0	0	0	0	0	0	0	0	0	0	0	0	1	0	0	0	0	0	0	0	0	0	1	0	0	0	0
PF08707	Primase C terminal 2 (PriCT-2)	0	0	0	0	0	0	0	0	0	0	0	0	0	0	0	0	0	0	0	0	0	0	0	0	0	0	0	1	0	0	0	1	0	0	0	0	0	1	0	0	0	0
PF20157	Glycosyltransferase Maf N-terminal domain	0	0	0	0	0	0	0	0	0	0	0	0	0	0	0	0	0	0	0	0	0	0	0	0	0	0	0	1	0	1	1	0	0	0	0	0	1	1	1	0	0	0
PF19199	Phage major coat protein, Gp8	0	0	0	0	0	0	0	0	0	0	0	0	0	0	0	0	0	0	0	0	0	0	0	0	0	0	0	1	0	0	0	0	0	0	0	0	0	1	0	0	0	0
PF20712	Cyanobacterial TRADD-N associated 2-Transmembrane domain	0	0	0	0	0	0	0	0	0	0	0	0	0	0	0	0	0	0	0	0	0	0	0	0	0	0	0	1	0	0	0	0	0	0	0	0	0	1	0	0	0	0
PF18660	Tsi6	0	0	0	0	0	0	0	0	0	0	0	0	0	0	0	0	0	0	0	0	0	0	0	0	0	0	0	2	0	0	0	0	0	0	0	0	0	2	0	0	0	0
PF20091	Alpha/beta hydrolase domain	0	0	0	0	0	0	0	0	0	0	0	0	0	0	0	0	0	0	0	0	0	0	0	0	0	0	0	1	0	0	0	0	0	0	0	0	0	1	0	0	0	0
PF02303	Helix-destabilising protein	0	0	0	0	0	0	0	0	0	0	0	0	0	0	0	0	0	0	0	0	0	0	0	0	0	0	0	1	0	0	0	0	0	0	0	0	0	1	0	0	0	0
PF18183	SMODS and SLOG-associating 2TM effector domain 2	0	0	0	0	0	0	0	0	0	0	0	0	0	0	0	0	0	0	0	0	0	0	0	0	0	0	0	1	0	0	0	0	0	0	0	0	0	1	0	0	0	0
PF21713	Cyclic GMP-AMP synthase, C-terminal domain	0	0	0	0	0	0	0	0	0	0	0	0	0	0	0	0	0	0	0	0	0	0	0	0	0	0	0	1	0	0	0	0	0	0	0	0	0	1	0	0	0	0
PF13635	Domain of unknown function (DUF4143)	0	0	0	0	0	0	0	0	0	0	0	0	0	0	0	0	0	0	0	0	0	0	0	0	0	0	0	1	0	0	0	0	0	0	0	0	0	1	0	0	0	0
PF13173	AAA domain	0	0	0	0	0	0	0	0	0	0	0	0	0	0	0	0	0	0	0	0	0	0	0	0	0	0	0	1	0	0	0	0	0	0	0	0	0	1	0	0	0	0
PF06892	Phage regulatory protein CII (CP76)	0	0	0	0	0	0	0	0	0	0	0	0	0	0	0	0	0	0	0	0	0	0	0	0	0	0	0	1	0	0	0	1	0	0	0	0	0	1	0	0	0	0
PF11747	Killing trait	0	0	0	0	0	0	0	0	0	0	0	0	0	0	0	0	0	0	0	0	0	0	0	0	0	0	0	1	0	0	0	0	0	0	0	0	0	1	0	0	0	0
PF19776	Family of unknown function (DUF6262)	0	0	0	0	0	0	0	0	0	0	0	0	0	0	0	0	0	0	0	0	0	0	0	0	0	0	0	1	0	0	0	1	0	0	0	0	0	1	0	0	0	0
PF19614	Family of unknown function (DUF6119)	0	0	0	0	0	0	0	0	0	0	0	0	0	0	0	0	0	0	0	0	0	0	0	0	0	0	0	1	1	0	0	0	0	0	0	1	0	1	0	0	0	0
PF19978	Tail virion protein G7P	0	0	0	0	0	0	0	0	0	0	0	0	0	0	0	0	0	0	0	0	0	0	0	0	0	0	0	1	0	0	0	0	0	0	0	0	0	1	0	0	0	0
PF09587	Bacterial capsule synthesis protein PGA_cap	0	0	0	0	0	0	0	0	0	0	0	0	0	0	0	0	0	0	0	0	0	0	0	0	0	0	0	1	0	0	0	0	0	0	0	0	0	1	0	0	0	0
PF01129	NAD:arginine ADP-ribosyltransferase	0	0	0	0	0	0	0	0	0	0	0	0	0	0	0	0	0	0	0	0	0	0	0	0	0	0	0	1	0	0	0	0	0	0	0	0	0	1	0	0	0	0
PF17537	Family of unknown function (DUF5455)	0	0	0	0	0	0	0	0	0	0	0	0	0	0	0	0	0	0	0	0	0	0	0	0	0	0	0	1	0	0	0	0	0	0	0	0	0	1	0	0	0	0
PF21553	Methionyl-tRNA formyltransferase, C-terminal domain	0	0	0	0	0	0	0	0	0	0	0	0	0	0	0	0	0	0	0	0	0	0	0	0	0	0	0	1	0	0	0	0	0	0	0	0	0	1	0	0	0	0
PF08269	Cache domain	0	0	0	0	0	0	0	0	0	0	0	0	0	0	0	0	0	0	0	0	0	0	0	0	0	0	0	1	0	0	0	0	0	0	0	0	0	1	0	0	0	0
PF17957	Bacterial Ig domain	0	0	0	0	0	0	0	0	0	0	0	0	0	0	0	0	0	0	0	0	0	0	0	0	0	0	0	0	1	0	0	0	0	0	0	1	0	0	0	0	0	0
PF11832	Protein of unknown function (DUF3352)	0	0	0	0	0	0	0	0	0	0	0	0	0	0	0	0	0	0	0	0	0	0	0	0	0	0	0	0	1	0	0	0	0	0	0	1	0	0	0	0	0	0
PF13515	Fusaric acid resistance protein-like	0	0	0	0	0	0	0	0	0	0	0	0	0	0	0	0	0	0	0	0	0	0	0	0	0	0	0	0	1	0	0	0	0	0	0	1	0	0	0	0	0	0
PF12805	FUSC-like inner membrane protein yccS	0	0	0	0	0	0	0	0	0	0	0	0	0	0	0	0	0	0	0	0	0	0	0	0	0	0	0	0	1	0	0	0	0	0	0	1	0	0	0	0	0	0
PF16409	Domain of unknown function (DUF5017)	0	0	0	0	0	0	0	0	0	0	0	0	0	0	0	0	0	0	0	0	0	0	0	0	0	0	0	0	1	0	0	0	0	0	0	1	0	0	0	0	0	0
PF01446	Replication protein	0	0	0	0	0	0	0	0	0	0	0	0	0	0	0	0	0	0	0	0	0	0	0	0	0	0	0	0	1	0	0	0	0	0	0	1	0	0	0	0	0	0
PF10091	Putative glucoamylase	0	0	0	0	0	0	0	0	0	0	0	0	0	0	0	0	0	0	0	0	0	0	0	0	0	0	0	0	2	0	0	0	0	0	0	2	0	0	0	0	0	0
PF14014	Protein of unknown function (DUF4230)	0	0	0	0	0	0	0	0	0	0	0	0	0	0	0	0	0	0	0	0	0	0	0	0	0	0	0	0	2	0	0	0	0	0	0	2	0	0	0	0	0	0
PF07949	YbbR-like protein	0	0	0	0	0	0	0	0	0	0	0	0	0	0	0	0	0	0	0	0	0	0	0	0	0	0	0	0	1	0	0	0	0	0	0	1	0	0	0	0	0	0
PF17070	30S ribosomal protein Thx	0	0	0	0	0	0	0	0	0	0	0	0	0	0	0	0	0	0	0	0	0	0	0	0	0	0	0	0	1	0	0	0	0	0	0	1	0	0	0	0	0	0
PF14592	Chondroitinase B	0	0	0	0	0	0	0	0	0	0	0	0	0	0	0	0	0	0	0	0	0	0	0	0	0	0	0	0	1	1	1	0	0	0	0	1	1	0	1	0	0	0
PF17956	Nicotinate phosphoribosyltransferase C-terminal domain	0	0	0	0	0	0	0	0	0	0	0	0	0	0	0	0	0	0	0	0	0	0	0	0	0	0	0	0	1	0	0	0	0	0	0	1	0	0	0	0	0	0
PF16120	Domain of unknown function (DUF4836)	0	0	0	0	0	0	0	0	0	0	0	0	0	0	0	0	0	0	0	0	0	0	0	0	0	0	0	0	1	0	0	0	0	0	0	1	0	0	0	0	0	0
PF05272	Virulence-associated protein E-like domain	0	0	0	0	0	0	0	0	0	0	0	0	0	0	0	0	0	0	0	0	0	0	0	0	0	0	0	0	1	0	0	0	0	0	0	1	0	0	0	0	0	0
PF14292	SusE outer membrane protein	0	0	0	0	0	0	0	0	0	0	0	0	0	0	0	0	0	0	0	0	0	0	0	0	0	0	0	0	1	0	0	0	0	0	0	1	0	0	0	0	0	0
PF06889	Protein of unknown function (DUF1266)	0	0	0	0	0	0	0	0	0	0	0	0	0	0	0	0	0	0	0	0	0	0	0	0	0	0	0	0	1	0	0	0	0	0	0	1	0	0	0	0	0	0
PF13194	Domain of unknown function (DUF4010)	0	0	0	0	0	0	0	0	0	0	0	0	0	0	0	0	0	0	0	0	0	0	0	0	0	0	0	0	1	0	0	0	0	0	0	1	0	0	0	0	0	0
PF10566	Glycoside hydrolase 97	0	0	0	0	0	0	0	0	0	0	0	0	0	0	0	0	0	0	0	0	0	0	0	0	0	0	0	0	1	0	0	0	0	0	0	1	0	0	0	0	0	0
PF14509	Glycosyl-hydrolase 97 C-terminal, oligomerisation	0	0	0	0	0	0	0	0	0	0	0	0	0	0	0	0	0	0	0	0	0	0	0	0	0	0	0	0	1	0	0	0	0	0	0	1	0	0	0	0	0	0
PF14508	Glycosyl-hydrolase 97 N-terminal	0	0	0	0	0	0	0	0	0	0	0	0	0	0	0	0	0	0	0	0	0	0	0	0	0	0	0	0	1	0	0	0	0	0	0	1	0	0	0	0	0	0
PF19617	Family of unknown function (DUF6122)	0	0	0	0	0	0	0	0	0	0	0	0	0	0	0	0	0	0	0	0	0	0	0	0	0	0	0	0	1	0	0	0	0	0	0	1	0	0	0	0	0	0
PF15515	MvaI/BcnI restriction endonuclease family	0	0	0	0	0	0	0	0	0	0	0	0	0	0	0	0	0	0	0	0	0	0	0	0	0	0	0	0	1	1	0	0	0	0	0	1	1	0	0	0	0	0
PF11236	Protein of unknown function (DUF3037)	0	0	0	0	0	0	0	0	0	0	0	0	0	0	0	0	0	0	0	0	0	0	0	0	0	0	0	0	1	0	0	0	0	0	0	1	0	0	0	0	0	0
PF18950	Family of unknown function (DUF5694)	0	0	0	0	0	0	0	0	0	0	0	0	0	0	0	0	0	0	0	0	0	0	0	0	0	0	0	0	1	0	0	0	0	0	0	1	0	0	0	0	0	0
PF03022	Major royal jelly protein	0	0	0	0	0	0	0	0	0	0	0	0	0	0	0	0	0	0	0	0	0	0	0	0	0	0	0	0	2	0	0	0	0	0	0	2	0	0	0	0	0	0
PF20347	Family of unknown function (DUF6642)	0	0	0	0	0	0	0	0	0	0	0	0	0	0	0	0	0	0	0	0	0	0	0	0	0	0	0	0	1	0	0	0	0	0	0	1	0	0	0	0	0	0
PF02893	GRAM domain	0	0	0	0	0	0	0	0	0	0	0	0	0	0	0	0	0	0	0	0	0	0	0	0	0	0	0	0	1	0	0	0	0	0	0	1	0	0	0	0	0	0
PF13026	Protein of unknown function (DUF3887)	0	0	0	0	0	0	0	0	0	0	0	0	0	0	0	0	0	0	0	0	0	0	0	0	0	0	0	0	1	0	0	0	0	0	0	1	0	0	0	0	0	0
PF02595	Glycerate kinase family	0	0	0	0	0	0	0	0	0	0	0	0	0	0	0	0	0	0	0	0	0	0	0	0	0	0	0	0	1	0	0	0	0	0	0	1	0	0	0	0	0	0
PF07642	Putative beta-barrel porin-2, OmpL-like. bbp2	0	0	0	0	0	0	0	0	0	0	0	0	0	0	0	0	0	0	0	0	0	0	0	0	0	0	0	0	1	0	0	0	0	0	0	1	0	0	0	0	0	0
PF17642	Hemolysin coregulated protein Hcp (TssD)	0	0	0	0	0	0	0	0	0	0	0	0	0	0	0	0	0	0	0	0	0	0	0	0	0	0	0	0	1	0	0	0	0	0	0	1	0	0	0	0	0	0
PF16138	Domain of unknown function (4846)	0	0	0	0	0	0	0	0	0	0	0	0	0	0	0	0	0	0	0	0	0	0	0	0	0	0	0	0	1	0	0	0	0	0	0	1	0	0	0	0	0	0
PF11617	Putative metal-binding motif	0	0	0	0	0	0	0	0	0	0	0	0	0	0	0	0	0	0	0	0	0	0	0	0	0	0	0	0	1	0	0	0	0	0	0	1	0	0	0	0	0	0
PF21781	Family of unknown function (DUF6876)	0	0	0	0	0	0	0	0	0	0	0	0	0	0	0	0	0	0	0	0	0	0	0	0	0	0	0	0	1	0	0	0	0	0	0	1	0	0	0	0	0	0
PF16117	Domain of unknown function (DUF4833)	0	0	0	0	0	0	0	0	0	0	0	0	0	0	0	0	0	0	0	0	0	0	0	0	0	0	0	0	1	0	0	0	0	0	0	1	0	0	0	0	0	0
PF14022	Protein of unknown function (DUF4238)	0	0	0	0	0	0	0	0	0	0	0	0	0	0	0	0	0	0	0	0	0	0	0	0	0	0	0	0	2	0	0	0	0	0	0	2	0	0	0	0	0	0
PF12099	Protein of unknown function (DUF3575)	0	0	0	0	0	0	0	0	0	0	0	0	0	0	0	0	0	0	0	0	0	0	0	0	0	0	0	0	1	0	0	0	0	0	0	1	0	0	0	0	0	0
PF03266	NTPase	0	0	0	0	0	0	0	0	0	0	0	0	0	0	0	0	0	0	0	0	0	0	0	0	0	0	0	0	1	0	0	0	0	0	0	1	0	0	0	0	0	0
PF00354	Pentaxin family	0	0	0	0	0	0	0	0	0	0	0	0	0	0	0	0	0	0	0	0	0	0	0	0	0	0	0	0	1	0	0	0	0	0	0	1	0	0	0	0	0	0
PF13349	Putative adhesin	0	0	0	0	0	0	0	0	0	0	0	0	0	0	0	0	0	0	0	0	0	0	0	0	0	0	0	0	1	0	1	0	0	0	0	1	0	0	1	0	0	0
PF14808	TMEM164 family	0	0	0	0	0	0	0	0	0	0	0	0	0	0	0	0	0	0	0	0	0	0	0	0	0	0	0	0	1	0	0	0	0	0	0	1	0	0	0	0	0	0
PF19781	Family of unknown function (DUF6266)	0	0	0	0	0	0	0	0	0	0	0	0	0	0	0	0	0	0	0	0	0	0	0	0	0	0	0	0	1	0	0	0	0	0	0	1	0	0	0	0	0	0
PF08929	PoNe immunity proteins (PoNi), C-terminal	0	0	0	0	0	0	0	0	0	0	0	0	0	0	0	0	0	0	0	0	0	0	0	0	0	0	0	0	1	0	0	0	0	0	0	1	0	0	0	0	0	0
PF08928	PoNe immunity protein (PoNi), N-terminal	0	0	0	0	0	0	0	0	0	0	0	0	0	0	0	0	0	0	0	0	0	0	0	0	0	0	0	0	1	0	0	0	0	0	0	1	0	0	0	0	0	0
PF12870	Domain of unknown function (DUF4878)	0	0	0	0	0	0	0	0	0	0	0	0	0	0	0	0	0	0	0	0	0	0	0	0	0	0	0	0	1	0	0	0	0	0	0	1	0	0	0	0	0	0
PF13569	Domain of unknown function (DUF4132)	0	0	0	0	0	0	0	0	0	0	0	0	0	0	0	0	0	0	0	0	0	0	0	0	0	0	0	0	1	0	0	0	0	0	0	1	0	0	0	0	0	0
PF18991	Family of unknown function (DUF5724)	0	0	0	0	0	0	0	0	0	0	0	0	0	0	0	0	0	0	0	0	0	0	0	0	0	0	0	0	1	0	0	0	0	0	0	1	0	0	0	0	0	0
PF14243	ATP-grasp domain, R2K clade family 3	0	0	0	0	0	0	0	0	0	0	0	0	0	0	0	0	0	0	0	0	0	0	0	0	0	0	0	0	1	0	0	0	0	0	0	1	0	0	0	0	0	0
PF20205	Family of unknown function (DUF6567)	0	0	0	0	0	0	0	0	0	0	0	0	0	0	0	0	0	0	0	0	0	0	0	0	0	0	0	0	1	0	0	0	0	0	0	1	0	0	0	0	0	0
PF05729	NACHT domain	0	0	0	0	0	0	0	0	0	0	0	0	0	0	0	0	0	0	0	0	0	0	0	0	0	0	0	0	1	0	0	0	0	0	0	1	0	0	0	0	0	0
PF16264	SatD family (SatD)	0	0	0	0	0	0	0	0	0	0	0	0	0	0	0	0	0	0	0	0	0	0	0	0	0	0	0	0	1	0	1	0	0	0	0	1	0	0	1	0	0	0
PF20391	Family of unknown function (DUF6686)	0	0	0	0	0	0	0	0	0	0	0	0	0	0	0	0	0	0	0	0	0	0	0	0	0	0	0	0	1	0	0	0	0	0	0	1	0	0	0	0	0	0
PF20125	Family of unknown function (DUF6515)	0	0	0	0	0	0	0	0	0	0	0	0	0	0	0	0	0	0	0	0	0	0	0	0	0	0	0	0	1	0	0	0	0	0	0	1	0	0	0	0	0	0
PF11322	Protein of unknown function (DUF3124)	0	0	0	0	0	0	0	0	0	0	0	0	0	0	0	0	0	0	0	0	0	0	0	0	0	0	0	0	1	0	0	0	0	0	0	1	0	0	0	0	0	0
PF17032	zinc-ribbon family	0	0	0	0	0	0	0	0	0	0	0	0	0	0	0	0	0	0	0	0	0	0	0	0	0	0	0	0	1	0	0	0	0	0	0	1	0	0	0	0	0	0
PF14371	Domain of unknown function (DUF4412)	0	0	0	0	0	0	0	0	0	0	0	0	0	0	0	0	0	0	0	0	0	0	0	0	0	0	0	0	1	0	0	0	0	0	0	1	0	0	0	0	0	0
PF04173	TQO small subunit DoxD	0	0	0	0	0	0	0	0	0	0	0	0	0	0	0	0	0	0	0	0	0	0	0	0	0	0	0	0	1	0	0	0	0	0	0	1	0	0	0	0	0	0
PF07680	TQO small subunit DoxA	0	0	0	0	0	0	0	0	0	0	0	0	0	0	0	0	0	0	0	0	0	0	0	0	0	0	0	0	1	0	0	0	0	0	0	1	0	0	0	0	0	0
PF07099	Protein of unknown function (DUF1361)	0	0	0	0	0	0	0	0	0	0	0	0	0	0	0	0	0	0	0	0	0	0	0	0	0	0	0	0	1	0	0	0	0	0	0	1	0	0	0	0	0	0
PF02018	Carbohydrate binding domain	0	0	0	0	0	0	0	0	0	0	0	0	0	0	0	0	0	0	0	0	0	0	0	0	0	0	0	0	1	0	0	0	0	0	0	1	0	0	0	0	0	0
PF12970	Domain of Unknown Function with PDB structure (DUF3858)	0	0	0	0	0	0	0	0	0	0	0	0	0	0	0	0	0	0	0	0	0	0	0	0	0	0	0	0	1	0	0	0	0	0	0	1	0	0	0	0	0	0
PF13405	EF-hand domain	0	0	0	0	0	0	0	0	0	0	0	0	0	0	0	0	0	0	0	0	0	0	0	0	0	0	0	0	1	0	0	0	0	0	0	1	0	0	0	0	0	0
PF07377	Protein of unknown function (DUF1493)	0	0	0	0	0	0	0	0	0	0	0	0	0	0	0	0	0	0	0	0	0	0	0	0	0	0	0	0	1	0	0	0	0	0	0	1	0	0	0	0	0	0
PF09087	Cyclomaltodextrinase, N-terminal	0	0	0	0	0	0	0	0	0	0	0	0	0	0	0	0	0	0	0	0	0	0	0	0	0	0	0	0	1	0	1	0	0	0	0	1	0	0	1	0	0	0
PF10438	Cyclo-malto-dextrinase C-terminal domain	0	0	0	0	0	0	0	0	0	0	0	0	0	0	0	0	0	0	0	0	0	0	0	0	0	0	0	0	1	0	1	0	0	0	0	1	0	0	1	0	0	0
PF20240	Domain of unknown function (DUF6597)	0	0	0	0	0	0	0	0	0	0	0	0	0	0	0	0	0	0	0	0	0	0	0	0	0	0	0	0	1	0	0	0	0	0	0	1	0	0	0	0	0	0
PF13367	PrsW family intramembrane metalloprotease	0	0	0	0	0	0	0	0	0	0	0	0	0	0	0	0	0	0	0	0	0	0	0	0	0	0	0	0	1	0	0	0	0	0	0	1	0	0	0	0	0	0
PF20606	Domain of unknown function (DUF6799)	0	0	0	0	0	0	0	0	0	0	0	0	0	0	0	0	0	0	0	0	0	0	0	0	0	0	0	0	1	0	0	0	0	0	0	1	0	0	0	0	0	0
PF20041	Domain of unknown function (DUF6443)	0	0	0	0	0	0	0	0	0	0	0	0	0	0	0	0	0	0	0	0	0	0	0	0	0	0	0	0	1	0	0	0	0	0	0	1	0	0	0	0	0	0
PF19665	Family of unknown function (DUF6168)	0	0	0	0	0	0	0	0	0	0	0	0	0	0	0	0	0	0	0	0	0	0	0	0	0	0	0	0	1	0	0	0	0	0	0	1	0	0	0	0	0	0
PF09346	SMI1 / KNR4 family (SUKH-1)	0	0	0	0	0	0	0	0	0	0	0	0	0	0	0	0	0	0	0	0	0	0	0	0	0	0	0	0	1	0	0	0	0	0	0	1	0	0	0	0	0	0
PF16889	Heparinase II/III N-terminus	0	0	0	0	0	0	0	0	0	0	0	0	0	0	0	0	0	0	0	0	0	0	0	0	0	0	0	0	1	0	0	0	0	0	0	1	0	0	0	0	0	0
PF10543	ORF6N domain	0	0	0	0	0	0	0	0	0	0	0	0	0	0	0	0	0	0	0	0	0	0	0	0	0	0	0	0	1	0	0	0	0	0	0	1	0	0	0	0	0	0
PF17803	Bacterial cadherin-like domain	0	0	0	0	0	0	0	0	0	0	0	0	0	0	0	0	0	0	0	0	0	0	0	0	0	0	0	0	1	0	0	1	0	0	0	1	0	0	0	0	0	0
PF20448	Family of unknown function (DUF6705)	0	0	0	0	0	0	0	0	0	0	0	0	0	0	0	0	0	0	0	0	0	0	0	0	0	0	0	0	1	0	0	0	0	0	0	1	0	0	0	0	0	0
PF07072	Cell division protein	0	0	0	0	0	0	0	0	0	0	0	0	0	0	0	0	0	0	0	0	0	0	0	0	0	0	0	0	0	1	1	0	0	0	0	0	1	0	1	0	0	0
PF09330	D-lactate dehydrogenase, membrane binding	0	0	0	0	0	0	0	0	0	0	0	0	0	0	0	0	0	0	0	0	0	0	0	0	0	0	0	0	0	1	2	0	0	0	0	0	1	0	2	0	0	0
PF11143	Protein of unknown function (DUF2919)	0	0	0	0	0	0	0	0	0	0	0	0	0	0	0	0	0	0	0	0	0	0	0	0	0	0	0	0	0	1	1	0	0	0	0	0	1	0	1	0	0	0
PF18024	Helix-turn-helix domain	0	0	0	0	0	0	0	0	0	0	0	0	0	0	0	0	0	0	0	0	0	0	0	0	0	0	0	0	0	1	1	0	0	0	0	0	1	0	1	0	0	0
PF18623	TnsE C-terminal domain	0	0	0	0	0	0	0	0	0	0	0	0	0	0	0	0	0	0	0	0	0	0	0	0	0	0	0	0	0	1	0	0	0	0	0	0	1	0	0	0	0	0
PF13415	Galactose oxidase, central domain	0	0	0	0	0	0	0	0	0	0	0	0	0	0	0	0	0	0	0	0	0	0	0	0	0	0	0	0	0	1	0	0	0	0	0	0	1	0	0	0	0	0
PF11582	Protein of unknown function (DUF3240)	0	0	0	0	0	0	0	0	0	0	0	0	0	0	0	0	0	0	0	0	0	0	0	0	0	0	0	0	0	1	1	0	0	0	0	0	1	0	0	0	0	0
PF07743	HSCB C-terminal oligomerisation domain	0	0	0	0	0	0	0	0	0	0	0	0	0	0	0	0	0	0	0	0	0	0	0	0	0	0	0	0	0	1	0	0	0	0	0	0	1	0	0	0	0	0
PF10980	Protein of unknown function (DUF2787)	0	0	0	0	0	0	0	0	0	0	0	0	0	0	0	0	0	0	0	0	0	0	0	0	0	0	0	0	0	2	0	0	0	0	0	0	2	0	0	0	0	0
PF12821	Threonine/Serine exporter, ThrE	0	0	0	0	0	0	0	0	0	0	0	0	0	0	0	0	0	0	0	0	0	0	0	0	0	0	0	0	0	1	1	0	0	0	0	0	1	0	1	0	0	0
PF06738	Putative threonine/serine exporter	0	0	0	0	0	0	0	0	0	0	0	0	0	0	0	0	0	0	0	0	0	0	0	0	0	0	0	0	0	1	1	0	0	0	0	0	1	0	1	0	0	0
PF11426	Tn7 transposition regulator TnsC	0	0	0	0	0	0	0	0	0	0	0	0	0	0	0	0	0	0	0	0	0	0	0	0	0	0	0	0	0	1	0	0	0	0	0	0	1	0	0	0	0	0
PF11849	Domain of unknown function (DUF3369)	0	0	0	0	0	0	0	0	0	0	0	0	0	0	0	0	0	0	0	0	0	0	0	0	0	0	0	0	0	1	3	0	0	0	0	0	1	0	3	0	0	0
PF19588	Saxitoxin biosynthesis operon protein SxtJ	0	0	0	0	0	0	0	0	0	0	0	0	0	0	0	0	0	0	0	0	0	0	0	0	0	0	0	0	0	1	0	0	0	0	0	0	1	0	0	0	0	0
PF12576	Protein of unknown function (DUF3754)	0	0	0	0	0	0	0	0	0	0	0	0	0	0	0	0	0	0	0	0	0	0	0	0	0	0	0	0	0	1	1	0	0	0	0	0	1	0	0	0	0	0
PF09938	Uncharacterized protein conserved in bacteria (DUF2170)	0	0	0	0	0	0	0	0	0	0	0	0	0	0	0	0	0	0	0	0	0	0	0	0	0	0	0	0	0	1	1	0	0	0	0	0	1	0	1	0	0	0
PF19667	Family of unknown function (DUF6170)	0	0	0	0	0	0	0	0	0	0	0	0	0	0	0	0	0	0	0	0	0	0	0	0	0	0	0	0	0	1	1	0	0	0	0	0	1	0	1	0	0	0
PF19808	Family of unknown function (DUF6291)	0	0	0	0	0	0	0	0	0	0	0	0	0	0	0	0	0	0	0	0	0	0	0	0	0	0	0	0	0	1	0	0	0	0	0	0	1	0	0	0	0	0
PF12256	Insecticide toxin TcdB middle/N-terminal region	0	0	0	0	0	0	0	0	0	0	0	0	0	0	0	0	0	0	0	0	0	0	0	0	0	0	0	0	0	1	0	0	0	0	0	0	1	0	0	0	0	0
PF10144	Bacterial virulence factor haemolysin	0	0	0	0	0	0	0	0	0	0	0	0	0	0	0	0	0	0	0	0	0	0	0	0	0	0	0	0	0	1	0	0	0	0	0	0	1	0	0	0	0	0
PF09922	Cell wall-active antibiotics response LiaF, C-terminal	0	0	0	0	0	0	0	0	0	0	0	0	0	0	0	0	0	0	0	0	0	0	0	0	0	0	0	0	0	1	0	0	0	0	0	0	1	0	0	0	0	0
PF09344	CT1975-like protein	0	0	0	0	0	0	0	0	0	0	0	0	0	0	0	0	0	0	0	0	0	0	0	0	0	0	0	0	0	1	0	0	0	0	0	0	1	0	0	0	0	0
PF07514	Putative helicase	0	0	0	0	0	0	0	0	0	0	0	0	0	0	0	0	0	0	0	0	0	0	0	0	0	0	0	0	0	1	0	0	0	0	0	0	1	0	0	0	0	0
PF11193	Protein of unknown function (DUF2812)	0	0	0	0	0	0	0	0	0	0	0	0	0	0	0	0	0	0	0	0	0	0	0	0	0	0	0	0	0	1	0	0	0	0	0	0	1	0	0	0	0	0
PF04970	Lecithin retinol acyltransferase	0	0	0	0	0	0	0	0	0	0	0	0	0	0	0	0	0	0	0	0	0	0	0	0	0	0	0	0	0	1	0	1	0	0	0	0	1	0	0	0	0	0
PF05901	Excalibur calcium-binding domain	0	0	0	0	0	0	0	0	0	0	0	0	0	0	0	0	0	0	0	0	0	0	0	0	0	0	0	0	0	1	0	0	0	0	0	0	1	0	0	0	0	0
PF06530	Phage antitermination protein Q	0	0	0	0	0	0	0	0	0	0	0	0	0	0	0	0	0	0	0	0	0	0	0	0	0	0	0	0	0	1	0	0	0	0	0	0	1	0	0	0	0	0
PF19851	Family of unknown function (DUF6326)	0	0	0	0	0	0	0	0	0	0	0	0	0	0	0	0	0	0	0	0	0	0	0	0	0	0	0	0	0	1	0	0	0	0	0	0	1	0	0	0	0	0
PF11205	Protein of unknown function (DUF2987)	0	0	0	0	0	0	0	0	0	0	0	0	0	0	0	0	0	0	0	0	0	0	0	0	0	0	0	0	0	1	1	0	0	0	0	0	1	0	1	0	0	0
PF19501	PcRGLX-like N-terminal RIFT barrel domain	0	0	0	0	0	0	0	0	0	0	0	0	0	0	0	0	0	0	0	0	0	0	0	0	0	0	0	0	0	1	0	0	0	0	0	0	1	0	0	0	0	0
PF09707	CRISPR-associated protein (Cas_Cas2CT1978)	0	0	0	0	0	0	0	0	0	0	0	0	0	0	0	0	0	0	0	0	0	0	0	0	0	0	0	0	0	1	0	0	0	0	0	0	1	0	0	0	0	0
PF09127	Leukotriene A4 hydrolase, C-terminal	0	0	0	0	0	0	0	0	0	0	0	0	0	0	0	0	0	0	0	0	0	0	0	0	0	0	0	0	0	1	1	0	0	0	0	0	1	0	1	0	0	0
PF03988	Repeat of Unknown Function (DUF347)	0	0	0	0	0	0	0	0	0	0	0	0	0	0	0	0	0	0	0	0	0	0	0	0	0	0	0	0	0	1	0	0	0	0	0	0	1	0	0	0	0	0
PF20969	MASE11	0	0	0	0	0	0	0	0	0	0	0	0	0	0	0	0	0	0	0	0	0	0	0	0	0	0	0	0	0	1	0	0	0	0	0	0	1	0	0	0	0	0
PF04220	Der GTPase activator (YihI)	0	0	0	0	0	0	0	0	0	0	0	0	0	0	0	0	0	0	0	0	0	0	0	0	0	0	0	0	0	1	1	0	0	0	0	0	1	0	1	0	0	0
PF11949	Protein of unknown function (DUF3466)	0	0	0	0	0	0	0	0	0	0	0	0	0	0	0	0	0	0	0	0	0	0	0	0	0	0	0	0	0	1	1	0	0	0	0	0	1	0	1	0	0	0
PF03374	Phage antirepressor protein KilAC domain	0	0	0	0	0	0	0	0	0	0	0	0	0	0	0	0	0	0	0	0	0	0	0	0	0	0	0	0	0	1	0	0	0	0	0	0	1	0	0	0	0	0
PF03961	Flagellar Assembly Protein A beta solenoid domain	0	0	0	0	0	0	0	0	0	0	0	0	0	0	0	0	0	0	0	0	0	0	0	0	0	0	0	0	0	1	1	0	0	0	0	0	1	0	1	0	0	0
PF20250	Flagellar Assembly Protein A N-terminal region	0	0	0	0	0	0	0	0	0	0	0	0	0	0	0	0	0	0	0	0	0	0	0	0	0	0	0	0	0	1	1	0	0	0	0	0	1	0	1	0	0	0
PF09481	CRISPR-associated protein Cse1 (CRISPR_cse1)	0	0	0	0	0	0	0	0	0	0	0	0	0	0	0	0	0	0	0	0	0	0	0	0	0	0	0	0	0	1	0	0	0	0	0	0	1	0	0	0	0	0
PF12268	Protein of unknown function (DUF3612)	0	0	0	0	0	0	0	0	0	0	0	0	0	0	0	0	0	0	0	0	0	0	0	0	0	0	0	0	0	1	0	0	0	0	0	0	1	0	0	0	0	0
PF18415	Histidine kinase receptor ArcB trans-membrane domain	0	0	0	0	0	0	0	0	0	0	0	0	0	0	0	0	0	0	0	0	0	0	0	0	0	0	0	0	0	1	1	0	0	0	0	0	1	0	1	0	0	0
PF08798	CRISPR associated protein	0	0	0	0	0	0	0	0	0	0	0	0	0	0	0	0	0	0	0	0	0	0	0	0	0	0	0	0	0	1	0	0	0	0	0	0	1	0	0	0	0	0
PF18019	Cas3, HD domain	0	0	0	0	0	0	0	0	0	0	0	0	0	0	0	0	0	0	0	0	0	0	0	0	0	0	0	0	0	1	0	0	0	0	0	0	1	0	0	0	0	0
PF09704	CRISPR-associated protein (Cas_Cas5)	0	0	0	0	0	0	0	0	0	0	0	0	0	0	0	0	0	0	0	0	0	0	0	0	0	0	0	0	0	1	0	0	0	0	0	0	1	0	0	0	0	0
PF04217	Protein of unknown function, DUF412	0	0	0	0	0	0	0	0	0	0	0	0	0	0	0	0	0	0	0	0	0	0	0	0	0	0	0	0	0	1	1	0	0	0	0	0	1	0	1	0	0	0
PF01355	High potential iron-sulfur protein	0	0	0	0	0	0	0	0	0	0	0	0	0	0	0	0	0	0	0	0	0	0	0	0	0	0	0	0	0	1	1	0	0	0	0	0	1	0	1	0	0	0
PF19451	Family of unknown function (DUF5989)	0	0	0	0	0	0	0	0	0	0	0	0	0	0	0	0	0	0	0	0	0	0	0	0	0	0	0	0	0	1	0	0	0	0	0	0	1	0	0	0	0	0
PF01931	Protein of unknown function DUF84	0	0	0	0	0	0	0	0	0	0	0	0	0	0	0	0	0	0	0	0	0	0	0	0	0	0	0	0	0	1	1	0	0	0	0	0	1	0	1	0	0	0
PF02460	Patched family	0	0	0	0	0	0	0	0	0	0	0	0	0	0	0	0	0	0	0	0	0	0	0	0	0	0	0	0	0	1	0	0	0	0	0	0	1	0	0	0	0	0
PF21631	A9CJY8-like, N-terminal domain	0	0	0	0	0	0	0	0	0	0	0	0	0	0	0	0	0	0	0	0	0	0	0	0	0	0	0	0	0	1	0	0	0	0	0	0	1	0	0	0	0	0
PF18185	Sir2- and TIR-associating SLOG family	0	0	0	0	0	0	0	0	0	0	0	0	0	0	0	0	0	0	0	0	0	0	0	0	0	0	0	0	0	1	0	0	0	0	0	0	1	0	0	0	0	0
PF14137	Domain of unknown function (DUF4304)	0	0	0	0	0	0	0	0	0	0	0	0	0	0	0	0	0	0	0	0	0	0	0	0	0	0	0	0	0	1	0	0	0	0	0	0	1	0	0	0	0	0
PF14907	Uncharacterised nucleotidyltransferase	0	0	0	0	0	0	0	0	0	0	0	0	0	0	0	0	0	0	0	0	0	0	0	0	0	0	0	0	0	1	1	0	0	0	0	0	1	0	1	0	0	0
PF01633	Choline/ethanolamine kinase	0	0	0	0	0	0	0	0	0	0	0	0	0	0	0	0	0	0	0	0	0	0	0	0	0	0	0	0	0	1	0	0	0	0	0	0	1	0	0	0	0	0
PF04961	Formiminotransferase-cyclodeaminase	0	0	0	0	0	0	0	0	0	0	0	0	0	0	0	0	0	0	0	0	0	0	0	0	0	0	0	0	0	1	0	0	0	0	0	0	1	0	0	0	0	0
PF21474	DNA polymerase II, N-terminal	0	0	0	0	0	0	0	0	0	0	0	0	0	0	0	0	0	0	0	0	0	0	0	0	0	0	0	0	0	1	0	0	0	0	0	0	1	0	0	0	0	0
PF07615	YKOF-related Family	0	0	0	0	0	0	0	0	0	0	0	0	0	0	0	0	0	0	0	0	0	0	0	0	0	0	0	0	0	1	0	0	0	0	0	0	1	0	0	0	0	0
PF16263	Domain of unknown function (DUF4917)	0	0	0	0	0	0	0	0	0	0	0	0	0	0	0	0	0	0	0	0	0	0	0	0	0	0	0	0	0	0	1	0	0	0	0	0	0	0	0	0	0	0
PF04509	CheC-like family	0	0	0	0	0	0	0	0	0	0	0	0	0	0	0	0	0	0	0	0	0	0	0	0	0	0	0	0	0	0	2	0	0	0	0	0	0	0	2	0	0	0
PF14373	Superinfection immunity protein	0	0	0	0	0	0	0	0	0	0	0	0	0	0	0	0	0	0	0	0	0	0	0	0	0	0	0	0	0	0	2	0	0	0	0	0	0	0	1	0	0	0
PF06251	Capsule biosynthesis GfcC C-terminal	0	0	0	0	0	0	0	0	0	0	0	0	0	0	0	0	0	0	0	0	0	0	0	0	0	0	0	0	0	0	1	0	0	0	0	0	0	0	1	0	0	0
PF08461	Ribonuclease R winged-helix domain	0	0	0	0	0	0	0	0	0	0	0	0	0	0	0	0	0	0	0	0	0	0	0	0	0	0	0	0	0	0	1	0	0	0	0	0	0	0	1	0	0	0
PF12792	CSS motif domain associated with EAL	0	0	0	0	0	0	0	0	0	0	0	0	0	0	0	0	0	0	0	0	0	0	0	0	0	0	0	0	0	0	1	0	0	0	0	0	0	0	1	0	0	0
PF19480	Domain of unknown function (DUF6016)	0	0	0	0	0	0	0	0	0	0	0	0	0	0	0	0	0	0	0	0	0	0	0	0	0	0	0	0	0	0	1	0	0	0	0	0	0	0	1	0	0	0
PF14019	Protein of unknown function (DUF4235)	0	0	0	0	0	0	0	0	0	0	0	0	0	0	0	0	0	0	0	0	0	0	0	0	0	0	0	0	0	0	1	0	0	0	0	0	0	0	1	0	0	0
PF12122	Cytoplasmic N-terminal domain of rhomboid serine protease	0	0	0	0	0	0	0	0	0	0	0	0	0	0	0	0	0	0	0	0	0	0	0	0	0	0	0	0	0	0	1	0	0	0	0	0	0	0	1	0	0	0
PF13707	RloB-like protein	0	0	0	0	0	0	0	0	0	0	0	0	0	0	0	0	0	0	0	0	0	0	0	0	0	0	0	0	0	0	1	0	0	0	0	0	0	0	1	0	0	0
PF02834	LigT like Phosphoesterase	0	0	0	0	0	0	0	0	0	0	0	0	0	0	0	0	0	0	0	0	0	0	0	0	0	0	0	0	0	0	1	0	0	0	0	0	0	0	1	0	0	0
PF11207	Protein of unknown function (DUF2989)	0	0	0	0	0	0	0	0	0	0	0	0	0	0	0	0	0	0	0	0	0	0	0	0	0	0	0	0	0	0	1	0	0	0	0	0	0	0	1	0	0	0
PF09791	Oxidoreductase-like protein, N-terminal	0	0	0	0	0	0	0	0	0	0	0	0	0	0	0	0	0	0	0	0	0	0	0	0	0	0	0	0	0	0	1	0	0	0	0	0	0	0	1	0	0	0
PF14285	Domain of unknown function (DUF4367)	0	0	0	0	0	0	0	0	0	0	0	0	0	0	0	0	0	0	0	0	0	0	0	0	0	0	0	0	0	0	1	0	0	0	0	0	0	0	1	0	0	0
PF13711	Domain of unknown function (DUF4160)	0	0	0	0	0	0	0	0	0	0	0	0	0	0	0	0	0	0	0	0	0	0	0	0	0	0	0	0	0	0	2	0	0	0	0	0	0	0	1	0	0	0
PF05472	DNA replication terminus site-binding protein (Ter protein)	0	0	0	0	0	0	0	0	0	0	0	0	0	0	0	0	0	0	0	0	0	0	0	0	0	0	0	0	0	0	1	0	0	0	0	0	0	0	1	0	0	0
PF19191	HEF_HK domain	0	0	0	0	0	0	0	0	0	0	0	0	0	0	0	0	0	0	0	0	0	0	0	0	0	0	0	0	0	0	1	0	0	0	0	0	0	0	1	0	0	0
PF11225	Protein of unknown function (DUF3024)	0	0	0	0	0	0	0	0	0	0	0	0	0	0	0	0	0	0	0	0	0	0	0	0	0	0	0	0	0	0	1	0	0	0	0	0	0	0	0	0	0	0
PF19502	Nucleotidyltransferase of unknown function (DUF6036)	0	0	0	0	0	0	0	0	0	0	0	0	0	0	0	0	0	0	0	0	0	0	0	0	0	0	0	0	0	0	1	0	0	0	0	0	0	0	1	0	0	0
PF10987	Protein of unknown function (DUF2806)	0	0	0	0	0	0	0	0	0	0	0	0	0	0	0	0	0	0	0	0	0	0	0	0	0	0	0	0	0	0	1	0	0	0	0	0	0	0	1	0	0	0
PF20935	Family of unknown function (DUF6847)	0	0	0	0	0	0	0	0	0	0	0	0	0	0	0	0	0	0	0	0	0	0	0	0	0	0	0	0	0	0	1	0	0	0	0	0	0	0	0	0	0	0
PF19192	Response receiver domain	0	0	0	0	0	0	0	0	0	0	0	0	0	0	0	0	0	0	0	0	0	0	0	0	0	0	0	0	0	0	1	0	0	0	0	0	0	0	1	0	0	0
PF07452	CHRD domain	0	0	0	0	0	0	0	0	0	0	0	0	0	0	0	0	0	0	0	0	0	0	0	0	0	0	0	0	0	0	1	0	0	0	0	0	0	0	1	0	0	0
PF12945	Flagellar protein YcgR	0	0	0	0	0	0	0	0	0	0	0	0	0	0	0	0	0	0	0	0	0	0	0	0	0	0	0	0	0	0	1	0	0	0	0	0	0	0	1	0	0	0
PF10387	Protein of unknown function (DUF2442)	0	0	0	0	0	0	0	0	0	0	0	0	0	0	0	0	0	0	0	0	0	0	0	0	0	0	0	0	0	0	2	0	0	0	0	0	0	0	2	0	0	0
PF20605	Antitoxin-like ribbon-helix-helix	0	0	0	0	0	0	0	0	0	0	0	0	0	0	0	0	0	0	0	0	0	0	0	0	0	0	0	0	0	0	1	0	0	0	0	0	0	0	2	0	0	0
PF09916	Uncharacterized protein conserved in bacteria (DUF2145)	0	0	0	0	0	0	0	0	0	0	0	0	0	0	0	0	0	0	0	0	0	0	0	0	0	0	0	0	0	0	1	0	0	0	0	0	0	0	1	0	0	0
PF19358	Family of unknown function (DUF5935)	0	0	0	0	0	0	0	0	0	0	0	0	0	0	0	0	0	0	0	0	0	0	0	0	0	0	0	0	0	0	1	0	0	0	0	0	0	0	1	0	0	0
PF12320	Type 5 capsule protein repressor C-terminal domain	0	0	0	0	0	0	0	0	0	0	0	0	0	0	0	0	0	0	0	0	0	0	0	0	0	0	0	0	0	0	1	0	0	0	0	0	0	0	1	0	0	0
PF06042	Nucleotidyltransferase	0	0	0	0	0	0	0	0	0	0	0	0	0	0	0	0	0	0	0	0	0	0	0	0	0	0	0	0	0	0	1	0	0	0	0	0	0	0	1	0	0	0
PF08895	Domain of unknown function (DUF1840)	0	0	0	0	0	0	0	0	0	0	0	0	0	0	0	0	0	0	0	0	0	0	0	0	0	0	0	0	0	0	1	0	0	0	0	0	0	0	1	0	0	0
PF17206	SeqA protein N-terminal domain	0	0	0	0	0	0	0	0	0	0	0	0	0	0	0	0	0	0	0	0	0	0	0	0	0	0	0	0	0	0	1	0	0	0	0	0	0	0	1	0	0	0
PF03925	SeqA protein C-terminal domain	0	0	0	0	0	0	0	0	0	0	0	0	0	0	0	0	0	0	0	0	0	0	0	0	0	0	0	0	0	0	1	0	0	0	0	0	0	0	1	0	0	0
PF00358	phosphoenolpyruvate-dependent sugar phosphotransferase system, EIIA 1	0	0	0	0	0	0	0	0	0	0	0	0	0	0	0	0	0	0	0	0	0	0	0	0	0	0	0	0	0	0	1	0	0	0	0	0	0	0	1	0	0	0
PF11993	VC2046 family	0	0	0	0	0	0	0	0	0	0	0	0	0	0	0	0	0	0	0	0	0	0	0	0	0	0	0	0	0	0	1	0	0	0	0	0	0	0	1	0	0	0
PF15781	ParE-like toxin of type II bacterial toxin-antitoxin system	0	0	0	0	0	0	0	0	0	0	0	0	0	0	0	0	0	0	0	0	0	0	0	0	0	0	0	0	0	0	1	0	0	0	0	0	0	0	1	0	0	0
PF07254	Membrane-bound toxin component of toxin-antitoxin system	0	0	0	0	0	0	0	0	0	0	0	0	0	0	0	0	0	0	0	0	0	0	0	0	0	0	0	0	0	0	1	0	0	0	0	0	0	0	1	0	0	0
PF21226	MalQ N-terminal beta sandwich domain	0	0	0	0	0	0	0	0	0	0	0	0	0	0	0	0	0	0	0	0	0	0	0	0	0	0	0	0	0	0	1	0	0	0	0	0	0	0	1	0	0	0
PF00782	Dual specificity phosphatase, catalytic domain	0	0	0	0	0	0	0	0	0	0	0	0	0	0	0	0	0	0	0	0	0	0	0	0	0	0	0	0	0	0	1	0	0	0	0	0	0	0	0	0	0	0
PF06905	Fas apoptotic inhibitory molecule (FAIM1)	0	0	0	0	0	0	0	0	0	0	0	0	0	0	0	0	0	0	0	0	0	0	0	0	0	0	0	0	0	0	1	0	0	0	0	0	0	0	1	0	0	0
PF10009	Uncharacterized protein conserved in bacteria (DUF2252)	0	0	0	0	0	0	0	0	0	0	0	0	0	0	0	0	0	0	0	0	0	0	0	0	0	0	0	0	0	0	1	0	0	0	0	0	0	0	1	0	0	0
PF14067	LssY C-terminus	0	0	0	0	0	0	0	0	0	0	0	0	0	0	0	0	0	0	0	0	0	0	0	0	0	0	0	0	0	0	0	1	0	0	0	0	0	0	0	0	0	0
PF15931	Domain of unknown function (DUF4747)	0	0	0	0	0	0	0	0	0	0	0	0	0	0	0	0	0	0	0	0	0	0	0	0	0	0	0	0	0	0	0	1	0	0	0	0	0	0	0	0	0	0
PF16162	Kiwa protein KwaB-like	0	0	0	0	0	0	0	0	0	0	0	0	0	0	0	0	0	0	0	0	0	0	0	0	0	0	0	0	0	0	0	1	0	0	0	0	0	0	0	0	0	0
PF14581	SseB protein C-terminal domain	0	0	0	0	0	0	0	0	0	0	0	0	0	0	0	0	0	0	0	0	0	0	0	0	0	0	0	0	0	0	0	1	0	0	0	0	0	0	0	0	0	0
PF11557	Solitary outer membrane autotransporter beta-barrel domain	0	0	0	0	0	0	0	0	0	0	0	0	0	0	0	0	0	0	0	0	0	0	0	0	0	0	0	0	0	0	0	1	0	0	0	0	0	0	0	0	0	0
PF12365	Protein of unknown function (DUF3649)	0	0	0	0	0	0	0	0	0	0	0	0	0	0	0	0	0	0	0	0	0	0	0	0	0	0	0	0	0	0	0	1	0	0	0	0	0	0	0	0	0	0
PF19116	Domain of unknown function (DUF5801)	0	0	0	0	0	0	0	0	0	0	0	0	0	0	0	0	0	0	0	0	0	0	0	0	0	0	0	0	0	0	0	1	0	0	0	0	0	0	0	0	0	0
PF20579	LapA domain	0	0	0	0	0	0	0	0	0	0	0	0	0	0	0	0	0	0	0	0	0	0	0	0	0	0	0	0	0	0	0	2	0	0	0	0	0	0	0	0	0	0
PF10734	Protein of unknown function (DUF2523)	0	0	0	0	0	0	0	0	0	0	0	0	0	0	0	0	0	0	0	0	0	0	0	0	0	0	0	0	0	0	0	1	0	0	0	0	0	0	0	0	0	0
PF13698	Domain of unknown function (DUF4156)	0	0	0	0	0	0	0	0	0	0	0	0	0	0	0	0	0	0	0	0	0	0	0	0	0	0	0	0	0	0	0	1	0	0	0	0	0	0	0	0	0	0
PF21448	Deoxynucleotide monophosphate kinase	0	0	0	0	0	0	0	0	0	0	0	0	0	0	0	0	0	0	0	0	0	0	0	0	0	0	0	0	0	0	0	1	0	0	0	0	0	0	0	0	0	0
PF08878	HamA	0	0	0	0	0	0	0	0	0	0	0	0	0	0	0	0	0	0	0	0	0	0	0	0	0	0	0	0	0	0	0	1	0	0	0	0	0	0	0	0	0	0
PF13099	Domain of unknown function (DUF3944)	0	0	0	0	0	0	0	0	0	0	0	0	0	0	0	0	0	0	0	0	0	0	0	0	0	0	0	0	0	0	0	1	0	0	0	0	0	0	0	0	0	0
PF11742	Protein of unknown function (DUF3302)	0	0	0	0	0	0	0	0	0	0	0	0	0	0	0	0	0	0	0	0	0	0	0	0	0	0	0	0	0	0	0	1	0	0	0	0	0	0	0	0	0	0
PF10615	Domain of unknown function (DUF2470)	0	0	0	0	0	0	0	0	0	0	0	0	0	0	0	0	0	0	0	0	0	0	0	0	0	0	0	0	0	0	0	1	0	0	0	0	0	0	0	0	0	0
PF08273	Zinc-binding domain of primase-helicase	0	0	0	0	0	0	0	0	0	0	0	0	0	0	0	0	0	0	0	0	0	0	0	0	0	0	0	0	0	0	0	0	0	1	1	0	0	0	0	0	0	0
PF07927	HicA toxin of bacterial toxin-antitoxin,	0	0	0	0	0	0	0	0	0	0	0	0	0	0	0	0	0	0	0	0	0	0	0	0	0	0	0	0	0	0	0	0	0	1	1	0	0	0	0	0	0	0
PF15919	HicB_like antitoxin of bacterial toxin-antitoxin system	0	0	0	0	0	0	0	0	0	0	0	0	0	0	0	0	0	0	0	0	0	0	0	0	0	0	0	0	0	0	0	0	0	1	1	0	0	0	0	0	0	0
PF16461	Lambda phage tail tube protein, TTP	0	0	0	0	0	0	0	0	0	0	0	0	0	0	0	0	0	0	0	0	0	0	0	0	0	0	0	0	0	0	0	0	0	1	1	0	0	0	0	0	0	0
PF20132	Family of unknown function (DUF6522)	0	0	0	0	0	0	0	0	0	0	0	0	0	0	0	0	0	0	0	0	0	0	0	0	0	0	0	0	0	0	0	0	0	1	1	0	0	0	0	0	0	0
PF19856	Family of unknown function (DUF6331)	0	0	0	0	0	0	0	0	0	0	0	0	0	0	0	0	0	0	0	0	0	0	0	0	0	0	0	0	0	0	0	0	0	0	1	0	0	0	0	0	0	0
PF06054	Competence protein CoiA-like family	0	0	0	0	0	0	0	0	0	0	0	0	0	0	0	0	0	0	0	0	0	0	0	0	0	0	0	0	0	0	0	0	0	0	0	0	0	0	1	0	0	0
PF11840	Protein of unknown function (DUF3360)	0	0	0	0	0	0	0	0	0	0	0	0	0	0	0	0	0	0	0	0	0	0	0	0	0	0	0	0	0	0	0	0	0	0	0	0	0	0	1	0	0	0
PF13250	Domain of unknown function (DUF4041)	0	0	0	0	0	0	0	0	0	0	0	0	0	0	0	0	0	0	0	0	0	0	0	0	0	0	0	0	0	0	0	0	0	0	0	0	0	0	1	0	0	0
PF13455	Meiotically up-regulated gene 113	0	0	0	0	0	0	0	0	0	0	0	0	0	0	0	0	0	0	0	0	0	0	0	0	0	0	0	0	0	0	0	0	0	0	0	0	0	0	1	0	0	0
PF13115	YtkA-like	0	0	0	0	0	0	0	0	0	0	0	0	0	0	0	0	0	0	0	0	0	0	0	0	0	0	0	0	0	0	0	0	0	0	0	0	0	0	0	0	1	0
